"regime","series","unit","filter_ekf","bias_ekf","rmse_ekf","mae_ekf","average_sd_ekf","coverage_68_ekf","coverage_95_ekf","binding_fraction_ekf","loglik_per_month_ekf","runtime_seconds_ekf","iteration_fraction_ekf","bias_mc_sd_ekf","rmse_mc_sd_ekf","mae_mc_sd_ekf","average_sd_mc_sd_ekf","coverage_68_mc_sd_ekf","coverage_95_mc_sd_ekf","binding_fraction_mc_sd_ekf","loglik_per_month_mc_sd_ekf","runtime_seconds_mc_sd_ekf","iteration_fraction_mc_sd_ekf","filter_iekf","bias_iekf","rmse_iekf","mae_iekf","average_sd_iekf","coverage_68_iekf","coverage_95_iekf","binding_fraction_iekf","loglik_per_month_iekf","runtime_seconds_iekf","iteration_fraction_iekf","bias_mc_sd_iekf","rmse_mc_sd_iekf","mae_mc_sd_iekf","average_sd_mc_sd_iekf","coverage_68_mc_sd_iekf","coverage_95_mc_sd_iekf","binding_fraction_mc_sd_iekf","loglik_per_month_mc_sd_iekf","runtime_seconds_mc_sd_iekf","iteration_fraction_mc_sd_iekf","rmse_ratio_iekf_to_ekf","coverage_95_difference"
"all","m","percentage points","EKF",0.0487008843523016,0.232959982219015,0.140103226167251,0.147310700692815,0.649021582733813,0.919474820143885,0.129093525179856,81.9751594963758,0.0711199999999997,0,0.0767986090554147,0.205614076425061,0.116186811006348,0.116588790551387,0.0348683122161336,0.0318667294493841,0.173159337826291,0.591278887833595,0.0059710861111464,0,"IEKF",0.0296569726956972,0.201532549001943,0.126090552152186,0.14941196097391,0.672093525179856,0.943525179856115,0.129093525179856,81.9740626982289,0.129875000000001,1,0.0789813596655092,0.20815037955756,0.111543548105096,0.116940945769825,0.0218756962605984,0.013125391520662,0.173159337826291,0.597769031711619,0.00879123449920956,0,0.865095142445855,0.0240503597122301
"all","pi_gap","percentage points","EKF",-0.00174160835864956,0.97562159120996,0.777649244798282,0.969121553572145,0.677359712230216,0.948834532374101,0.129093525179856,81.9751594963758,0.0711199999999997,0,0.0756352195719537,0.0389617997543753,0.0315395761058295,0.00748641988483071,0.0215124737587827,0.010528611251705,0.173159337826291,0.591278887833595,0.0059710861111464,0,"IEKF",-0.00377520661225221,0.974310203061151,0.776682379224806,0.9692664970532,0.678143884892086,0.949208633093525,0.129093525179856,81.9740626982289,0.129875000000001,1,0.0754696843947311,0.0386962326272701,0.0311792240400828,0.0075878727495151,0.0215566355831028,0.0107344582382931,0.173159337826291,0.597769031711619,0.00879123449920956,0,0.998655843453421,0.000374100719424453
"all","pi_star","percentage points","EKF",-0.00015121952971685,0.18726034202076,0.122194915734217,0.152844086999025,0.677223021582734,0.949388489208633,0.129093525179856,81.9751594963758,0.0711199999999997,0,0.0205291395259475,0.0267862464957819,0.00891559559057014,0.00292562097271006,0.0237384808030751,0.00996283092583121,0.173159337826291,0.591278887833595,0.0059710861111464,0,"IEKF",-0.000302279801997609,0.186499931002546,0.121802470500255,0.152904339164576,0.679640287769784,0.950834532374101,0.129093525179856,81.9740626982289,0.129875000000001,1,0.0204512050445042,0.0257726952944671,0.00881598017738635,0.00296108023008245,0.024170023492525,0.009861730259912,0.173159337826291,0.597769031711619,0.00879123449920956,0,0.99593928426057,0.0014460431654677
"all","r_star","percentage points","EKF",0.00828791725092669,0.19159035879842,0.13277356472277,0.164785993901018,0.677035971223022,0.948302158273381,0.129093525179856,81.9751594963758,0.0711199999999997,0,0.0215601544127273,0.0303958093861862,0.0160085052399064,0.0164781735691797,0.0241299993133255,0.0104461465417007,0.173159337826291,0.591278887833595,0.0059710861111464,0,"IEKF",0.00375064281857276,0.189537676181322,0.131903832838649,0.164949509690761,0.679971223021583,0.949827338129496,0.129093525179856,81.9740626982289,0.129875000000001,1,0.0206030857636639,0.0270596488058152,0.014892270722886,0.0166754339583204,0.0239458545154012,0.00964541782805908,0.173159337826291,0.597769031711619,0.00879123449920956,0,0.989286086053748,0.00152517985611511
"all","shadow_rate","percentage points","EKF",0.0568375820735114,0.248249678856218,0.142734379113659,0.14497178364497,0.647244604316547,0.917676258992806,0.129093525179856,81.9751594963758,0.0711199999999997,0,0.0880915176892683,0.222544565035586,0.12465326294342,0.119344170177457,0.0374058384447492,0.0340704183799261,0.173159337826291,0.591278887833595,0.0059710861111464,0,"IEKF",0.0331053357122723,0.208669267816089,0.126094026834788,0.147410219580565,0.671165467625899,0.943179856115108,0.129093525179856,81.9740626982289,0.129875000000001,1,0.08544915005022,0.218257904012665,0.117183237870711,0.119742583779801,0.0235005133727484,0.0142868977775593,0.173159337826291,0.597769031711619,0.00879123449920956,0,0.840562085628908,0.0255035971223021
"all","u","percentage points","EKF",-0.00264966368380318,1.4065922891499,1.12172566959777,1.4103407927454,0.68268345323741,0.950223021582734,0.129093525179856,81.9751594963758,0.0711199999999997,0,0.0597268562177102,0.0375250019447986,0.0313708751097244,0.000858867935736741,0.017368841231959,0.00857638667179773,0.173159337826291,0.591278887833595,0.0059710861111464,0,"IEKF",-0.00181807939284053,1.40639334893446,1.12157883289265,1.41035930108759,0.68263309352518,0.950287769784173,0.129093525179856,81.9740626982289,0.129875000000001,1,0.0595964601871832,0.0374145766237808,0.0313541448322284,0.000872376704059817,0.0171855666948655,0.00849552369006413,0.173159337826291,0.597769031711619,0.00879123449920956,0,0.999858565828226,6.47482014387579e-05
"all","w","normalized units","EKF",-0.0167112807130136,0.219981262996589,0.161961273723092,0.190035319892966,0.663302158273381,0.936510791366907,0.129093525179856,81.9751594963758,0.0711199999999997,0,0.0293253408251063,0.0900615771995216,0.0568336233736303,0.0583783462837501,0.0271483377890402,0.0165115555422819,0.173159337826291,0.591278887833595,0.0059710861111464,0,"IEKF",-0.0103470050609031,0.207814171414387,0.155337947827755,0.191193100627807,0.677294964028777,0.946748201438849,0.129093525179856,81.9740626982289,0.129875000000001,1,0.0242493167029628,0.082258101654448,0.0512253539297527,0.0588297321278208,0.0221045624980121,0.0113157162362589,0.173159337826291,0.597769031711619,0.00879123449920956,0,0.944690327637627,0.0102374100719425
"binding","m","percentage points","EKF",0.29449995413436,0.534163743887525,0.398609593624872,0.300366328061665,0.427239323276975,0.685238398402466,0.129093525179856,81.9751594963758,0.0711199999999997,0,0.139345105735987,0.266460876799961,0.185790958889351,0.213999442578605,0.170324716100695,0.171628766745769,0.173159337826291,0.591278887833595,0.0059710861111464,0,"IEKF",0.130602710697615,0.411663243349054,0.298098566338829,0.332574867569784,0.63448662179552,0.908073862498669,0.129093525179856,81.9740626982289,0.129875000000001,1,0.169307595290825,0.301476303884871,0.202781668044717,0.206341252662723,0.12696576075429,0.07300475445301,0.173159337826291,0.597769031711619,0.00879123449920956,0,0.770668634963993,0.222835464096203
"binding","pi_gap","percentage points","EKF",0.0721150172398103,0.984142028895142,0.806523110986048,0.980144632164144,0.673190932473398,0.942142785709239,0.129093525179856,81.9751594963758,0.0711199999999997,0,0.439842786239709,0.283754714932505,0.278308186346623,0.0354910928695545,0.162204546337658,0.0920155432892484,0.173159337826291,0.591278887833595,0.0059710861111464,0,"IEKF",0.0461216426747312,0.975500712976481,0.799313830770237,0.98192817878871,0.675677598589434,0.93562555510159,0.129093525179856,81.9740626982289,0.129875000000001,1,0.436129395488568,0.282634580642583,0.277127702134053,0.0349371474603748,0.15832316970654,0.11817002254167,0.173159337826291,0.597769031711619,0.00879123449920956,0,0.99121944225026,-0.00651723060764853
"binding","pi_star","percentage points","EKF",0.0275433644898347,0.184666595279787,0.144248115025784,0.167981824385122,0.647810621297568,0.934169174318893,0.129093525179856,81.9751594963758,0.0711199999999997,0,0.140518805500594,0.127617985388467,0.116618648082404,0.122892833467133,0.153357634596039,0.0696863093564984,0.173159337826291,0.591278887833595,0.0059710861111464,0,"IEKF",0.0177771098399097,0.181711958531443,0.14251769914525,0.16902708680031,0.655659843832669,0.945302482669412,0.129093525179856,81.9740626982289,0.129875000000001,1,0.139751811331725,0.124539482442737,0.114458605578205,0.123144448315862,0.150076581114835,0.0660337881534924,0.173159337826291,0.597769031711619,0.00879123449920956,0,0.984000155827495,0.0111333083505192
"binding","r_star","percentage points","EKF",0.0293404216480019,0.207605823393133,0.165178660264659,0.191149376501903,0.661677209657186,0.93646832812916,0.129093525179856,81.9751594963758,0.0711199999999997,0,0.144615372602335,0.126386403984836,0.113749886080487,0.107295676599677,0.154773959617421,0.066490480160401,0.173159337826291,0.591278887833595,0.0059710861111464,0,"IEKF",0.00667588272174034,0.200173433059161,0.160005083329634,0.193143000476631,0.684672577758156,0.948212949930416,0.129093525179856,81.9740626982289,0.129875000000001,1,0.147217502407789,0.129818101986831,0.119917524389178,0.107787465309474,0.163131346763454,0.0575468538625967,0.173159337826291,0.597769031711619,0.00879123449920956,0,0.964199509375527,0.0117446218012566
"binding","shadow_rate","percentage points","EKF",0.351383740272197,0.60588435480873,0.459826246120663,0.32529177929551,0.404457037650753,0.640919526692064,0.129093525179856,81.9751594963758,0.0711199999999997,0,0.155077317820994,0.281897251735746,0.198869086299801,0.218966503345953,0.177079100130997,0.184111885207342,0.173159337826291,0.591278887833595,0.0059710861111464,0,"IEKF",0.155055703259265,0.462126852173434,0.341149415807353,0.371751758864736,0.610710956736825,0.890886655872368,0.129093525179856,81.9740626982289,0.129875000000001,1,0.18864063264769,0.307189964286523,0.20779576396576,0.204316779393116,0.154627622964258,0.0832470189069348,0.173159337826291,0.597769031711619,0.00879123449920956,0,0.762731119405322,0.249967129180305
"binding","u","percentage points","EKF",-0.0709713289061596,1.37850081785771,1.12071544626773,1.41233159808793,0.685873055996157,0.953233981509821,0.129093525179856,81.9751594963758,0.0711199999999997,0,0.453530214359298,0.286579627295931,0.255507688594873,0.00812341561018895,0.134818420420151,0.0560114686199206,0.173159337826291,0.591278887833595,0.0059710861111464,0,"IEKF",-0.0573333180529799,1.37733275748697,1.11924171924096,1.41254818043689,0.684437081983743,0.954429995389902,0.129093525179856,81.9740626982289,0.129875000000001,1,0.455163292755104,0.287668562190983,0.255976789680118,0.00814371128082944,0.13624819037658,0.0520182627231601,0.173159337826291,0.597769031711619,0.00879123449920956,0,0.999152658920757,0.00119601388008128
"binding","w","normalized units","EKF",-0.169989418966151,0.396601848912743,0.312847180255076,0.294357134299806,0.537353632267012,0.838977308639758,0.129093525179856,81.9751594963758,0.0711199999999997,0,0.120655468779286,0.140425420894142,0.10389265487049,0.0970530976743257,0.163728089550792,0.125115986399056,0.173159337826291,0.591278887833595,0.0059710861111464,0,"IEKF",-0.0773435039674421,0.34688878820331,0.273677929161327,0.318998285475962,0.651476539738472,0.93295525687881,0.129093525179856,81.9740626982289,0.129875000000001,1,0.126957104757336,0.139132600489929,0.105707315276887,0.0893409798208851,0.149266221330758,0.0553769168917826,0.173159337826291,0.597769031711619,0.00879123449920956,0,0.874652473643989,0.093977948239052
"nonbinding","m","percentage points","EKF",0.0083275122193173,0.129146590007201,0.0849394367939732,0.0976508897745163,0.668957080679628,0.939435228218351,0.129093525179856,81.9751594963758,0.0711199999999997,0,0.0140131059423979,0.0599176568687791,0.0194154105021751,0.0110207007480447,0.0228057360232282,0.0166111813505362,0.173159337826291,0.591278887833595,0.0059710861111464,0,"IEKF",-0.000499024415779678,0.0982723359774324,0.0771141562066993,0.0963852295913583,0.679005504523252,0.948745597317943,0.129093525179856,81.9740626982289,0.129875000000001,1,0.00581402496322087,0.0124951840039046,0.0079714697189754,0.00890906703548828,0.0188951462399256,0.00947347879989706,0.173159337826291,0.597769031711619,0.00879123449920956,0,0.760936359000675,0.00931036909959193
"nonbinding","pi_gap","percentage points","EKF",-0.00467558935574564,0.970729612007465,0.773786282360835,0.966237684165505,0.678522621004689,0.949171656788342,0.129093525179856,81.9751594963758,0.0711199999999997,0,0.082561549557774,0.0396876078792756,0.0318355801684409,0.00831595468317744,0.0228386157932327,0.0118012616088622,0.173159337826291,0.591278887833595,0.0059710861111464,0,"IEKF",-0.00455512688446261,0.969609731871725,0.7729301619218,0.966165173416554,0.67915911288367,0.949636792802508,0.129093525179856,81.9740626982289,0.129875000000001,1,0.0823532363963192,0.0397884341777837,0.0319209956442929,0.0082864862437406,0.0229556743156199,0.0118117585596607,0.173159337826291,0.597769031711619,0.00879123449920956,0,0.998846352143906,0.000465136014165424
"nonbinding","pi_star","percentage points","EKF",-0.00130064260933802,0.185579282829072,0.12116436464149,0.152218448242716,0.679447748388933,0.950990316443132,0.129093525179856,81.9751594963758,0.0711199999999997,0,0.0211390614169149,0.0335180518018021,0.0143611289842706,0.0144319715755609,0.0245366205124977,0.0107365829981074,0.173159337826291,0.591278887833595,0.0059710861111464,0,"IEKF",-0.000768728071521045,0.185169028244331,0.120935868422164,0.152180753624924,0.680692272687809,0.951505363504712,0.129093525179856,81.9740626982289,0.129875000000001,1,0.021129037898079,0.0324498026803421,0.0143785935457077,0.0144312387474491,0.0250060510195974,0.0105996324746609,0.173159337826291,0.597769031711619,0.00879123449920956,0,0.997789329829886,0.000515047061579232
"nonbinding","r_star","percentage points","EKF",0.00311889497522605,0.184232866324483,0.127941736823747,0.159983058630459,0.679139690269076,0.950073537673134,0.129093525179856,81.9751594963758,0.0711199999999997,0,0.0200132629547943,0.0282062178241533,0.0132358488576897,0.0129931266020458,0.0264476493606106,0.010099206099349,0.173159337826291,0.591278887833595,0.0059710861111464,0,"IEKF",0.00078717379379937,0.183752728736442,0.127663967869886,0.15990450890403,0.6801111406125,0.950552597763014,0.129093525179856,81.9740626982289,0.129875000000001,1,0.0202662532709525,0.0276770356586249,0.0130895291040225,0.0129585060969605,0.0265623945186637,0.00991723382740451,0.173159337826291,0.597769031711619,0.00879123449920956,0,0.997393854866293,0.000479060089880301
"nonbinding","shadow_rate","percentage points","EKF",0.0101457645852053,0.126879816216237,0.078360122975992,0.0895165386067538,0.670156815450119,0.941351411508772,0.129093525179856,81.9751594963758,0.0711199999999997,0,0.0161660194338083,0.0642116564199604,0.0153368517147889,0.00581498395015396,0.0233887838521803,0.0155277430950043,0.173159337826291,0.591278887833595,0.0059710861111464,0,"IEKF",-0.000480578693501352,0.0884137853807,0.0697879094832406,0.087469537148079,0.679912570468317,0.950861062913453,0.129093525179856,81.9740626982289,0.129875000000001,1,0.00421057950713334,0.00667891968112882,0.00305168042256336,0.00234733550628788,0.0194222350290275,0.0096311748566901,0.173159337826291,0.597769031711619,0.00879123449920956,0,0.696830969789703,0.00950965140468163
"nonbinding","u","percentage points","EKF",0.00296779455103968,1.40765132376155,1.12223894505777,1.40996402563038,0.682675420671383,0.950049400787314,0.129093525179856,81.9751594963758,0.0711199999999997,0,0.0640155615141913,0.0435341054133982,0.0358369533665154,0.00111368986126505,0.0187268784200371,0.00976472195759048,0.173159337826291,0.591278887833595,0.0059710861111464,0,"IEKF",0.00271598336804484,1.40752480870757,1.12218291828528,1.40995634979185,0.682456445352469,0.950030696120674,0.129093525179856,81.9740626982289,0.129875000000001,1,0.0641649121577398,0.0434477760069168,0.0359166118271619,0.00111205896447291,0.0185845428046327,0.00981904176219109,0.173159337826291,0.597769031711619,0.00879123449920956,0,0.999910123301247,-1.87046666401125e-05
"nonbinding","w","normalized units","EKF",0.00289144463687871,0.172649658116331,0.134287129420857,0.163828313754132,0.673516235967385,0.944759616044452,0.129093525179856,81.9751594963758,0.0711199999999997,0,0.0118382641739545,0.0233266951402075,0.0145957773973164,0.0117838773660693,0.023113955364232,0.0116750160443528,0.173159337826291,0.591278887833595,0.0059710861111464,0,"IEKF",0.00138776479936016,0.164323099865756,0.130203676175892,0.16273945475467,0.680586962747808,0.949567069968236,0.129093525179856,81.9740626982289,0.129875000000001,1,0.0112788494315296,0.0136156858056801,0.00970047989793955,0.0100332953957318,0.0212600341952052,0.0100907468679707,0.173159337826291,0.597769031711619,0.00879123449920956,0,0.951771938957651,0.00480745392378312
