"date","r_star_filter_variance","r_star_parameter_variance","r_star_total_se","pi_star_filter_variance","pi_star_parameter_variance","pi_star_total_se"
1968-10-01,1.26565256442425,0.54244308344569,1.34465447155392,2.12875614775016,0.546534838896749,1.63563167817419
1968-11-01,1.04613914744305,0.638921490026272,1.29809885504507,1.74092244129684,0.639849182319657,1.54297492643805
1968-12-01,0.294327564967144,0.697819163180733,0.996065624418329,0.469345062670846,0.0848579083581974,0.744448098277538
1969-01-01,0.289723369582399,0.726103787650982,1.00788251162195,0.467837439265967,0.122187563175776,0.768130849817753
1969-02-01,0.287316927750592,0.748128611637926,1.01756844457192,0.46548709182375,0.152486436914421,0.786112923655482
1969-03-01,0.17581802880075,0.746258146301589,0.96024797583871,0.276519868912329,0.0672183225611929,0.586291899546226
1969-04-01,0.180767349437886,0.747974937262826,0.963712761511807,0.288673062774472,0.0860941447337615,0.612182331914466
1969-05-01,0.186405845149521,0.761647290610867,0.973680201996728,0.29918231656932,0.0989649433782375,0.630989112384325
1969-06-01,0.136380714827755,0.744605666072231,0.938608747508772,0.212987244927816,0.0519589590021954,0.514729253035041
1969-07-01,0.1436209646975,0.751719434262495,0.946224285758929,0.228048597261481,0.0610252902103896,0.537655919219598
1969-08-01,0.151320739514365,0.755060973989907,0.952040815041178,0.241668373933186,0.0710089560930278,0.559175580677674
1969-09-01,0.119221775054943,0.76480157695329,0.940225160271854,0.185527353281197,0.0447232426276646,0.479844345500561
1969-10-01,0.127332115297599,0.758459107145516,0.941164822144939,0.201560985767253,0.0539119640614003,0.505443320094997
1969-11-01,0.135812124152988,0.755265812438865,0.943969245575222,0.216303616028109,0.0640069913026529,0.529443677203498
1969-12-01,0.110956700416357,0.755436970678814,0.930802702561166,0.172299747119653,0.0438081976682518,0.464874117141302
1970-01-01,0.119440643465992,0.777198864216502,0.946910506691363,0.188759197686513,0.0534090423820501,0.492105923626777
1970-02-01,0.128253131737447,0.791652593949592,0.959117159520691,0.203977211037057,0.0643083301212595,0.517962876235659
1970-03-01,0.106799588126352,0.782840140669337,0.943207150521925,0.165612303106221,0.0459561151510725,0.459965670737821
1970-04-01,0.115477873855615,0.807307752913575,0.960617315463962,0.182296302335117,0.0554645112032352,0.48760723286099
1970-05-01,0.124434079388577,0.827941512155518,0.975897326333101,0.197757395956871,0.0627395396806776,0.510389004228685
1970-06-01,0.104573180303316,0.82756022874375,0.965470563532139,0.16213414929044,0.0430009647935866,0.452918440874322
1970-07-01,0.113403639733982,0.822634174358418,0.96749047235226,0.178944912937085,0.0519743996407692,0.480540646124606
1970-08-01,0.122471592276397,0.826749792669001,0.974279931511164,0.194539222663598,0.0628717622094271,0.507356861462448
1970-09-01,0.103463239106905,0.807613495549554,0.954503396880524,0.160322811492494,0.0439862913742122,0.452005644728809
1970-10-01,0.11234699022522,0.810636149063802,0.960720114960139,0.177197097166008,0.0534093816047232,0.480215033886624
1970-11-01,0.121512850359885,0.803489100899568,0.961770217494518,0.192890685845372,0.0681306558791187,0.510902477704396
1970-12-01,0.103007652819966,0.785383325520777,0.942544947650107,0.159410869060016,0.0516464546930669,0.459409755831418
1971-01-01,0.11188955746492,0.80956932225537,0.959926497040419,0.17631725685559,0.0667748827275816,0.493043750171495
1971-02-01,0.12105774797828,0.820334149324932,0.970253522180266,0.192030288795426,0.0827436521032177,0.524188840875732
1971-03-01,0.102839319917164,0.787195739987745,0.943416694735104,0.158935203277945,0.0599885421992302,0.467892878207369
1971-04-01,0.111656962212508,0.817714339342599,0.964039056032019,0.17586867870004,0.0702476586856713,0.496101136247148
1971-05-01,0.120744396827689,0.854772198483964,0.987682436470171,0.19159992742456,0.0782447872412437,0.519465797397484
1971-06-01,0.1024853690533,0.839923669382672,0.970777543228093,0.158657939944084,0.0538827846864913,0.461021392812281
1971-07-01,0.111371474164137,0.8525225477001,0.981781045785789,0.175581835135241,0.0649453823418343,0.490435742454683
1971-08-01,0.12005874829452,0.98155109877839,1.04957603205909,0.181389698188523,0.136434080401266,0.563758617308675
1971-09-01,0.0490065738540996,0.982712956079481,1.01573595482959,0.0715341423144709,0.0988962014141813,0.412832101136348
1971-10-01,0.0375675234728461,1.01902970601465,1.02790915429696,0.0544585829683053,0.125359394018714,0.424049498274694
1971-11-01,0.0332916824996842,1.0394769202397,1.03574543336642,0.047930508609323,0.141866588993565,0.435657087171652
1971-12-01,0.029951090106298,1.04349424777404,1.03607207175965,0.0423286400737416,0.13591704889104,0.422191531138157
1972-01-01,0.0298815570617833,1.05686102896203,1.04246946527167,0.0426629763527496,0.14978505306109,0.438688989392074
1972-02-01,0.0298888242557287,1.06892167038784,1.04824162035456,0.0427605329426943,0.160459049158616,0.450798826641453
1972-03-01,0.0285576721208815,1.06294046640233,1.04474788275603,0.0402628801164495,0.149775438575134,0.435933846691885
1972-04-01,0.0292113399091492,1.07076117579718,1.0487957454654,0.0416838519631001,0.162173055940462,0.451505158224757
1972-05-01,0.0295872244294118,1.06053140827847,1.04408746410819,0.042305084742284,0.169246391525367,0.459947253788574
1972-06-01,0.028435938209184,1.05261342920487,1.0397352390941,0.040074747273134,0.154849334716266,0.441502074728308
1972-07-01,0.0291715600019639,1.0580010853709,1.0426757143872,0.0415995957341612,0.16377563105107,0.45318343613291
1972-08-01,0.0295542678414454,1.05916962764115,1.04341932868938,0.0422613093800362,0.170678575468746,0.461454098311828
1972-09-01,0.0283937716442933,1.05348409968744,1.04013358340731,0.0400462791764845,0.156366250646067,0.443184532472142
1972-10-01,0.0291438101816441,1.05746509131221,1.04240534414106,0.0415815010015191,0.164147508502299,0.453573598772921
1972-11-01,0.0295519830713861,1.05835699354461,1.04302875157687,0.0422563639364842,0.168393658715715,0.45896625437193
1972-12-01,0.0284139908713241,1.05287896138518,1.03985237041443,0.0400511038208325,0.152505121893779,0.438812289839986
1973-01-01,0.029151157280831,1.05627828702778,1.04183945227113,0.0415832335645494,0.159838178247111,0.448799968595877
1973-02-01,0.0295360296657527,1.06030367854776,1.04395388222541,0.0422515673259159,0.165142026460178,0.455404867986821
1973-03-01,0.0284027682421253,1.04994844853231,1.03843691034864,0.0400509282625481,0.15043934535465,0.43645191443869
1973-04-01,0.0291457817266417,1.04605322602427,1.03691803328465,0.041582514771793,0.157801609727711,0.446524494848272
1973-05-01,0.0295322744196376,1.04689877634961,1.03751195210911,0.0422489288473262,0.162608855327867,0.452612178553774
1973-06-01,0.0284024995593906,1.04623882610361,1.03664908511174,0.0400464681571732,0.14656187264372,0.431981875546757
1973-07-01,0.0291224782148505,1.05074472207291,1.03916658928574,0.0415721008400708,0.153958984653744,0.442188970343919
1973-08-01,0.0295062275909741,1.06665018748597,1.04697488751017,0.0422367549312053,0.157589285714863,0.447019060718968
1973-09-01,0.0283856263790819,1.07083241901542,1.04843599966545,0.0400391652491101,0.143564443632342,0.428489916895896
1973-10-01,0.0291276187794723,1.07507682996334,1.05081132880399,0.0415688324139641,0.149899326372329,0.437570747178434
1973-11-01,0.029530646176658,1.08133340082592,1.0539753540774,0.0422424304470093,0.152762337101866,0.441593441469498
1973-12-01,0.0283930711740574,1.07957414891158,1.05260021854721,0.0400398932502446,0.139386704508446,0.423587768660392
1974-01-01,0.0291085941726039,1.09152610828875,1.05860035068073,0.0415584213535748,0.146888668861181,0.434104929959055
1974-02-01,0.0294946703600627,1.09688923177697,1.06131234899865,0.0422234618958568,0.151481058965592,0.440118757679616
1974-03-01,0.0283409062662934,1.09563415222899,1.0601768996235,0.0400204365427728,0.138875167097825,0.422960522555708
1974-04-01,0.0290633584154539,1.09025450419189,1.05797819571452,0.0415431466424657,0.14738225715955,0.434655500140071
1974-05-01,0.0294582165427752,1.08102195940263,1.05379323206472,0.0422146539771318,0.153583466945062,0.442490814506012
1974-06-01,0.0283167698190213,1.06492480893351,1.04558193306528,0.0400159526762791,0.142942488611094,0.427736415666673
1974-07-01,0.029052274927674,1.05712315717048,1.04219740553225,0.041542842857393,0.153181204602542,0.441275477972586
1974-08-01,0.0294350071483991,1.05876399605634,1.0431677732775,0.0422032698555362,0.16011861889712,0.449802055078294
1974-09-01,0.028289141259366,1.05959150769253,1.0430151719663,0.0400041307141798,0.147984966581471,0.433577094985023
1974-10-01,0.0290489007414533,1.06053097893861,1.04382943035731,0.0415382741080239,0.154310504257809,0.44254805204162
1974-11-01,0.0294586907222433,1.06474110241051,1.0460400533119,0.042212398226271,0.158085465862971,0.447546493773823
1974-12-01,0.0283284509788005,1.0644732535166,1.04537156288824,0.04001679055653,0.143759781681186,0.428691698354092
1975-01-01,0.0290617164483095,1.06750929076442,1.0471728640548,0.0415420304338277,0.15205062238715,0.439991650853716
1975-02-01,0.0294571895146813,1.06720870315875,1.04721816861313,0.0422096939988043,0.158683175519647,0.44821074230595
1975-03-01,0.0283042181907896,1.06638671908211,1.04627479051772,0.0400074357738035,0.146833096743022,0.43225054368598
1975-04-01,0.0290264122808358,1.07665240870023,1.05151263472251,0.0415282620999957,0.159730963136723,0.448619243052188
1975-05-01,0.0294287444369375,1.07313942126282,1.05003245935531,0.042200046953745,0.169099464118073,0.459673265561331
1975-06-01,0.0282927101059464,1.06371983337451,1.0449940399258,0.0400046206189022,0.15537881480908,0.442021985231484
1975-07-01,0.0290361762655354,1.07065947280516,1.04866374452,0.0415327542167756,0.16377566022808,0.453109715681374
1975-08-01,0.0294288778038414,1.0744590741786,1.05066072163303,0.0422023171423708,0.171698878554976,0.462494535856746
1975-09-01,0.0282783798551556,1.07105461181495,1.04849081620685,0.0400017161437738,0.159695425597513,0.446874861388831
1975-10-01,0.0290205141350842,1.06990985815191,1.04829879914411,0.0415251289296393,0.16980886520649,0.459710772264615
1975-11-01,0.0294200147086948,1.07547285728306,1.05113884524917,0.0421952883878901,0.176432015234666,0.467575987003777
1975-12-01,0.0282819821645445,1.07300390145856,1.04942169008607,0.0400016335890419,0.161701764618737,0.449114014708714
1976-01-01,0.0290273045473149,1.08064938205732,1.05341192636339,0.0415271727686226,0.1715516909835,0.461604661753023
1976-02-01,0.0294293106884986,1.08872927636829,1.05743018070074,0.0422000958569264,0.178708805474885,0.470009469406534
1976-03-01,0.0282916958053072,1.08247103114368,1.05392728731587,0.0400060983110039,0.164332774596267,0.452038574578842
1976-04-01,0.0290404501347087,1.07911745047891,1.05269079059979,0.0415340898533351,0.173669073418954,0.463899949636006
1976-05-01,0.0294333035751592,1.08635328125914,1.05630799714586,0.0422035489739479,0.180900634573765,0.472339055708622
1976-06-01,0.0282910967692822,1.07716785438678,1.05140808022197,0.0400060004159283,0.165701755701332,0.453550169349831
1976-07-01,0.0290309878884626,1.07878558611708,1.05252865709469,0.0415297273080915,0.174891927546146,0.465211408774803
1976-08-01,0.0294327555170832,1.07907174413798,1.05285540301367,0.0422009279181565,0.179838476047081,0.471210572849589
1976-09-01,0.0282936150978068,1.07356561389053,1.04969482659882,0.0400043411582965,0.162958708895753,0.450514206273287
1976-10-01,0.0290429389628769,1.0722163826942,1.04940903448421,0.0415313121930941,0.169746991384694,0.459650196973511
1976-11-01,0.029451505408709,1.07564089813978,1.05123375304853,0.0422060345570764,0.173218877365992,0.464138892922224
1976-12-01,0.0283378101989124,1.0688945671525,1.04748860487903,0.0400179301942663,0.155194343090249,0.441828330106293
1977-01-01,0.0290616044059546,1.07858094832531,1.05244598565972,0.0415408772829993,0.164081860041646,0.453456433766955
1977-02-01,0.0294503700844218,1.08316937229187,1.05480791728935,0.0422083383226104,0.170974590045407,0.46171736849291
1977-03-01,0.02830137470291,1.07784001501007,1.05173256568055,0.0400072525256947,0.157898526372737,0.444866023537909
1977-04-01,0.0290464904021217,1.07772657231169,1.05203282397167,0.0415338857978185,0.166802449988791,0.456438753598563
1977-05-01,0.0294446031709575,1.07750440453067,1.05211644208311,0.0422052052006015,0.172698193425066,0.463576745130369
1977-06-01,0.0283116092564652,1.06814949842191,1.04712038834051,0.0400104440582917,0.156759167466976,0.443587208477958
1977-07-01,0.0290535523737526,1.07209150449368,1.0493545906258,0.0415374996699403,0.164685627368982,0.454117965994435
1977-08-01,0.0294572663374241,1.07389670160677,1.05040657268707,0.0422128855699832,0.169908617665828,0.460566502511647
1977-09-01,0.0283200964307594,1.06388076658185,1.04508414159464,0.040015890000017,0.154702216160899,0.44126874595978
1977-10-01,0.0290552736543894,1.06679443254509,1.04682840341647,0.0415414670519207,0.163675347049124,0.453008624753486
1977-11-01,0.0294522585725813,1.06714718366243,1.04718644100991,0.0422119617756387,0.17010040027243,0.46077365598314
1977-12-01,0.028299799898479,1.06345889263988,1.04487257239261,0.0400088219351125,0.156940180683405,0.44378936740138
1978-01-01,0.0290279262213127,1.06902984172859,1.04788251629174,0.0415283794282804,0.167258940274152,0.456932511102495
1978-02-01,0.0294243081854116,1.07244409597919,1.0496991969915,0.0421979756498661,0.173980331867301,0.464949790318446
1978-03-01,0.0282804488017987,1.06985380006819,1.04791900873588,0.0400011438594831,0.159857722750445,0.447055775725947
1978-04-01,0.0290223268740269,1.07425641795736,1.05037076541162,0.041527175407085,0.170382463083412,0.460336440541586
1978-05-01,0.0294220043319044,1.07529656462457,1.05105593046064,0.0421994648334329,0.178652302448911,0.469948685797017
1978-06-01,0.0282723646966895,1.06671182007759,1.04641491998838,0.0399995583077845,0.165427245168262,0.453240337432633
1978-07-01,0.0290094676676305,1.06780543106802,1.04728930995005,0.041521834748557,0.177028262131347,0.467493419076572
1978-08-01,0.0294214198364013,1.06262926176394,1.04501228777481,0.0421988573231398,0.18141766430868,0.472881086143038
1978-09-01,0.0282780514671444,1.05528542294929,1.04094355006236,0.0400007765503701,0.162759207924667,0.450288778979709
1978-10-01,0.0290161013171864,1.06055108995911,1.04382335252489,0.0415244754381966,0.171230960809549,0.461254199165434
1978-11-01,0.0294214426992656,1.05702996582356,1.04232979834735,0.0422002209704612,0.177211923915442,0.468414501148185
1978-12-01,0.0282694711300035,1.04924783305889,1.03803530970237,0.039999133432346,0.163672234693928,0.451299643392585
1979-01-01,0.0290094953767565,1.05215842037505,1.03979224643763,0.0415224972409477,0.172951076869372,0.46311291723544
1979-02-01,0.0294068253093206,1.05654900002867,1.0420920426421,0.0421906583473962,0.177372520812972,0.468575692028906
1979-03-01,0.0282570378131539,1.05909286614307,1.04276071270269,0.0399915113110623,0.160129738659738,0.447349136548625
1979-04-01,0.028996389033892,1.06831239641669,1.04752507628724,0.0415132016561078,0.167074864716105,0.456714425404117
1979-05-01,0.0293961236163521,1.07496479919484,1.05088578009753,0.0421835258533374,0.170475237355589,0.461149393590544
1979-06-01,0.0282572549783297,1.07367076115097,1.04972759139183,0.0399901942893099,0.153549659568671,0.43993164680207
1979-07-01,0.0290007611690184,1.08162427607666,1.05386196308894,0.0415138307368247,0.159805200306626,0.448685893519565
1979-08-01,0.0294001873473869,1.0861908324003,1.05621542298325,0.0421848677676274,0.164147848939134,0.454238612082639
1979-09-01,0.0282505413740701,1.08152058770424,1.05345675235309,0.039988143952601,0.150593996106097,0.43655714409307
1979-10-01,0.0289735600376281,1.08639958814463,1.056112280102,0.0415015408700871,0.163029304481652,0.452250865506899
1979-11-01,0.029366455685893,1.09054399629359,1.05825821611716,0.0421673695217256,0.171903565858098,0.462678003993948
1979-12-01,0.0282208204148658,1.09918554985126,1.06179393964466,0.0399731802059722,0.155829619290631,0.442496101108929
1980-01-01,0.0289570188649358,1.1141272935052,1.06915121118116,0.0414903785733008,0.166076734218737,0.455595338861184
1980-02-01,0.029343921919705,1.11589453839774,1.07015814733966,0.0421531067453346,0.182531314067995,0.474008882631253
1980-03-01,0.0281984967631418,1.1124183887659,1.06799666924997,0.0399631409911832,0.165113141618579,0.452853489121772
1980-04-01,0.0289511565421472,1.12188093087588,1.0727684220828,0.0414871219346805,0.171827386432877,0.461859836278884
1980-05-01,0.0293581722502443,1.10931758935786,1.06708751356583,0.0421600467133777,0.179420598419937,0.470723533651457
1980-06-01,0.0282170159302828,1.09052757214281,1.05770723173906,0.0399708057643487,0.163858918014961,0.451475053329982
1980-07-01,0.0289567835638916,1.08653510802208,1.05616849583103,0.0414897467071469,0.173582233131797,0.463758536135934
1980-08-01,0.0293499419589846,1.09933156479732,1.06239423320927,0.0421564736229729,0.184647030811885,0.476238915288176
1980-09-01,0.0281988107592167,1.1011428852272,1.06270489600191,0.0399629225788983,0.173307708919419,0.461812333635988
1980-10-01,0.028943974159724,1.09977441530582,1.06241159136445,0.0414832289632654,0.182293922697748,0.473050897537478
1980-11-01,0.0293410755809391,1.11415419121402,1.06934338114329,0.0421507604778703,0.187678433282644,0.479405041442531
1980-12-01,0.0281906961466498,1.1262167257698,1.07443353536478,0.0399579145736426,0.166840186352179,0.454750592001618
1981-01-01,0.0289374872902684,1.14877561357866,1.08522490796559,0.0414784237217326,0.169778442609783,0.459626877294525
1981-02-01,0.0293364511280055,1.15865324557243,1.08994940098173,0.0421474119647547,0.176263601746041,0.467344641256103
1981-03-01,0.0281855310521243,1.15689288082565,1.08861306802636,0.039955226707259,0.167186745872197,0.455128523144239
1981-04-01,0.0289323344583055,1.16598787790795,1.09312406083036,0.0414757439237114,0.182786380147558,0.473563220775505
1981-05-01,0.0293352449989528,1.15425254071673,1.08792820797867,0.0421468066903211,0.187143241758219,0.47884240460567
1981-06-01,0.0281871699333586,1.14944538460851,1.08518779690055,0.0399561784183006,0.171389621227979,0.459723612234873
1981-07-01,0.0289326932229859,1.16253597212313,1.09154416554994,0.0414761044043879,0.186610714091137,0.477584357465281
1981-08-01,0.0285897778129555,1.16025133508591,1.09033990704682,0.0404931886017411,0.191280090899084,0.481428374216586
1981-09-01,0.0278787742628286,1.17804012554823,1.09814338763709,0.0393500331763542,0.197653551261667,0.486830139204652
1981-10-01,0.0287900157633831,1.1776507592964,1.09838097901401,0.0412109322126832,0.221381709993612,0.512437939858374
1981-11-01,0.028533616757808,1.14376124338936,1.08272566245895,0.0403915858974404,0.209416199492223,0.499807748428997
1981-12-01,0.0278574201903287,1.1639832028184,1.09171453366195,0.0393103360165311,0.205962157120096,0.49524992997135
1982-01-01,0.0287795928483801,1.17118945452166,1.09543098704119,0.0411925460660021,0.229378764343739,0.520164695466485
1982-02-01,0.02852670691881,1.14059160742519,1.08125774648971,0.0403825884683523,0.220543073794262,0.510808831425823
1982-03-01,0.0278555586249325,1.14265292216399,1.08190040243496,0.0393071296378707,0.204477092560304,0.493745098404201
1982-04-01,0.0287816009686515,1.14970163040294,1.08557967527565,0.0411929944361699,0.212847097126343,0.504023899792969
1982-05-01,0.0285291904000417,1.14642344322607,1.08395232073469,0.0403837717822948,0.209248755524489,0.499632392171268
1982-06-01,0.0278542797751743,1.16754294361287,1.09334222610674,0.0393063509274507,0.207711252510375,0.497008655294679
1982-07-01,0.0287805287797256,1.17787219980048,1.09847745929546,0.0411922537759265,0.223786817398011,0.514761178775107
1982-08-01,0.0285309812894373,1.18201089523867,1.10024627994286,0.0403849749209236,0.227517569704019,0.517593029923069
1982-09-01,0.0278641290337996,1.1672214155851,1.09319968195152,0.039312218001054,0.22085895040019,0.510069768170242
1982-10-01,0.0287952341376895,1.11793320911623,1.07085407187624,0.0412017320600576,0.222226055448897,0.513252167563815
1982-11-01,0.0285449366784411,1.10166172410428,1.06311178188501,0.0403925099355512,0.206765244178483,0.497149629502059
1982-12-01,0.0278705546637764,1.11906358779388,1.07095011203028,0.0393147644892476,0.192096083814849,0.481051814573125
1983-01-01,0.0287938174068669,1.12568810632543,1.07446820508208,0.041200075819431,0.200611781296342,0.491743690468696
1983-02-01,0.0285393533105513,1.1396618311808,1.08083356003196,0.0403892811580324,0.197004814981407,0.487231050056787
1983-03-01,0.0278698878024132,1.13568492434885,1.07868197915385,0.0393142187405801,0.18281436168826,0.471305188204882
1983-04-01,0.02879578628632,1.14089436562687,1.08152214582651,0.0412013809328494,0.191902185510616,0.482808001635708
1983-05-01,0.0285429139100204,1.13934739812086,1.08068973902359,0.0403911012315642,0.187606591781101,0.477491039719768
1983-06-01,0.0278675724043447,1.15305757279888,1.08670379828324,0.0393133376436446,0.179829768286576,0.468127232630425
1983-07-01,0.0287880375012279,1.1732617788495,1.09638032468242,0.0411970877059252,0.198230757013097,0.489313646569378
1983-08-01,0.028533015970334,1.1792052906078,1.09897147668997,0.0403860509155839,0.202228170275036,0.492558850484508
1983-09-01,0.0278610807103652,1.17930476800418,1.09871099417205,0.0393099753647647,0.19405315284277,0.48307673117998
1983-10-01,0.0287861838517633,1.18300612914939,1.10081438626189,0.0411957361746201,0.207993232780318,0.499188310114467
1983-11-01,0.0285327951843177,1.18660897191066,1.10233468923688,0.0403857191787878,0.205865815489921,0.496237377339423
1983-12-01,0.0278599222919435,1.18836701964376,1.1028267959819,0.0393092975227711,0.196855296252367,0.48596768799493
1984-01-01,0.0287857242764551,1.18733501277004,1.10277864372071,0.0411953964042997,0.208221272532074,0.499416328263678
1984-02-01,0.0285322451771045,1.18937901673825,1.10359016936332,0.0403853740534293,0.205814387039595,0.496185208458519
1984-03-01,0.0278572222459931,1.20258279844504,1.10925200955014,0.0393078568371678,0.200270915873894,0.489467846452719
1984-04-01,0.028781287877909,1.21755503537632,1.11639434038973,0.0411926402193458,0.217781066388441,0.508894592826242
1984-05-01,0.0285265041154369,1.25057519505099,1.13097378358936,0.0403821610025559,0.226918751662552,0.517011520824351
1984-06-01,0.0278542007539145,1.26110342978928,1.13532269885843,0.0393063261468451,0.226082874337558,0.515159393279791
1984-07-01,0.0287804580604861,1.23226922177015,1.12296468325172,0.0411921863881275,0.240872004999404,0.531097158142963
1984-08-01,0.0285303766062753,1.18828022053435,1.1030913820444,0.0403843902252249,0.226526701812548,0.51663438913585
1984-09-01,0.0278592078211428,1.18670499412886,1.10207268451314,0.0393090542778115,0.210828318708756,0.500137354120413
1984-10-01,0.0287857444016756,1.18490855076348,1.10167794530214,0.0411956265303181,0.218771678757272,0.509869890548157
1984-11-01,0.0285349968131974,1.17498248351814,1.09704944297481,0.040387055247024,0.211021505273508,0.501406582047476
1984-12-01,0.0278617939187796,1.18243349833141,1.10013421556199,0.0393103344767346,0.202531353493366,0.4917740212436
1985-01-01,0.0287866437124804,1.19172403227802,1.10476724969131,0.0411960309475715,0.215979651445272,0.507124917937232
1985-02-01,0.0285333735629582,1.19509473939197,1.10617725205092,0.0403860569892149,0.211941493799448,0.502322158369171
1985-03-01,0.027859552236853,1.2148252892105,1.11475775011764,0.0393092729479878,0.206959625422595,0.496254872389766
1985-04-01,0.0287861147891832,1.20478347972032,1.11066178223143,0.041195769273498,0.219750571656752,0.510829072127116
1985-05-01,0.0285368791978057,1.18015677041542,1.09940604401341,0.0403879129419574,0.210471636110267,0.50085881149504
1985-06-01,0.0278708599708457,1.16639581370579,1.09282508832687,0.0393145987544702,0.193259858413538,0.482259740355763
1985-07-01,0.0287934922384997,1.17690652311295,1.09804372196714,0.0411999313576171,0.204401706346068,0.495582120040347
1985-08-01,0.0285408216164152,1.18273286501555,1.10057879619406,0.0403901249075167,0.200221797059403,0.490522091211925
1985-09-01,0.0278684938279997,1.18214046408302,1.1000040717702,0.0393137035001611,0.191095635073904,0.480009727582749
1985-10-01,0.0287944929181568,1.17568191575596,1.09748640477872,0.0412006643848395,0.202697922250865,0.493860898063113
1985-11-01,0.028548293880695,1.14959741607459,1.08542420737484,0.0403937616235274,0.193311326054235,0.48343054069614
1985-12-01,0.027886442437767,1.1264852747139,1.07441691961346,0.0393217511264487,0.175860807749212,0.463877741302232
1986-01-01,0.028813529793777,1.1233998560203,1.07341202984412,0.0412110908344211,0.183635786538196,0.474180216133716
1986-02-01,0.0285743976166185,1.10464744563249,1.06452893020768,0.0404066659796921,0.175267401667947,0.464407221786698
1986-03-01,0.0279415556292745,1.08466677842428,1.05480250950287,0.0393458012604197,0.158924006856551,0.445274980340206
1986-04-01,0.0288883172018892,1.07928547623567,1.05269833923948,0.0412486625465968,0.165517924022461,0.454715940526674
1986-05-01,0.0286125163741151,1.08573865430683,1.05562832980218,0.0404250244182583,0.163305801289211,0.451365512315096
1986-06-01,0.0279333069057812,1.08860789053162,1.05666513022688,0.0393432410080175,0.156103157283699,0.442093200910981
1986-07-01,0.0288712999657264,1.08286579812206,1.05438944327406,0.0412402962176978,0.166072285565562,0.455315914265315
1986-08-01,0.0286289392505934,1.07479445665242,1.05043962030333,0.0404298464671345,0.161703064523256,0.449591938306717
1986-09-01,0.0279406258785717,1.0818215941207,1.05345252384684,0.0393440258784024,0.154992652779967,0.440836339992939
1986-10-01,0.0288626159866899,1.08346761733224,1.05467067529107,0.0412339366486221,0.166549223131667,0.455832381232717
1986-11-01,0.0286230876106752,1.07719015645066,1.05157655168862,0.0404263258874544,0.161421740255859,0.449275045092995
1986-12-01,0.0279693006060171,1.07367570073811,1.04959277881669,0.0393546043156604,0.150074011517517,0.435233978261322
1987-01-01,0.0288938717949531,1.07722532596454,1.0517220154392,0.0412485019547696,0.159870191996618,0.448462589243949
1987-02-01,0.0286394851243672,1.07178379016652,1.04901061733945,0.0404340903037414,0.157261862014682,0.444630129791519
1987-03-01,0.0279744664141762,1.06912426421943,1.04742480905963,0.0393576411579349,0.148346565095932,0.433248434796788
1987-04-01,0.0288562090318418,1.08022018713562,1.05312696108658,0.0412333896803329,0.166362383818716,0.455626791902154
1987-05-01,0.0285853802763068,1.08765299412051,1.0565218286419,0.0404138242517733,0.172705684400264,0.461648685313883
1987-06-01,0.0279211662586157,1.07644453654043,1.05088805436119,0.0393388213234201,0.165325434821241,0.452398337911028
1987-07-01,0.0288379024446407,1.0781854124206,1.05215175467479,0.0412245556795951,0.179262771296108,0.469560780917341
1987-08-01,0.028576872126943,1.08370223302834,1.05464643608903,0.0404082293715793,0.17732131065991,0.466614980504794
1987-09-01,0.0278910328263266,1.09746775318051,1.06082929164255,0.0393249062427845,0.174368534647297,0.462269878847932
1987-10-01,0.0288122999516233,1.11154411898811,1.06787472062023,0.0412119786098176,0.192325850480169,0.483257518399855
1987-11-01,0.0285736758833104,1.09196534107467,1.05855515536886,0.0404072857503711,0.185372128626282,0.475162513648387
1987-12-01,0.0279001489431933,1.08707111611504,1.0559219976202,0.0393291596094774,0.177737213522684,0.465903823908069
1988-01-01,0.028830379226634,1.07894099544391,1.05250718509212,0.0412207086922008,0.187160302825185,0.477892259319384
1988-02-01,0.0285920728442234,1.06599588452444,1.0462255767131,0.0404146760693793,0.17859725673335,0.467987107517642
1988-03-01,0.0279158290675136,1.0686778481841,1.04718368840028,0.0393349210868643,0.169085977335312,0.456531377259193
1988-04-01,0.0288272785004025,1.07915750401129,1.05260856091507,0.0412186126409467,0.183494232892241,0.474038865002847
1988-05-01,0.0285673622225624,1.08203600718879,1.05385168283367,0.0404038574197093,0.183203061037204,0.472870932133615
1988-06-01,0.0279036139721531,1.08017579055182,1.05265350639419,0.0393304964674066,0.171537939898143,0.459204133654685
1988-07-01,0.0288233978335103,1.08352131799525,1.05467754116069,0.0412174238588686,0.184637858569448,0.475242340736089
1988-08-01,0.028569121530216,1.0816623401755,1.05367521642379,0.0404054757399796,0.182490020245929,0.47211809538071
1988-09-01,0.0279069924303896,1.07589224499809,1.0506185023254,0.0393323702132682,0.169879766387349,0.457397132261034
1988-10-01,0.0288350857213696,1.07565613435629,1.05094777228826,0.0412236330174453,0.178544594027383,0.468794440074569
1988-11-01,0.0285812715010071,1.07456528268501,1.05030783781995,0.0404112850016121,0.173768187342234,0.462795281246305
1988-12-01,0.02791094804638,1.07804435968302,1.0516440974633,0.0393351365620728,0.165135360096946,0.452184140211727
1989-01-01,0.0288344856343747,1.08126164213646,1.05361099451877,0.0412249746191148,0.176322874763943,0.466420249756652
1989-02-01,0.0285823106614,1.07818878005884,1.0520318867412,0.0404130808440784,0.172739007655669,0.461683970373401
1989-03-01,0.0279101788554457,1.08211531330621,1.05357747326035,0.0393355924025256,0.165151138990553,0.45220209131878
1989-04-01,0.0288359797903717,1.08159291564308,1.05376890039204,0.0412262682904868,0.176237699596014,0.46633032057384
1989-05-01,0.0285913589658391,1.06991277066001,1.04809547734252,0.0404169879585998,0.170619550081593,0.459387133080796
1989-06-01,0.0279410346760997,1.06331838649807,1.04463363011832,0.0393473161491115,0.156932708171941,0.443035014779929
1989-07-01,0.0288698123647362,1.06724306267843,1.04695409404766,0.0412399506720659,0.164223609526214,0.453280884439527
1989-08-01,0.028617551713188,1.06856184765096,1.0474633164766,0.0404279363356813,0.159984449791091,0.447674419781578
1989-09-01,0.0279453642185902,1.06946755754399,1.04757478098825,0.0393497061553182,0.152745102029665,0.438286217197145
1989-10-01,0.0288707263553209,1.07005839752676,1.04829820370068,0.0412423684916764,0.163643976071515,0.452643728072301
1989-11-01,0.028625575974705,1.06724018870781,1.04683607345301,0.0404309298158329,0.158743596591831,0.446289733701845
1989-12-01,0.0279595962899545,1.07013587747987,1.04790050757208,0.0393543663784026,0.149560751551114,0.434643667766501
1990-01-01,0.0288614328370918,1.08276817783381,1.05433847063972,0.041237431697967,0.162699820432255,0.451594123223744
1990-02-01,0.0285986352143804,1.08586999953786,1.05568396537612,0.040419784241735,0.162177039838049,0.450107569453997
1990-03-01,0.0279257365856907,1.09092009702252,1.05775509150664,0.0393414331840262,0.156044181241406,0.442024450031253
1990-04-01,0.028840823647722,1.09868191992335,1.06184873855511,0.0412281268998789,0.17095256195675,0.46063075109748
1990-05-01,0.0285890067964254,1.09149847173319,1.05834185333928,0.0404156397761852,0.169093324352867,0.457721491880218
1990-06-01,0.027927047594307,1.08591098228929,1.05538525187895,0.0393412523258858,0.158899887583982,0.445242787600055
1990-07-01,0.0288469127805535,1.08926208110717,1.0574067305856,0.0412295197428372,0.169256306841267,0.458787343530861
1990-08-01,0.0285826999486946,1.08953802291938,1.0574122766774,0.0404108511612602,0.167649077233945,0.456135866157448
1990-09-01,0.0279047031596973,1.09392415786303,1.05916422759774,0.0393302431861058,0.160739420897228,0.44729147553171
1990-10-01,0.0288320678648331,1.09610049428224,1.06062838079465,0.0412206660999213,0.170250365687753,0.459859795793972
1990-11-01,0.0285918317127795,1.0871831791293,1.05630251861959,0.040414174216504,0.16408684241144,0.452217886231785
1990-12-01,0.027934322974609,1.08392367512881,1.05444677348049,0.0393422207530939,0.153437636367108,0.439067030327036
1991-01-01,0.0288507738546536,1.08703237784287,1.05635370577166,0.0412294525944236,0.164793502104958,0.453897515634732
1991-02-01,0.0286066318516215,1.07964292085332,1.05273432199437,0.040420076118394,0.160894379170202,0.448680794428061
1991-03-01,0.0279258409465163,1.08540917334813,1.05514691597646,0.0393388012661793,0.154879796439479,0.440702391309213
1991-04-01,0.0288482473107316,1.08877356486283,1.05717633920437,0.0412284664287327,0.166826894092922,0.456130858988574
1991-05-01,0.028592612025813,1.08734868052393,1.05638122500816,0.0404142891065791,0.165407280325313,0.453675621377094
1991-06-01,0.027915958176496,1.09367162647928,1.05905032206018,0.0393348342402907,0.159706972821711,0.446141017013681
1991-07-01,0.028837896547768,1.0986606566731,1.06183734781786,0.0412233257336811,0.171982169002054,0.461741805271881
1991-08-01,0.028595758072766,1.08802897015885,1.05670465515754,0.0404144356830524,0.166612266575802,0.455001870610281
1991-09-01,0.0279358860023153,1.08785547528618,1.0563102580627,0.0393406941716971,0.155902046286185,0.441862807280588
1991-10-01,0.0288640628460036,1.09031292343475,1.05791161553352,0.041232457645163,0.164791866918339,0.453899024633786
1991-11-01,0.0121550633937374,1.06377706507047,1.03727148252721,0.00945086951045392,0.0116398503501023,0.145226443392917
1991-12-01,0.0187554884806779,1.07004963464504,1.04345825174068,0.0243180757523009,0.0334046120731333,0.240255463674469
1992-01-01,0.0239916755873803,1.08273945704379,1.05201289565821,0.0335438538373767,0.0669281502610564,0.316973191450686
1992-02-01,0.0116775652961946,0.849161384293343,0.927814070592561,0.00855437862116724,0.0257196455535879,0.185132450355834
1992-03-01,0.0186084689862035,1.03698271275426,1.02741967167291,0.0240022181453939,0.0385767767177682,0.25015793983634
1992-04-01,0.0238940383218843,1.08501171271077,1.05304593965917,0.0333915523852483,0.0707949623859851,0.322779359270746
1992-05-01,0.0119044193957661,1.06680463525079,1.03860919245236,0.00924050927228638,0.00759247088493433,0.129741975309538
1992-06-01,0.0186234542361755,1.07549948837869,1.04600331864429,0.0241644506522176,0.0279972211424662,0.228389298774447
1992-07-01,0.0239459543637427,1.07441941053357,1.04802927673673,0.0334578710658129,0.06085862346569,0.307109906273801
1992-08-01,0.0119931804984646,1.06286879171545,1.03675550262051,0.00924220559759905,0.00697094593963064,0.127330874249844
1992-09-01,0.0187019582700775,1.07426086664722,1.0454486237579,0.0241807109919192,0.0262179730464155,0.22449651230773
1992-10-01,0.0239712548292384,1.08524591845297,1.05319379664059,0.0334662275260453,0.0586462936330595,0.303500446719778
1992-11-01,0.0119564647427767,1.0876925302693,1.04864149975675,0.00924187277945463,0.00700678272353602,0.12747021417959
1992-12-01,0.018658619564108,1.09051440963393,1.0531728391855,0.0241740816550182,0.0263796900950897,0.224841659285169
1993-01-01,0.0239630792040706,1.08686854107348,1.05395997090855,0.0334673251891839,0.059194637896306,0.304404275734573
1993-02-01,0.0118076833035812,0.795379862691973,0.898436166900884,0.00855155663421474,0.0248548007944697,0.182774061148415
1993-03-01,0.0187534936684512,0.961505687993669,0.990080391514811,0.024035210743284,0.0369306069477447,0.246912570945727
1993-04-01,0.024029204428121,1.02675498345114,1.02507764968282,0.0334368296192462,0.0641488989657595,0.312387145358137
1993-05-01,0.0121044444586945,1.02080536301483,1.01632170471437,0.00924322530342743,0.00675830525135447,0.126497156311049
1993-06-01,0.0187799122867716,1.04112721744391,1.02951791132096,0.0242038249723483,0.024460735481987,0.220600454338461
1993-07-01,0.0240774651373048,1.04866980148542,1.03573513343071,0.033511499593109,0.0542819049711429,0.296299518332804
1993-08-01,0.0122009456239676,1.03277134825493,1.02223886341642,0.00924509250271687,0.00635045043635634,0.124882116169903
1993-09-01,0.0188877824027675,1.03994692717979,1.02899694342722,0.0242313988477332,0.0238891994826226,0.219364077119194
1993-10-01,0.0241603469927735,1.0461928932966,1.03457877432769,0.0335416868860295,0.0533882873051571,0.294838895316046
1993-11-01,0.0122091658602639,1.03237629280451,1.02204963610618,0.00924524132044515,0.00632147715343445,0.124766656098012
1993-12-01,0.0188265606090586,1.03990928016221,1.02894890095246,0.0242177298528869,0.0243004222349954,0.22026836379263
1994-01-01,0.0240954521971237,1.04296949831004,1.03298835932801,0.0335213417444287,0.0546083954233975,0.296866530898696
1994-02-01,0.0118926295498645,0.772785834845848,0.885820785709904,0.00855197627887247,0.0244525350609217,0.181671437875617
1994-03-01,0.0187326489611538,0.954462388566577,0.986506481239597,0.0240383128425585,0.0369746031770464,0.24700792703799
1994-04-01,0.0239554739294239,1.02572693718421,1.02454009736741,0.0334251096030931,0.0682415451941521,0.318852089215745
1994-05-01,0.0119877439530391,1.02774402165394,1.01967238150642,0.0092420544563238,0.00747247772893779,0.129284694319403
1994-06-01,0.0186772541381643,1.04023412168942,1.02903419565512,0.0241834298092558,0.0278434237277053,0.228093957694984
1994-07-01,0.0239469353296051,1.05226358764045,1.03740566943219,0.0334704095176833,0.0632146259121218,0.310942173771596
1994-08-01,0.0119876743998478,1.04560226259442,1.02839191799346,0.00924240374811832,0.00731579447290037,0.128678662648547
1994-09-01,0.0186543429006156,1.0565319383078,1.03691189655072,0.024177263117963,0.0287550763700033,0.23007029249333
1994-10-01,0.0239262409189178,1.0680466227502,1.04497505408939,0.0334625915158597,0.0653044433861014,0.314272230561278
1994-11-01,0.0119326834753475,1.07552906604301,1.04281434086723,0.00924170641059471,0.00772662950210003,0.130262565277576
1994-12-01,0.0186542198993905,1.07343539705646,1.04503091674641,0.0241797232864269,0.029175487405448,0.230987468690133
1995-01-01,0.0239403518896192,1.06627505659471,1.04413380774896,0.0334710194369562,0.0660116149415925,0.315408678350087
1995-02-01,0.0117467879599219,0.814000720260331,0.908706502794083,0.0085511204720227,0.0249240245571774,0.182962140972388
1995-03-01,0.0186864102672431,0.965829884036073,0.992227944730099,0.024025564084589,0.0376841998941541,0.248414500339137
1995-04-01,0.023967176919581,1.01495523441165,1.01927543447845,0.0334277015139273,0.066702598065682,0.316433720674029
1995-05-01,0.0121007245147683,0.988309398106288,1.00020504028977,0.00924324605834663,0.00695586631932336,0.127275733655988
1995-06-01,0.0187999673752525,1.00796836819554,1.01329577891689,0.0242156275393274,0.0252268308646784,0.22235660188986
1995-07-01,0.0240557501748402,1.02521553497506,1.02433943844309,0.0335134165228825,0.0554484547029304,0.298264766987006
1995-08-01,0.0121224914307675,1.01793712806156,1.01491852849986,0.00924419985590858,0.00649975279331272,0.125474908444762
1995-09-01,0.0187984301290555,1.02462158135958,1.02147932504219,0.0242164699801468,0.0245947810998838,0.220932684499217
1995-10-01,0.0240910299342308,1.02911026191464,1.02625595825256,0.0335291770781319,0.0546341201725637,0.296923049375921
1995-11-01,0.0122477072113908,1.00941003527007,1.01077086546925,0.00924575365287554,0.00632903945216678,0.124799010833589
1995-12-01,0.01888690710349,1.01988158389849,1.01919992690442,0.024238584173977,0.0239801611428089,0.219587671140221
1996-01-01,0.0241449073030452,1.02888086196034,1.0261704387008,0.0335469990436716,0.053590272446025,0.295190229326271
1996-02-01,0.0119614313340888,0.757909555423775,0.877422923542498,0.00855198368941473,0.0245771700163189,0.182014157981553
1996-03-01,0.0187924150162143,0.940436174147906,0.979402159056289,0.024056932731843,0.0354654029941123,0.243971997831627
1996-04-01,0.0240173337913304,1.00535083226148,1.01457782651348,0.0334535534360457,0.0635789885391327,0.311500468659645
1996-05-01,0.012078350096715,1.00653775350449,1.0092651304792,0.0092433492442784,0.0069643865622973,0.127309606104864
1996-06-01,0.018720462802659,1.02938407201027,1.02376976650658,0.0241964637722893,0.0266154900652192,0.225415070120674
1996-07-01,0.02400134226783,1.03738461542843,1.03023587478609,0.033496115120831,0.0592792945812829,0.304590560756754
1996-08-01,0.0121079795481956,1.0194688979038,1.01566573115961,0.00924408138982505,0.00672116880293375,0.126353671069577
1996-09-01,0.0187327470639963,1.0335079221999,1.0257878285805,0.0241998437570358,0.0264712139468,0.225102327184407
1996-10-01,0.0240278035498795,1.03457425634402,1.02888389038506,0.0335060206699475,0.0581477553898568,0.302743746524688
1996-11-01,0.0121815427694948,1.01209312933013,1.01206455925481,0.00924500384194646,0.00653641279176488,0.12562410848922
1996-12-01,0.0188024749489023,1.02372904871843,1.02104432992272,0.024218296920256,0.0251350975274358,0.222156238822347
1997-01-01,0.0240350717753563,1.03398080287739,1.02859898631719,0.033509845642366,0.057560615560539,0.301778828288045
1997-02-01,0.0118676369220512,0.781876613184615,0.890923257136475,0.00855162208388237,0.0243192081089871,0.181303144464925
1997-03-01,0.0187465007825277,0.957957786921061,0.988283505732838,0.0240446330958638,0.0355882352897048,0.244198420112761
1997-04-01,0.023991422976257,1.01785273916968,1.02070767712697,0.0334430841737234,0.065373821391592,0.314351563643821
1997-05-01,0.0121041369549085,1.00149385871303,1.00677604047173,0.00924359048075742,0.00707636299433832,0.127749573287333
1997-06-01,0.018772953171143,1.01438673081275,1.01644462907917,0.0242113491855777,0.02626466507912,0.224668676643402
1997-07-01,0.0240698618063947,1.01885769189332,1.02123824531777,0.0335235706441904,0.0575871226127463,0.301845479106341
1997-08-01,0.0121738170959773,1.00636652631408,1.00922759742788,0.00924490256244032,0.00658241018570471,0.125806648266874
1997-09-01,0.0188105968493577,1.01733730381383,1.01791350352728,0.0242212039649076,0.0252371247488746,0.222392285643595
1997-10-01,0.0240939573842689,1.02080688290792,1.02220391326398,0.0335339506750263,0.0562498751422261,0.299639493086696
1997-11-01,0.0122824804129393,1.00040888429269,1.00632567526901,0.0092463638830661,0.00642795756307029,0.125197130343057
1997-12-01,0.0188998503415377,1.00841120149655,1.01356354109552,0.0242449806688335,0.0244130901906671,0.220585744914536
1998-01-01,0.0241821197951854,1.01058074599083,1.01723294568452,0.0335664670553733,0.0544140164425043,0.296615042602154
1998-02-01,0.0120185033963501,0.755563489396868,0.876117567905825,0.00855194032085151,0.024516751117731,0.181847989921754
1998-03-01,0.0189112808131813,0.926431886340983,0.972287594878267,0.0240893473263478,0.0340312685122192,0.241082176526111
1998-04-01,0.0241557017653365,0.98158665820377,1.00286706993953,0.0335092848950465,0.0603075584370864,0.306295353102415
1998-05-01,0.0123473272091699,0.968867809858022,0.990563040430639,0.00924678773744804,0.00656454868183897,0.125743136668714
1998-06-01,0.0189538210713801,0.987417631091216,1.00318066775761,0.0242589555655581,0.0243883078197064,0.220561246335943
1998-07-01,0.0242032877801045,0.99944593560983,1.01175551562121,0.0335773600970701,0.0544236736155087,0.296649681800906
1998-08-01,0.01244868097319,0.982052642274893,0.997246871766507,0.00924847564361495,0.00619441480147356,0.124269426831737
1998-09-01,0.0191091338692783,0.990165660515127,1.00462669404332,0.0242946890727821,0.0237937142005843,0.219290682139863
1998-10-01,0.0243802639382569,0.998352423880343,1.01130247098413,0.0336313678842105,0.0533742904506109,0.294967215694933
1998-11-01,0.012583257349423,0.98773982492692,1.00016152809251,0.00924995520894978,0.00622875029862799,0.124413445847215
1998-12-01,0.01913579374896,0.998849780469097,1.00895271158665,0.0243000904566173,0.0237002078942752,0.219089703890649
1999-01-01,0.0166705865885367,1.00433243793783,1.01044694295463,0.0188793494251152,0.0852342992401597,0.322666466595577
1999-02-01,0.0106520515550454,0.723434412353952,0.856788459252923,0.00701426366543763,0.0290897964381453,0.190010684182714
1999-03-01,0.014236090053899,0.897641370007185,0.954922750834372,0.0151745164542569,0.0698124727943094,0.291525280633715
1999-04-01,0.0155342828105283,0.971227526245031,0.993358852105099,0.0172992824169286,0.112579818536662,0.360387431736445
1999-05-01,0.0109338819328453,0.945542165864403,0.977995934448221,0.00742666779017472,0.0239769424887213,0.17721063816514
1999-06-01,0.0141169917494269,0.997123610076284,1.00560459516935,0.0151660950913953,0.0815216418624895,0.310946517835278
1999-07-01,0.0154050247831244,1.02965034404482,1.02227949643331,0.0172777676421106,0.128628921770329,0.381977341490879
1999-08-01,0.0108281613937052,0.977816353688043,0.994306046990437,0.00742472410695348,0.0265581486329119,0.184344440490798
1999-09-01,0.0140911081447417,1.00660809806509,1.01029659318926,0.0151623420312268,0.0824447294973347,0.312421304536937
1999-10-01,0.0153385324711035,1.04228286698072,1.02840721479958,0.0172670139688848,0.131560441446611,0.385781616222826
1999-11-01,0.0108194966587,0.981421743396898,0.996113065899448,0.00742458870143404,0.0264580253126936,0.184072306483424
1999-12-01,0.0140603671152404,1.01448168943434,1.01417062496879,0.0151582667880264,0.0836820595171798,0.314388813899614
2000-01-01,0.0153049699638332,1.05865534486247,1.03632056566793,0.0172627255042991,0.138726717622512,0.394954988735186
2000-02-01,0.0103435193620942,0.78457182336106,0.891580250298959,0.00696567931586511,0.035601809305985,0.206318900302057
2000-03-01,0.014057458881425,0.94209335436292,0.977829644285928,0.0151362680017888,0.0840091245529351,0.314873613620964
2000-04-01,0.015403917517059,0.996880810366541,1.00612361461383,0.0172777899393884,0.12823547625788,0.381462011473316
2000-05-01,0.0108131446037021,0.965243294084055,0.987955686601255,0.00742439533769766,0.0277976922242997,0.187675484712301
2000-06-01,0.0141324115951717,0.98927763718031,1.00170357330674,0.0151695494302059,0.0836738581163367,0.31439371422874
2000-07-01,0.0154233422200329,1.01231137129548,1.0137725156639,0.0172806570136137,0.124188059365858,0.376123272850101
2000-08-01,0.0109339307574329,0.951827468147683,0.981204055691331,0.00742669419937202,0.0244393252276083,0.17851055830673
2000-09-01,0.0141744149025478,0.979264432098826,0.996714024683797,0.015173842983414,0.0723148184883984,0.295784822923375
2000-10-01,0.0154650559359594,1.00467436982615,1.01001951751543,0.0172854315893644,0.108339903442107,0.35443664459459
2000-11-01,0.0109569023937401,0.953393763026491,0.982013577004021,0.00742695020656255,0.0222119964517964,0.172159654560408
2000-12-01,0.0142898743915572,0.976041533508207,0.995153961907284,0.0151879373382432,0.0651917807588333,0.283513170941098
2001-01-01,0.0155539179812359,1.00595662907367,1.010698049397,0.0172945938090065,0.0999919316834887,0.342471203887999
2001-02-01,0.0105597930563683,0.723079790077226,0.856527631272683,0.0069660667001698,0.0295788182623605,0.191167164969642
2001-03-01,0.0142789991810705,0.889714839690928,0.950785905907317,0.0151625196529752,0.0628220307135381,0.279257140224764
2001-04-01,0.0155145267592785,0.970041145858257,0.992751566414042,0.0172875734966596,0.100795818207638,0.343632640627018
2001-05-01,0.0109287486655529,0.952483419919725,0.98153561758363,0.00742588039613246,0.0220099673262058,0.171568784230518
2001-06-01,0.0141869854944275,0.989330667555859,1.00175728250424,0.0151712572369192,0.0679648562264319,0.288333337412362
2001-07-01,0.015474052801507,1.02099738369615,1.01807241220733,0.0172817101990385,0.105101040569506,0.349832460998896
2001-08-01,0.0110109010922533,0.969400243547098,0.990157131287429,0.00742733760405366,0.0213966984247841,0.16977642954438
2001-09-01,0.0143166000067804,0.998072151610044,1.00617530859032,0.0151846223639788,0.0636679862918922,0.280807066606008
2001-10-01,0.0156678745810833,1.03029446605096,1.02272300288594,0.0173023977244641,0.097862730744358,0.339359880464415
2001-11-01,0.0111622513074798,0.985556855370062,0.998358205594336,0.00743022036605595,0.0208206855341619,0.168080058008729
2001-12-01,0.0142417035933005,1.03306342625161,1.0233792697944,0.0151744602008276,0.0707243025887842,0.293084907133772
2002-01-01,0.0155216157121466,1.06634950592662,1.04013033877431,0.0172859060627733,0.112995315232621,0.360944900636364
2002-02-01,0.010564528134644,0.761031421699673,0.878405344834785,0.00696607618432066,0.0309410769351197,0.194697594025813
2002-03-01,0.0141450652924656,0.951994363507923,0.982923918113904,0.0151423629693147,0.0750040861955405,0.300243982728805
2002-04-01,0.0154548843353053,1.02133958333781,1.01823104827594,0.0172777038121878,0.117333682472096,0.366894244005386
2002-05-01,0.0109696896667659,0.980154837628244,0.995552372954336,0.0074268365579881,0.0236222262113332,0.176207442434539
2002-06-01,0.014292140866361,1.00708890590852,1.01063398259453,0.0151807987103885,0.0685803777073158,0.289415231834305
2002-07-01,0.0156863463449837,1.03234699421065,1.02373499527741,0.0173036349292049,0.099659811739187,0.341999191034704
2002-08-01,0.0114789715625242,0.984619428229552,0.998047293364436,0.007436287007591,0.0200032939740911,0.165648969153696
2002-09-01,0.0148436484258739,1.02531299931926,1.01988070270259,0.0152399037666964,0.0600748862977935,0.274435402352703
2002-10-01,0.0161135253680575,1.06402759149544,1.03929837720623,0.0173517705727955,0.0931936635487957,0.332483735123376
2002-11-01,0.0117144753330629,1.00879380386048,1.010202098193,0.00744072299522987,0.0200086749171127,0.16567859823267
2002-12-01,0.0148713301866576,1.03737088106685,1.02578858019258,0.0152433698983497,0.0606722181438613,0.275527835331044
2003-01-01,0.0161513633697744,1.06946771428168,1.04193045720501,0.017359662019472,0.0932486040154829,0.33257821040314
2003-02-01,0.0112581312342545,0.727838189886967,0.859707113569047,0.00696730940043049,0.0291873075023447,0.190143674369607
2003-03-01,0.015062561484852,0.9157479134413,0.96478519626192,0.0152431573738448,0.0597611644028917,0.273869169087607
2003-04-01,0.0162726772599365,1.00779276674878,1.01196118700705,0.0173729912965384,0.0909414573749276,0.329111605191105
2003-05-01,0.0123409113330823,0.99037717979791,1.00135812331603,0.00745302401247768,0.019683219608342,0.164730821708688
2003-06-01,0.0156902183580039,1.04678362932605,1.03076372058976,0.0153346318575819,0.061773276522159,0.277683107840108
2003-07-01,0.016436586396757,1.07481262073164,1.04462874128965,0.0173904934065174,0.0939512424236484,0.333679091089277
2003-08-01,0.0116454476823152,1.01518520504304,1.01332652818593,0.00744041422130573,0.0201429973592188,0.166082544478715
2003-09-01,0.0148745675649473,1.04498367773607,1.02949416962944,0.0152452784740057,0.060531557251498,0.275275926527373
2003-10-01,0.0161206583886829,1.07369616317937,1.04394292064655,0.0173573714519011,0.0932887323503133,0.332635091056573
2003-11-01,0.011676519041448,1.01220247231925,1.01186905840662,0.00744091506937931,0.0201137257983674,0.165995906177673
2003-12-01,0.0148148270097023,1.03368011496529,1.0239604201213,0.0152392110788046,0.0612223798122743,0.276516890788029
2004-01-01,0.00778172238470912,1.09185969095259,1.04863788475207,0.00509045470266216,0.115291038556086,0.34696036266229
2004-02-01,0.00654537074690258,0.779916486444205,0.886826847355845,0.0034964387958229,0.0646904787399603,0.261126248270416
2004-03-01,0.00759258929694197,0.994745348311996,1.00116828635796,0.00481750830372177,0.106576381177573,0.333757231354311
2004-04-01,0.00730253150709187,1.07381272729905,1.03976692523187,0.0048747451812997,0.125184110678619,0.36063673670318
2004-05-01,0.00685133755612748,1.02862726477816,1.0175846904972,0.00368481697324437,0.0752985285042659,0.281039757823533
2004-06-01,0.00700124957281311,1.06793656991992,1.03679208112945,0.00477661864095788,0.126200375635116,0.361907438823899
2004-07-01,0.00711499885569148,1.08053614080996,1.04290514413615,0.00485678143210999,0.133764695133361,0.372319052111856
2004-08-01,0.00698942108857697,1.01469957672477,1.01078632648713,0.00368324317910896,0.0702153804831473,0.271843012899461
2004-09-01,0.00725139829087976,1.05737878590892,1.03180918012964,0.00477964980360243,0.113744345444795,0.344273140469013
2004-10-01,0.00729177249991795,1.08091526377154,1.04317162359386,0.00485669872996622,0.125122401126054,0.360526143096476
2004-11-01,0.00702668578088547,1.01750087344285,1.01218948780539,0.00368018012997809,0.0692042898863377,0.269971239239138
2004-12-01,0.00719417335526635,1.05846035451182,1.0323054431064,0.00477392386297393,0.11504371369788,0.346146843927334
2005-01-01,0.00723507724338176,1.07264886902916,1.03917464666558,0.00485176827244221,0.129038788158877,0.365910585295533
2005-02-01,0.00632148300785378,0.776220130812081,0.88461382185671,0.00346914783226471,0.0704150301200034,0.27181644165184
2005-03-01,0.00705286790725742,0.972747651443238,0.989848735590694,0.00477004733492538,0.119522763393047,0.352551855374458
2005-04-01,0.00718123140451249,1.04152296551068,1.02406259423689,0.00485003689006255,0.130456895373028,0.36784090618512
2005-05-01,0.00708142480984561,0.994381548446016,1.00073121928711,0.00367897586503485,0.0710713027044532,0.273404971735132
2005-06-01,0.00736112868141101,1.0368530356491,1.02186797793576,0.00477549293724106,0.11681259861054,0.348694840150784
2005-07-01,0.00733513028967229,1.05437895910703,1.0303951132438,0.00485258937404843,0.130885164113104,0.368426048871618
2005-08-01,0.00706151954174497,0.993326739339344,1.00019411060108,0.00367860280526981,0.0714229259027079,0.274046581274019
2005-09-01,0.00726121815849133,1.04187968593207,1.02427579493541,0.00477346813988558,0.116411194104489,0.348115874737672
2005-10-01,0.00718830057446619,1.06250366586597,1.03425913892043,0.00484999888562086,0.130735683822107,0.368219612062866
2005-11-01,0.00694595020718132,0.995796443622283,1.00137025811109,0.00367784841388259,0.0727487335383175,0.276453580103785
2005-12-01,0.00718833717357639,1.03172889223864,1.0192728925132,0.0047738265375684,0.121638895963062,0.355545668656827
2006-01-01,0.00723964690054512,1.05088053437756,1.02864968831867,0.00485106616419405,0.129221737218425,0.366159532693905
2006-02-01,0.00623728068594865,0.7734379232245,0.882992187910204,0.00347075211913964,0.0704323519390265,0.271851253552685
2006-03-01,0.00702821211001347,0.966761126736747,0.98680765037912,0.00476985275339699,0.117562819041542,0.349760878022313
2006-04-01,0.00701911513722441,1.03702209330221,1.02178334711398,0.00484718884138359,0.132457102978859,0.370545937530346
2006-05-01,0.00675746674502966,0.99537863288567,1.00106748005851,0.00367575510663767,0.0731716396657562,0.277213626599404
2006-06-01,0.0069654051372418,1.04004110359224,1.02323335985956,0.00476950682375778,0.12250801499201,0.356759753637889
2006-07-01,0.00701411773823074,1.05832568326805,1.03215299302297,0.00484774635245804,0.133510921924885,0.371965950427378
2006-08-01,0.00684484481120127,0.99572574706097,1.00128447100321,0.00367670848552929,0.0709352635850906,0.273151921228132
2006-09-01,0.00710119951196653,1.0338190104822,1.02025497303084,0.00477167917456474,0.11748365692908,0.349650305453385
2006-10-01,0.00714431928646723,1.05063558807247,1.02848427667074,0.00484976569294869,0.129959248636352,0.367163470853652
2006-11-01,0.00696496927726926,0.987875896276381,0.997417097083086,0.00367776223847116,0.0700788951370438,0.271581769225246
2006-12-01,0.00716404489863958,1.03286823152754,1.01981972741567,0.00477224721391663,0.115705567457674,0.347099142424165
2007-01-01,0.00712395128507349,1.05523806975474,1.03070947460466,0.00484907279182922,0.129430239098552,0.366441416723576
2007-02-01,0.00620302465773823,0.776404162146149,0.884650884136724,0.00347125655605339,0.0695539236533963,0.270231715772686
2007-03-01,0.0070762313886679,0.971975384854139,0.989470371584115,0.00476938955788805,0.112350519460568,0.342227861253954
2007-04-01,0.00711249120471417,1.04333928397732,1.02491549660547,0.00484781783550897,0.126286159601325,0.362124256902011
2007-05-01,0.00688891987325429,0.994511037085793,1.00069973366592,0.00367691161500698,0.0710033578872053,0.273276909932421
2007-06-01,0.00698006184938945,1.03908481320126,1.02277312980477,0.00476975413615403,0.125403077395135,0.360794722149991
2007-07-01,0.00702554218591284,1.05383578705096,1.02998122761382,0.004847553363718,0.133097297291248,0.37140927647942
2007-08-01,0.00687420068698468,0.990092917685923,0.998482407643173,0.00367693459500812,0.0718049341864279,0.274739638169369
2007-09-01,0.00713625731468996,1.03031669951991,1.01855434652973,0.00477157489844302,0.117260426774476,0.349330791189267
2007-10-01,0.0071541992907209,1.05336446518018,1.02981486902788,0.00484859164701042,0.127707151383161,0.364082055353147
2007-11-01,0.00704117925257357,1.00043372618378,1.00373049442385,0.00367783626501936,0.0681470882506077,0.268001724837037
2007-12-01,0.00725694759101979,1.04906618123542,1.02777581642421,0.00477252488781046,0.111925449940669,0.341610852913779
2008-01-01,0.0140093161902987,1.07883039080221,1.04538973928029,0.0146328919060917,0.120385187449098,0.367448063479984
2008-02-01,0.0110478283323912,0.718875562324242,0.854355541128302,0.00683985019053016,0.0337526344665107,0.201475766922578
2008-03-01,0.0151528082085731,0.927044598574855,0.970668536001568,0.0152095922505404,0.0669654180875229,0.286661839696293
2008-04-01,0.0162672929021678,1.01557450301219,1.01579613895425,0.0173527098366517,0.0969443287429147,0.338078450333005
2008-05-01,0.0117377097757973,0.966015024032658,0.988813801384495,0.00743757851165453,0.0205955138112769,0.167430858335408
2008-06-01,0.0146800794015932,0.998511104062108,1.00657398310492,0.0152240665100441,0.0626556173426125,0.27906931728991
2008-07-01,0.0159875252334415,1.03164082330355,1.02353717496581,0.0173425551199224,0.0961525691432113,0.33689037425123
2008-08-01,0.0117459728600894,0.96906637820702,0.99035970791784,0.00743996398476751,0.0206739687039087,0.167672098718529
2008-09-01,0.0150080551126583,0.994984273527936,1.00498374546089,0.0152634502618874,0.0620856209013551,0.278117009841618
2008-10-01,0.0163024759137408,1.01664420943367,1.01633984736771,0.0173850497914863,0.0968219604712268,0.33794527702383
2008-11-01,0.0125842714544112,0.982480523374642,0.99752934534732,0.00746219134273445,0.0199449214819265,0.165550937250929
2008-12-01,0.0169614948126818,1.03560442554296,1.02594635354664,0.0155136246617184,0.0600597143192435,0.274906054827757
2009-01-01,0.0185145328883242,1.06649977312516,1.04164019988357,0.0176925507301851,0.0904935172085474,0.328916506029619
2009-02-01,0.0126213124352985,0.634863677590002,0.804664520173035,0.00697254706356016,0.0218182281280657,0.169678446455718
2009-03-01,0.0164363651568956,0.769453540121839,0.886504317687587,0.0154049304844856,0.0491223683055452,0.254022240738938
2009-04-01,0.017725361652354,0.846701956678622,0.92974583533941,0.0175826205265347,0.0782299833700364,0.309536110811923
2009-05-01,0.0134549972230304,0.811232819362014,0.908123238654889,0.00747898652025145,0.0159450735561782,0.153049208022876
2009-06-01,0.0159624695553027,0.853355198357941,0.932372065172077,0.0154032251306686,0.0502528440532234,0.256234402810965
2009-07-01,0.0172350318419417,0.910513398727432,0.963196984302471,0.017547409286116,0.0796376893068096,0.311745246303654
2009-08-01,0.0131362055418173,0.862105931608062,0.935543765491428,0.00747952244068872,0.0160854417172083,0.153508840650619
2009-09-01,0.016715001956964,0.907203966517977,0.961207037258332,0.0156244853237723,0.0501954844814141,0.256554029017645
2009-10-01,0.0186050948061951,0.971471573354525,0.995025963561113,0.0182831479885085,0.081141280799078,0.315316394733269
2009-11-01,0.0156887099377047,0.931539632164462,0.97325656540409,0.0076459209347994,0.0160450984137238,0.153918872619712
2009-12-01,0.0184985558991227,0.96738128369488,0.992914819908537,0.0162500847757312,0.0506432370986602,0.258637433242737
2010-01-01,0.0102407972123072,1.07830862748115,1.04333572003141,0.00572608818040103,0.102212139204931,0.328539537020025
2010-02-01,0.00753003741080376,0.667933475009507,0.821865872524411,0.00357681744030172,0.050252119537584,0.23201063979457
2010-03-01,0.00923523759581339,0.833184316704852,0.917834164923417,0.00540871452874203,0.0854607254288873,0.301445583742123
2010-04-01,0.00910367269488021,0.965594219653779,0.98726789289871,0.00520877796810698,0.103957722452179,0.33040354177927
2010-05-01,0.00887460692414669,0.913730568123527,0.960523385997277,0.0037897081382892,0.0533963035123835,0.239135968960491
2010-06-01,0.00929403436119336,0.981912044372752,0.995593329996714,0.00498211937384361,0.090987974530108,0.309790403182461
2010-07-01,0.00971164413639064,1.03832251872528,1.02373539689788,0.00510234995284627,0.104222523848838,0.330643121509709
2010-08-01,0.0101594386309442,0.947218629968243,0.978456983520066,0.00383383113166844,0.0539681021178311,0.240420326198721
2010-09-01,0.0105444961789652,0.999885970307278,1.0052017043789,0.00506839233774138,0.0933362329665195,0.313695115206247
2010-10-01,0.0111157206275728,1.06415489057528,1.03695255976484,0.00523233879963059,0.114441476203196,0.345939033650189
2010-11-01,0.0108166514066854,0.964710556348369,0.987687808852096,0.0038659909263144,0.0550188690765214,0.242662028349793
2010-12-01,0.00968800798802951,0.982962305139234,0.996318379398505,0.00500595891418398,0.0869319577929894,0.303212659213255
2011-01-01,0.00956055194777345,1.01633231810802,1.01286369766904,0.00512295069640557,0.0989219816251859,0.322559967016354
2011-02-01,0.00757160013043375,0.658212883432557,0.815956177477069,0.00355789582955705,0.0478774292646531,0.226793573749809
2011-03-01,0.00987227872854208,0.789407375203314,0.894024414617328,0.00601963049777678,0.0798075980342058,0.292962844968406
2011-04-01,0.0108648730463075,0.896685391498021,0.952654325841398,0.00665436343470829,0.095192418833699,0.319134426642453
2011-05-01,0.0113888875484068,0.880947331927192,0.944635495561965,0.0045583016817837,0.0448494767304149,0.22227860538567
2011-06-01,0.0119575538352903,0.957336911793383,0.984527534215612,0.00669349250759685,0.0770845229325261,0.289444321830854
2011-07-01,0.0122114034609075,1.02037272852714,1.01616146944668,0.00705993808514022,0.0925131173101176,0.315551985250066
2011-08-01,0.0127456233778394,0.972744983527755,0.992718795483189,0.0045090040337804,0.0483220614426495,0.229850093487973
2011-09-01,0.0137379678088224,1.03897523084973,1.0260181278411,0.00659370275980766,0.0905685732127069,0.311708639553854
2011-10-01,0.0134928593818126,1.0719893753725,1.04186478717457,0.00667142155942808,0.104146132948723,0.332892707201812
2011-11-01,0.0135428540808803,0.986892120568805,1.00021746367962,0.00446614381955401,0.0508166994523382,0.235123038581701
2011-12-01,0.0138931815432544,1.03719202453918,1.02522446619384,0.00644780911811146,0.0936558989563607,0.316391700388098
2012-01-01,0.0141773058509208,1.08973498467309,1.0506723040625,0.00685269206617813,0.11041653782243,0.342445951777224
2012-02-01,0.0108140783970955,0.728408396741167,0.859780480784638,0.00357802780393552,0.0571410524291236,0.246412418991128
2012-03-01,0.0121197124500722,0.843941289632265,0.925235646785367,0.00605047019223303,0.0891509403815323,0.308547258250281
2012-04-01,0.0129889057133932,0.942350087848984,0.977414443090738,0.00658111902163845,0.106574046885642,0.336385442472293
2012-05-01,0.0138276985020211,0.909874821054372,0.961094438417159,0.0044688803417634,0.0521783233215069,0.23800673028986
2012-06-01,0.0143915293525153,0.991331009332243,1.00285718758194,0.00588973967900176,0.107220238583413,0.336318269296235
2012-07-01,0.0149153307976383,1.07495968487544,1.04397079253832,0.00550766996232903,0.139438136257638,0.38071748872355
2012-08-01,0.0143216993600669,0.974301526119094,0.994295341173417,0.00403753910779257,0.0632010603620216,0.259304067592111
2012-09-01,0.0142609056413898,1.04813691241909,1.03072683969153,0.00561253136108353,0.117028374200956,0.350201235808842
2012-10-01,0.0141521437343701,1.10375559382072,1.05731156125103,0.00548205021596973,0.14070879845133,0.382349118826368
2012-11-01,0.0144483583954693,1.0207758260025,1.01745967212365,0.00402450898025214,0.0655370550244427,0.263745263473479
2012-12-01,0.0143421194836229,1.07075471801285,1.04167981524865,0.00552088436316966,0.117254808312033,0.350393625334712
2013-01-01,0.0137029692433011,1.09949846273458,1.05508361373774,0.00570450811797573,0.129124559197767,0.367190777819573
2013-02-01,0.0103615000748992,0.736398768764428,0.864152919823412,0.0035357875298895,0.0595773889268096,0.251223359695509
2013-03-01,0.0127451908608667,0.878227597650419,0.943913549278368,0.00611132269697716,0.0980855092397812,0.322795340636693
2013-04-01,0.0142869315988648,0.991132284723145,1.00270594708619,0.00683148554837651,0.118291397330545,0.353727130538388
2013-05-01,0.0144668673779542,0.91303810581131,0.963070596160668,0.00463968880428376,0.0481005262665926,0.229652378761633
2013-06-01,0.0133306397615123,0.90721753740774,0.959452019211618,0.0066670791187615,0.0761103212257113,0.287710619102724
2013-07-01,0.0128724787368861,0.932383813024344,0.972242918082323,0.00704290039610456,0.0859217559389011,0.304901059911253
2013-08-01,0.0125367176123176,0.876700363567923,0.942993680350108,0.00464795740706688,0.0403735602124525,0.212182745810114
2013-09-01,0.0124942740875907,0.922572798074245,0.966988661857954,0.00677211177287541,0.0709786412593729,0.278838220178383
2013-10-01,0.0128936749027367,0.975544296592216,0.994202178379706,0.00715664440634509,0.085764892779141,0.304830341641849
2013-11-01,0.0128010096573452,0.920845873854577,0.966254047086956,0.0046879375862129,0.0400275362750009,0.211460336378276
2013-12-01,0.0125767434992407,0.956578732652661,0.984456944793373,0.00685821621839048,0.0699098065691718,0.277070429291114
2014-01-01,0.0126234249270493,0.994935030921131,1.00377211350395,0.0072161199141764,0.0838670667195486,0.301799911586675
2014-02-01,0.0096316354630515,0.665343099777605,0.82156846047098,0.00367209091529746,0.0439247993991293,0.218167115566088
2014-03-01,0.0113717314185151,0.77299828921114,0.885646668050897,0.00637780069282678,0.0710796319870987,0.278311754476748
2014-04-01,0.0121763467603251,0.862317834602563,0.935143936173939,0.00701932123069964,0.0843741034958992,0.302313454425368
2014-05-01,0.0126365786603159,0.851955847172641,0.929834622840512,0.00467887318235152,0.0411755672501463,0.214136499533587
2014-06-01,0.0127863239012383,0.921017498044834,0.966335253390909,0.00684001285124409,0.0734124375962438,0.283288634518732
2014-07-01,0.0130083468032238,0.982353037230043,0.99767799616573,0.00716124178871529,0.0878990864607076,0.308318549959977
2014-08-01,0.0130526799001578,0.931447357046007,0.971853917492832,0.00466778335198718,0.0417373767195915,0.215418569467859
2014-09-01,0.0129593083457501,0.983491341644072,0.998223747458365,0.0067037535341685,0.0758349326070881,0.287295468361853
2014-10-01,0.0133727495132519,1.03141514124617,1.02214866372726,0.0070585502010322,0.0893741745406947,0.310536189101571
2014-11-01,0.0131785922556256,0.962833177037793,0.987933079359842,0.00461976670696813,0.0421488018653344,0.216260418413316
2014-12-01,0.0133934772765984,1.00937333862947,1.01131934417674,0.00646118559189161,0.0768709785776306,0.288673109536587
2015-01-01,0.0141422689802154,1.05597705762892,1.03446572036445,0.00682492074749993,0.0924864640959511,0.315137088968358
2015-02-01,0.00895668993200018,0.651929248643659,0.812948915108237,0.00350802394156324,0.0490512110779653,0.22925800971728
2015-03-01,0.0114328530260961,0.795494997348618,0.898291628801424,0.00582720526269496,0.0819153333571813,0.296213670548603
2015-04-01,0.0129109092253543,0.916535457777805,0.964077988029578,0.00651121533960414,0.0970546022653147,0.321816434640804
2015-05-01,0.0129033216925743,0.876244858311323,0.942946541434824,0.00449299992653847,0.0454720284618961,0.223528585170744
2015-06-01,0.0128426730343496,0.941537648753048,0.976923907879932,0.00641220355133947,0.0803375053956643,0.2945330354086
2015-07-01,0.0130343580119612,0.999584383899155,1.0062895914751,0.00661767373752308,0.094181340485815,0.317488604871636
2015-08-01,0.0116109356706595,0.913477406120527,0.961815128697395,0.00390148938856562,0.0476870887760348,0.227131191527277
2015-09-01,0.0120441075848403,0.949198859263548,0.980429990794033,0.00570190034083493,0.0830550361096025,0.297921023847659
2015-10-01,0.0127345535329015,0.993926647480056,1.00332507245307,0.00612336246803984,0.0972821525451052,0.321567279139444
2015-11-01,0.0105342801801313,0.881474284072884,0.944462050192074,0.00379088734778072,0.049273958694855,0.230358082216873
2015-12-01,0.0102158678067668,0.899953064536168,0.954027741914738,0.00495519037177438,0.0860586751759362,0.301685043626148
2016-01-01,0.0104388394639938,0.941654457191943,0.975752682115677,0.00505590333738177,0.0999496604811537,0.324045619965053
2016-02-01,0.0086557257268393,0.627280590865476,0.797456153397988,0.00344537445513143,0.0527282467226231,0.23700974911964
2016-03-01,0.0103202001149481,0.809204758180034,0.905276177912013,0.00488598896072097,0.0921431317008543,0.311494976944373
2016-04-01,0.0110251932873174,0.931540619215007,0.970858286518854,0.00505616606313512,0.109271381025203,0.338123567780091
2016-05-01,0.0108793993726652,0.867591942869784,0.937268020494911,0.00375911530732446,0.0564023492097584,0.245278340904946
2016-06-01,0.0114714774779012,0.9439266188174,0.977444676846368,0.00492340978756451,0.0998773091591434,0.323729391539767
2016-07-01,0.0121337379906575,1.01593063903225,1.01393509507409,0.00500837981509427,0.117777959276271,0.35040881708565
2016-08-01,0.0118681564065952,0.895815569728885,0.952724370495203,0.00374857560581343,0.0584225498795337,0.249341383419093
2016-09-01,0.0117015781300483,0.940741336346477,0.975931818559332,0.00489519420243748,0.0977065029790714,0.320314996810185
2016-10-01,0.011230370600595,0.985488030494606,0.99835785222294,0.00497370831375711,0.109789474587865,0.33876715145011
2016-11-01,0.00991888783946159,0.856018501617181,0.930557569125437,0.00372977618594443,0.0538509273160028,0.239959795594902
2016-12-01,0.00913368942246768,0.874558600577944,0.940049089143972,0.00484641906978871,0.0886004833049061,0.30569086079681
2017-01-01,0.00914856293390818,0.920175737562751,0.964014678569086,0.00492960027331208,0.10106860974807,0.325573662972578
2017-02-01,0.00763415611841339,0.633372149042211,0.800628693690542,0.00345597905725894,0.0499127289448045,0.231016683384693
2017-03-01,0.00881728876580783,0.794843294218344,0.896471183577114,0.00482561798850897,0.0883731151447926,0.305284675562501
2017-04-01,0.00925654928321495,0.893277314862065,0.950017823067167,0.00490976698187605,0.10333201061608,0.329001181757689
2017-05-01,0.0091627692584196,0.828004162944298,0.914968268413018,0.00370891338122215,0.0542254319079395,0.240695544805386
2017-06-01,0.00949680089540023,0.889380664957612,0.94809148601441,0.00481806835748834,0.0932865083065051,0.313216501263892
2017-07-01,0.00936237087713013,0.937806519850538,0.973226022426275,0.00489443461995911,0.10599362395935,0.332998586452418
2017-08-01,0.00936796204722715,0.850864452272721,0.927487150487783,0.003705083608395,0.0557927192837345,0.243921714679381
2017-09-01,0.0095168891989606,0.918428088256027,0.963299007294717,0.00481414320762067,0.097012019942711,0.319102120253582
2017-10-01,0.00924228065569193,1.00148440593168,1.00534903719423,0.00488672677321865,0.113670846266455,0.34432190322382
2017-11-01,0.00901684666057014,0.937469550566612,0.972875324605975,0.0036951425667514,0.0627772563286672,0.257822417364004
2017-12-01,0.00901950829360574,1.04608830079231,1.02718440850994,0.00479430734762132,0.111539485164447,0.341077399591453
2018-01-01,0.00875898384575912,1.07842368382551,1.04268052042381,0.00486869442575735,0.124580258315025,0.359790150978014
2018-02-01,0.00709344681274616,0.740048721742265,0.864373859250158,0.00345245320635636,0.0679773864847586,0.26726361460385
2018-03-01,0.00821132404372435,0.952723365468493,0.980272762812584,0.00478466008278711,0.11109239627708,0.340407191991984
2018-04-01,0.00831039002767814,1.03691677512818,1.022363519085,0.00486338029820203,0.124255600267226,0.359331296390154
2018-05-01,0.00803835586845251,0.989699142117548,0.998868108403707,0.00368511077081664,0.0679427184407472,0.267633759476572
2018-06-01,0.00825233528568573,1.03911267847883,1.02340852730692,0.00478473563099352,0.113003999749999,0.343203635442565
2018-07-01,0.00833918240670285,1.06084376356107,1.03401302988298,0.00486204209565838,0.125082386811944,0.36047805606944
2018-08-01,0.00820107344032552,0.993939464803842,1.00106969699625,0.00368480451079542,0.0679402881905934,0.267628647011841
2018-09-01,0.00823342501727932,1.03489633251087,1.02133723986162,0.004783516284635,0.113653252789,0.344146435509123
2018-10-01,0.00810975236201357,1.05269057703847,1.02995161507737,0.00485995731405864,0.125720720713872,0.361359485869585
2018-11-01,0.00794900906471446,0.986807073755601,0.997374595034541,0.00368373096999812,0.0680491883017101,0.267830019362483
2018-12-01,0.00843232664380391,1.03204562747793,1.020038212089,0.00478343514577489,0.112329078436368,0.342217056240836
2019-01-01,0.00865586525803956,1.06278143845545,1.03510255709929,0.0048601083104644,0.124487264001472,0.359648957056651
2019-02-01,0.00727126190761804,0.738261195048209,0.863442214022355,0.00344479366270987,0.0692818862535209,0.269678845881969
2019-03-01,0.00865676290578637,0.959319394594176,0.983857793331924,0.00477905131403419,0.113979435903343,0.344613533131502
2019-04-01,0.00885946123874352,1.05703638140665,1.03242231797138,0.00485831533681791,0.12820152028199,0.364773677255923
2019-05-01,0.00895702354936049,1.0161691368813,1.01248514084438,0.00368330783295021,0.0701881455409339,0.271793034079029
2019-06-01,0.00973463617360129,1.09289991849404,1.05006407169641,0.00478114628049874,0.122106509671391,0.356212936250061
2019-07-01,0.00996045303649537,1.12577787907745,1.06571024772869,0.0048573196973012,0.135360590323801,0.374456819968741
2019-08-01,0.010942337506242,1.07288604712556,1.04107078752206,0.00367974644370318,0.07675118023668,0.283603467327858
2019-09-01,0.011171139982634,1.11868171450365,1.06294536759247,0.0047718961790777,0.125565946959843,0.361023327693545
2019-10-01,0.0112493908584154,1.13973673472071,1.0728402143745,0.00485212073912734,0.137738871798111,0.377612225089758
2019-11-01,0.0106626127688184,1.04930623913033,1.02954788713258,0.00368389939104574,0.0722385952947699,0.275540368523045
2019-12-01,0.0105310319905699,1.09998629345048,1.05381085847559,0.00478377346128711,0.120532254001331,0.354000038789006
2020-01-01,0.0108413373679593,1.14536391643364,1.0752698516194,0.00485994411513365,0.138037180922712,0.378017360762499
2020-02-01,0.00904082923540953,0.763296565921177,0.878827284030592,0.00340182259117446,0.0820828064866325,0.292377545440492
2020-03-01,0.0198812406336707,0.892817625513245,0.955352744355149,0.014702409320864,0.116535214582972,0.362267337616622
2020-04-01,0.0266210945254986,1.00435474333181,1.01536980349886,0.0181057366349179,0.157251064193211,0.418756254673443
2020-05-01,0.0280245875813852,0.95874587339271,0.993363206976228,0.00765244369261654,0.0316840993634411,0.198334422267184
2020-06-01,0.0306163373634395,1.02052044990442,1.02524962193012,0.0163641978266726,0.0987693696408036,0.339313376493583
2020-07-01,0.0330211616325089,1.12655418326383,1.07683580219843,0.0189035543046035,0.165301054005018,0.429190643315556
2020-08-01,0.0328272240412893,1.02242939765235,1.02725684309896,0.00777638648422803,0.0290723586925993,0.191960269787337
2020-09-01,0.0343504278599142,1.08302918022436,1.05706178063738,0.0170849749049754,0.0936734595446618,0.332803897888287
2020-10-01,0.0335727212884869,1.13478785582992,1.08090729348932,0.0199421954959645,0.145802584861185,0.407117649282305
2020-11-01,0.0308911775783848,0.994661994519772,1.01269599194337,0.00789602676425019,0.0227164077892908,0.174964095041071
2020-12-01,0.0310901547286088,1.04519288173157,1.03744061828144,0.0175177557518657,0.0692718133297489,0.294600694299275
2021-01-01,0.0302005031517071,1.11435111354067,1.06983719167562,0.0210084401651513,0.106505594736386,0.357091073679443
2021-02-01,0.0202409421334593,0.5842081104482,0.777463216224188,0.00704331883170846,0.0251174652263108,0.17933428020883
2021-03-01,0.0150304059876129,0.836388148959407,0.922723444455065,0.00671749238694255,0.0839961276472279,0.301187018369269
2021-04-01,0.0151879621663097,0.994801887183011,1.00498251196194,0.00728663275353949,0.10298201824321,0.33206723866824
2021-05-01,0.0156475169218192,1.0289288438162,1.02204518527217,0.00477184983056583,0.0511673890184069,0.236514775117693
2021-06-01,0.0161639639389166,1.11255481696547,1.06241177558628,0.00709446513263811,0.088402771393009,0.3090262715784
2021-07-01,0.0170895765068635,1.21845554681525,1.11155077406393,0.00760095738900636,0.107331817197568,0.339017366202049
2021-08-01,0.01758468216795,1.13651189643834,1.07428887111721,0.0048493068521921,0.0491907222224003,0.232465113672122
2021-09-01,0.017296957090336,1.18265120264283,1.0954214530185,0.00716208970966671,0.0857788229256981,0.304862120696168
2021-10-01,0.0162062038656593,1.21048655876002,1.1075616292675,0.00749348174568562,0.1016655179555,0.330392190738803
2021-11-01,0.015822427149731,1.15716624386421,1.08304601518769,0.00476548283820504,0.0498388692458061,0.233675741325477
2021-12-01,0.0160466290353731,1.21711675130972,1.11047889684816,0.00684275913753384,0.0903359034372244,0.311734923572509
2022-01-01,0.0152573603540193,1.22014884053504,1.11148828193961,0.00689573749814887,0.107060857683809,0.337574577215107
2022-02-01,0.0090353877148262,0.732368826184374,0.861048322627249,0.00355542608075485,0.0528655287476344,0.237530955516095
2022-03-01,0.0105076028341548,0.906013118909835,0.957350887472294,0.00530601797808669,0.0929141294153259,0.313400937129123
2022-04-01,0.00941101414806864,0.975459023733936,0.992406185934975,0.0052214334118094,0.113621149390475,0.34473552587786
2022-05-01,0.00830758566100971,0.973929731193051,0.991078865103106,0.00372796892662849,0.0658346413632703,0.263747246980701
2022-06-01,0.00796681940643348,1.04579946936527,1.02653119230333,0.00478510090423932,0.11628303565709,0.347948468255472
2022-07-01,0.00826264214443696,1.07233318624102,1.03951711307965,0.00486002846616062,0.126453299637108,0.362371809200535
2022-08-01,0.00819739950299301,1.00874960929776,1.00843790527764,0.00368301511838256,0.0689673877470778,0.269537386767514
2022-09-01,0.0078587602414983,1.02664430564363,1.01710523835301,0.00478154474789362,0.118257630530219,0.350769404706443
2022-10-01,0.00755849064456995,1.0416340158551,1.02430098433013,0.00485688502908918,0.134380406804753,0.373145135079961
2022-11-01,0.00737684138161726,0.978401993979704,0.992863956119529,0.00368133794567875,0.0703840606202649,0.272149588583087
2022-12-01,0.00780728540826619,1.02560965790302,1.01657116982103,0.00478091807900143,0.114816900405181,0.3458291752935
2023-01-01,0.00797470695775126,1.05228572986412,1.02968948563238,0.00485774875875515,0.125412913654248,0.360930273616668
2023-02-01,0.0067666394747165,0.740168755286507,0.864254241968892,0.0034594218716739,0.0695896817414014,0.270275976759081
2023-03-01,0.00769653556793921,0.948514699222154,0.977860539540324,0.00477705530508129,0.112572314712906,0.342562943147661
2023-04-01,0.00790672867075375,1.04541795084005,1.02631607193437,0.00485426181767673,0.126345630093911,0.362215256320862
2023-05-01,0.00769122032866751,1.00212413373854,1.004895693128,0.0036799172013978,0.0691362222143308,0.269844657934391
2023-06-01,0.00776688334046726,1.04254315653882,1.02484634940038,0.00477904444214024,0.114023481870892,0.344677423561556
2023-07-01,0.00772831231694577,1.05573615402653,1.03124413518016,0.00485711543779138,0.126644456358892,0.362631454505375
2023-08-01,0.00734645251426302,0.986665441799577,0.997001451510398,0.00368052258395463,0.0694143968271049,0.270360720910156
2023-09-01,0.00736099421840309,1.02803856122374,1.01754584930712,0.00477599106621801,0.1158666406946,0.347336482047046
2023-10-01,0.00715925979171146,1.04695588779571,1.02670109943811,0.00484975512840096,0.129073124597704,0.365954750927085
2023-11-01,0.0070257517102229,0.988680576549233,0.997850854717004,0.00367830022287918,0.0693251836635444,0.270191568866283
2023-12-01,0.00743342813639537,1.04009789143016,1.02348977501808,0.0047748724723243,0.112030224095541,0.341767606083235
2024-01-01,0.00745246767233529,1.06927391675982,1.03765427018451,0.00485100135099674,0.123832440822495,0.358724744300545
2024-02-01,0.00648310209802032,0.75633984625924,0.873397359944063,0.0034650441612799,0.068519614817779,0.26829956947237
2024-03-01,0.00731910669645326,0.963439541728307,0.985270850286742,0.00477259711980838,0.111596322861643,0.3411288905699
2024-04-01,0.00724031935846772,1.03701716817512,1.02188917575909,0.00485012468619615,0.125724323737998,0.361350866090279
2024-05-01,0.00705504508873344,0.990074728065515,0.998563855321355,0.00367825860696659,0.0691412743775191,0.269850945865464
2024-06-01,0.0073303986794526,1.03681481361066,1.02183423914553,0.00477448694992539,0.113353160740723,0.343697028923219
2024-07-01,0.00738004928095333,1.06114898602115,1.03369678112206,0.00485128349787607,0.123952540597034,0.358892496570923
2024-08-01,0.00734205239562757,1.00564934718942,1.00647473867209,0.00367853321498788,0.0675585040423321,0.266902673754535
2024-09-01,0.00757489225619601,1.06218506328979,1.03429200690423,0.0047729390273221,0.113170421143022,0.343428828391479
2024-10-01,0.00738534784822896,1.07743519958382,1.04154718924879,0.00484966379828427,0.123946085835972,0.358881247259113
2024-11-01,0.00704899901115164,1.0068757912793,1.00693832496854,0.00367769930097649,0.0693199538296753,0.27018077861064
2024-12-01,0.00719903195205652,1.04493589772273,1.02573628661308,0.0047720594581139,0.115123791368988,0.346259802499657
2025-01-01,0.00711971014855483,1.06456002173187,1.03521965392878,0.0048478897946113,0.127917636480508,0.364370040309462
2025-02-01,0.00630338380741474,0.770047752387505,0.881107902696894,0.00346922847754216,0.0695988808501824,0.270311134302168
2025-03-01,0.00716975493388441,0.971212922189904,0.989132284946654,0.00477002390723327,0.111247956010661,0.340614121724121
2025-04-01,0.00722275086872605,1.05419618967338,1.03025188208617,0.00484753521528616,0.123322757531578,0.358008788644726
2025-05-01,0.00696680635525281,1.00927222349188,1.00808681662203,0.00367634345687479,0.0680331549202101,0.267786292362184
2025-06-01,0.00717056103858055,1.05914646910565,1.03262627806203,0.00476985886686537,0.112255943659192,0.342090342637814
2025-07-01,0.00719823421607307,1.08681269539375,1.04594977394224,0.00484727398053196,0.124088777852437,0.359076665675965
2025-08-01,0.00704693233359647,1.02567314789271,1.01622836027455,0.00367688259550251,0.0681331671582278,0.267973972157242
2025-09-01,0.00728276568561555,1.07440974685114,1.04004447623011,0.00477097141126757,0.112740420431129,0.34279934632726
2025-10-01,0.007417417650502,1.093376955405,1.04918748231929,0.00494393594894013,0.123663470009379,0.358618747360368
2025-11-01,0.00724225351920061,1.0184585493514,1.01276887929606,0.00378141086979024,0.0665553193390446,0.265210727929386
2025-12-01,0.00733199717105889,1.05675423884825,1.03154555692868,0.0048161213709491,0.111631105885413,0.341243647935551
2026-01-01,0.0072843450610538,1.0771549375447,1.04136414505482,0.00486190500832748,0.124011873999067,0.35898994276636
2026-02-01,0.00640785152405518,0.769149409346134,0.880657289114323,0.0034687100968586,0.0681978170175617,0.267706046092389
2026-03-01,0.00718692192866475,0.974920551544419,0.991013356859071,0.00477096874530111,0.111950316658694,0.341644969821004
2026-04-01,0.00721591665806626,1.0512820863844,1.02883332131228,0.00484880932553192,0.125222417164205,0.360653887390303
2026-05-01,0.00693275050579631,1.00263434445487,1.00477216072136,0.00367689199549659,0.0702170860005345,0.271834468005864
2026-06-01,0.00713951394177421,1.04398803826864,1.02524511811099,0.00480530961879465,0.119525787708486,0.352606150438815
2026-07-01,0.00714193582356377,1.05830863531474,1.03220665137283,0.00485132317558076,0.133068458776371,0.371375526861898
2026-08-01,0.0088105782743209,1.04762190982252,1.02782901695605,0.00403770219620938,0.0692816695944681,0.270775500720943
