"date","observed_irp","fitted_observable_irp","structural_irp","structural_error","definition_wedge","irp_fit_error","nominal_yield_contribution","real_yield_contribution","cpi10_contribution"
1968-10-01,NA,-0.0214786803988747,0.152346255359993,NA,0.173824935758868,NA,NA,NA,NA
1968-11-01,NA,0.0474013948632333,0.220935529202562,NA,0.173534134339329,NA,NA,NA,NA
1968-12-01,NA,0.202983737397866,0.378294185917167,NA,0.175310448519301,NA,NA,NA,NA
1969-01-01,NA,0.216263416815952,0.391104885942106,NA,0.174841469126154,NA,NA,NA,NA
1969-02-01,NA,0.255734727499689,0.4302125456265,NA,0.174477818126811,NA,NA,NA,NA
1969-03-01,NA,0.284885813741843,0.459016554137301,NA,0.174130740395458,NA,NA,NA,NA
1969-04-01,NA,0.239344154131255,0.413191939113801,NA,0.173847784982546,NA,NA,NA,NA
1969-05-01,NA,0.30680973303342,0.481631706243638,NA,0.174821973210218,NA,NA,NA,NA
1969-06-01,NA,0.337084563888762,0.511000930921127,NA,0.173916367032365,NA,NA,NA,NA
1969-07-01,NA,0.363375992993726,0.535577700896515,NA,0.172201707902789,NA,NA,NA,NA
1969-08-01,NA,0.377930231495418,0.549424852848783,NA,0.171494621353365,NA,NA,NA,NA
1969-09-01,NA,0.469327052973185,0.645234688072126,NA,0.175907635098941,NA,NA,NA,NA
1969-10-01,NA,0.447317738417143,0.624180423895234,NA,0.176862685478091,NA,NA,NA,NA
1969-11-01,NA,0.41965729092543,0.595376744809955,NA,0.175719453884525,NA,NA,NA,NA
1969-12-01,NA,0.431734621985128,0.610240829826756,NA,0.178506207841628,NA,NA,NA,NA
1970-01-01,NA,0.467929280059059,0.648664279387233,NA,0.180734999328174,NA,NA,NA,NA
1970-02-01,NA,0.477635805593062,0.658695789997728,NA,0.181059984404666,NA,NA,NA,NA
1970-03-01,NA,0.411942450446999,0.591365122293403,NA,0.179422671846404,NA,NA,NA,NA
1970-04-01,NA,0.485262939072111,0.666715576266582,NA,0.181452637194471,NA,NA,NA,NA
1970-05-01,NA,0.577829392452496,0.759971917177337,NA,0.182142524724841,NA,NA,NA,NA
1970-06-01,NA,0.584387743635926,0.766035854224361,NA,0.181648110588435,NA,NA,NA,NA
1970-07-01,NA,0.549213540226006,0.730655791550458,NA,0.181442251324452,NA,NA,NA,NA
1970-08-01,NA,0.538132020927353,0.720253682702498,NA,0.182121661775145,NA,NA,NA,NA
1970-09-01,NA,0.499911952251326,0.681545685023027,NA,0.181633732771701,NA,NA,NA,NA
1970-10-01,NA,0.482736145581071,0.663856946831666,NA,0.181120801250595,NA,NA,NA,NA
1970-11-01,NA,0.390807765249616,0.570727398027968,NA,0.179919632778352,NA,NA,NA,NA
1970-12-01,NA,0.312579100946474,0.490691535733243,NA,0.178112434786769,NA,NA,NA,NA
1971-01-01,NA,0.335195318054629,0.514724536627208,NA,0.179529218572579,NA,NA,NA,NA
1971-02-01,NA,0.328396165466135,0.508655799000163,NA,0.180259633534028,NA,NA,NA,NA
1971-03-01,NA,0.237633609350856,0.414850545070822,NA,0.177216935719966,NA,NA,NA,NA
1971-04-01,NA,0.344593070422723,0.522773938294785,NA,0.178180867872062,NA,NA,NA,NA
1971-05-01,NA,0.464193275374901,0.643020061129951,NA,0.17882678575505,NA,NA,NA,NA
1971-06-01,NA,0.463640373012942,0.642615558694156,NA,0.178975185681214,NA,NA,NA,NA
1971-07-01,NA,0.480275630775183,0.660182955376936,NA,0.179907324601753,NA,NA,NA,NA
1971-08-01,NA,0.491767134183522,0.667307690720849,NA,0.175540556537327,NA,0.198647584451809,NA,NA
1971-09-01,NA,0.382254256572127,0.556491172086126,NA,0.174236915513999,NA,0.0495332991039332,-0.250724112201385,NA
1971-10-01,NA,0.345011566012508,0.518551569236282,NA,0.173540003223774,NA,0.12273763438329,-0.0446980100896863,NA
1971-11-01,NA,0.333988538156013,0.508055306073254,NA,0.174066767917241,NA,0.091328131275125,-0.00912608508039058,NA
1971-12-01,NA,0.335130003223385,0.509908195385297,NA,0.174778192161912,NA,0.0479026030521131,-0.065104726808847,NA
1972-01-01,NA,0.384238365412739,0.55957417741217,NA,0.175335811999431,NA,0.0570116239805164,-0.148034002762695,NA
1972-02-01,NA,0.432968442056409,0.608907793022403,NA,0.175939350965994,NA,0.0719299088607284,-0.145073724101819,NA
1972-03-01,NA,0.422951023114099,0.598179116021889,NA,0.17522809290779,NA,0.0735597946711318,-0.111294185865011,NA
1972-04-01,NA,0.491705142851098,0.666872852550172,NA,0.175167709699074,NA,0.0530426085008241,-0.155738854157884,NA
1972-05-01,NA,0.421408469669651,0.596239070635086,NA,0.174830600965435,NA,0.0383008585305274,-0.0497463832565688,NA
1972-06-01,NA,0.40798551846196,0.582419304487873,NA,0.174433786025913,NA,0.044982808917677,0.02442409047468,NA
1972-07-01,NA,0.428843385550541,0.60251377252839,NA,0.173670386977849,NA,0.0605706913836934,0.0165372933045849,NA
1972-08-01,NA,0.436356405887253,0.611064761172392,NA,0.174708355285139,NA,0.0378357994561249,-0.0324228281904615,NA
1972-09-01,NA,0.408105252234587,0.58430063404562,NA,0.176195381811033,NA,0.0334424312225745,-0.133832077849118,NA
1972-10-01,NA,0.395707304558198,0.570804291041047,NA,0.175096986482849,NA,0.0628969248647047,-0.0305214389846433,NA
1972-11-01,NA,0.358245170950412,0.532991097767401,NA,0.174745926816989,NA,0.067620574710674,-0.0235229712766157,NA
1972-12-01,NA,0.323107981782148,0.498071839086142,NA,0.174963857303994,NA,0.0725494059286694,-0.145111661593537,NA
1973-01-01,NA,0.315333015038785,0.490020167181662,NA,0.174687152142877,NA,0.0651573936281496,-0.365095507151388,NA
1973-02-01,NA,0.347098822034734,0.522570088008717,NA,0.175471265973983,NA,0.0658716274935953,-0.263923990508423,NA
1973-03-01,NA,0.321147751117522,0.496067932201566,NA,0.174920181084044,NA,0.0441695598240002,-0.35566401103966,NA
1973-04-01,NA,0.264656514816808,0.439394380849699,NA,0.174737866032891,NA,0.0207842854588466,-0.266977329717237,NA
1973-05-01,NA,0.259268062067803,0.435107728861664,NA,0.175839666793861,NA,0.0207149950807083,-0.23695576468309,NA
1973-06-01,NA,0.138893924133509,0.314570197867595,NA,0.175676273734086,NA,0.0449880779627147,-0.30350261247638,NA
1973-07-01,NA,0.161740316185061,0.338271964767857,NA,0.176531648582796,NA,-0.00335678044319325,-0.415317044063109,NA
1973-08-01,NA,0.100710801832262,0.278596165473487,NA,0.177885363641225,NA,0.0163511005927749,-0.606423148671532,NA
1973-09-01,NA,0.0167713681612336,0.19379412693935,NA,0.177022758778116,NA,-0.0363311905761457,-0.13887940228911,NA
1973-10-01,NA,0.0495551196829622,0.226606338237876,NA,0.177051218554914,NA,0.0393466259438556,-0.0942744029026499,NA
1973-11-01,NA,0.00562489856578627,0.182572870312275,NA,0.176947971746489,NA,0.0964291279750819,-0.112218330040271,NA
1973-12-01,NA,0.0119036232696698,0.188900620920854,NA,0.176996997651184,NA,0.0851250864411675,-0.264902547054061,NA
1974-01-01,NA,-0.0151726501530964,0.163687560337854,NA,0.17886021049095,NA,0.0822483556274865,-0.431037355910436,NA
1974-02-01,NA,0.00451519391288027,0.184604327076776,NA,0.180089133163896,NA,0.112861676195447,-0.342181072916657,NA
1974-03-01,NA,0.0194165566877888,0.200055642817839,NA,0.18063908613005,NA,0.116411134114624,-0.472297355942788,NA
1974-04-01,NA,0.0998971228703446,0.281402850717315,NA,0.18150572784697,NA,0.0647552928798485,-0.54171505567136,NA
1974-05-01,NA,0.166976141049203,0.348603955205449,NA,0.181627814156246,NA,0.0653892493649885,-0.237397596587558,NA
1974-06-01,NA,0.196508141887169,0.377998948662968,NA,0.181490806775799,NA,0.0201248711243093,0.0168534167799773,NA
1974-07-01,NA,0.323506256508033,0.505045086574994,NA,0.181538830066961,NA,0.0910350786700872,-0.0411447175344852,NA
1974-08-01,NA,0.18917303085127,0.372617458888296,NA,0.183444428037026,NA,-0.00513255108442259,-0.0935843142111243,NA
1974-09-01,NA,0.233183747173442,0.4167766518959,NA,0.183592904722458,NA,0.0105652919342312,-0.0111243051930989,NA
1974-10-01,NA,0.24035527480141,0.422573403401835,NA,0.182218128600425,NA,0.137029912524907,0.190770227808739,NA
1974-11-01,NA,0.16364463633266,0.345551252927521,NA,0.181906616594861,NA,0.119117835506602,0.0758788137466535,NA
1974-12-01,NA,0.126800946523595,0.308057790833248,NA,0.181256844309653,NA,0.095578673845555,0.215875426203083,NA
1975-01-01,NA,0.245139830838652,0.426789629976299,NA,0.181649799137647,NA,0.101196464213207,0.0336789847635934,NA
1975-02-01,NA,0.257064745841789,0.439458139283758,NA,0.182393393441969,NA,0.0972927965582401,0.103559553624312,NA
1975-03-01,NA,0.301560983426082,0.484610492183839,NA,0.183049508757757,NA,0.107972833993191,-0.0229650747539637,NA
1975-04-01,NA,0.469364333463005,0.653345441930307,NA,0.183981108467302,NA,0.0572034933446132,-0.266650111428769,NA
1975-05-01,NA,0.45804462391328,0.642018108643885,NA,0.183973484730605,NA,0.0529981151507354,-0.165497762045025,NA
1975-06-01,NA,0.390688324127658,0.574223251099824,NA,0.183534926972166,NA,0.0721291783603712,-0.0509191816715806,NA
1975-07-01,NA,0.398226556105457,0.581427241700542,NA,0.183200685595085,NA,0.0928854458722959,0.00164939149407579,NA
1975-08-01,NA,0.460767683086582,0.644400222849667,NA,0.183632539763086,NA,0.0444667896890842,-0.0879345189166355,NA
1975-09-01,NA,0.490968245795057,0.675072793528925,NA,0.184104547733868,NA,0.0445528741398655,-0.0699513948016925,NA
1975-10-01,NA,0.45814049106581,0.642564713488488,NA,0.184424222422678,NA,0.0455664677501459,0.106902338257164,NA
1975-11-01,NA,0.466819271488923,0.65152484189813,NA,0.184705570409207,NA,0.053150214559471,0.28311481784764,NA
1975-12-01,NA,0.483603141268777,0.66767721283125,NA,0.184074071562473,NA,0.0554439065034162,0.291044440711453,NA
1976-01-01,NA,0.485549066257274,0.66966034092624,NA,0.184111274668966,NA,0.0794718819325354,0.328943954047468,NA
1976-02-01,NA,0.510664542612526,0.694626674959966,NA,0.18396213234744,NA,0.0772601237878291,0.181084505154792,NA
1976-03-01,NA,0.520626012550575,0.70391663314292,NA,0.183290620592345,NA,0.0544205413549177,0.0590365045552483,NA
1976-04-01,NA,0.482621743543766,0.665593884431889,NA,0.182972140888123,NA,0.0458404966375826,0.0147936583027442,NA
1976-05-01,NA,0.521906428815497,0.7053247080326,NA,0.183418279217103,NA,0.0367404876725486,-0.154197502226011,NA
1976-06-01,NA,0.497266751699201,0.680566611858123,NA,0.183299860158922,NA,0.0314492699772354,-0.086818708017577,NA
1976-07-01,NA,0.480253120047423,0.663932124650704,NA,0.183679004603281,NA,0.0336556988489542,-0.0669920807273901,NA
1976-08-01,NA,0.451030619684627,0.634832020625239,NA,0.183801400940612,NA,0.0371094265472285,0.0984249747837864,NA
1976-09-01,NA,0.419304881205415,0.602895502615194,NA,0.183590621409779,NA,0.0428549889175463,0.157101742673982,NA
1976-10-01,NA,0.355583130309417,0.53902028354159,NA,0.183437153232174,NA,-0.00153131959297892,0.117168808779967,NA
1976-11-01,NA,0.337934570331394,0.520965396949148,NA,0.183030826617754,NA,0.0106987020103508,0.128170441011622,NA
1976-12-01,NA,0.295241004465881,0.476430006405158,NA,0.181189001939277,NA,0.0276944348458198,0.221426441454138,NA
1977-01-01,NA,0.382017972583718,0.563985584305726,NA,0.181967611722008,NA,0.074242072508867,-0.142436669949248,NA
1977-02-01,NA,0.412088238067282,0.594803204790099,NA,0.182714966722817,NA,0.0572464179792693,-0.194279324518884,NA
1977-03-01,NA,0.421832323637756,0.604973061185006,NA,0.18314073754725,NA,0.048445069210477,-0.185628521204279,NA
1977-04-01,NA,0.396177899038632,0.579224880083078,NA,0.183046981044446,NA,0.0431224350726071,-0.0677644682405046,NA
1977-05-01,NA,0.391324812795831,0.574493324524076,NA,0.183168511728245,NA,0.0276936038149433,-0.017775970090966,NA
1977-06-01,NA,0.343339167653046,0.525849847216306,NA,0.18251067956326,NA,0.0139635462838721,0.0717315548377026,NA
1977-07-01,NA,0.349105180450798,0.531552138089774,NA,0.182446957638976,NA,0.0318046326843222,0.0737049536486735,NA
1977-08-01,NA,0.37155401049038,0.553465979291642,NA,0.181911968801262,NA,0.0428035994575568,-0.0247587831935535,NA
1977-09-01,NA,0.337963473527193,0.519478721276105,NA,0.181515247748912,NA,0.0236959560805213,-0.0519616591693139,NA
1977-10-01,NA,0.367814475598222,0.549584652142615,NA,0.181770176544393,NA,0.0276112278585185,-0.074063479054063,NA
1977-11-01,NA,0.380130134998498,0.562166033601729,NA,0.182035898603231,NA,0.0173875909338803,-0.0110014200814553,NA
1977-12-01,NA,0.398951171677672,0.581744602310705,NA,0.182793430633033,NA,0.0184057001244162,-0.126715438623278,NA
1978-01-01,NA,0.407756541236019,0.59166256511106,NA,0.183906023875041,NA,0.0158861130927127,-0.302936842022653,NA
1978-02-01,NA,0.415393093239167,0.59967490925201,NA,0.184281816012843,NA,0.0239312504047125,-0.134509487954926,NA
1978-03-01,NA,0.4383231395119,0.622499957162293,NA,0.184176817650393,NA,0.0349049975278987,0.0325712696608709,NA
1978-04-01,NA,0.47790080109354,0.662021385928318,NA,0.184120584834778,NA,0.0230375057100687,0.0352644290433387,NA
1978-05-01,NA,0.510774924537711,0.69485115310339,NA,0.184076228565679,NA,-0.00466041067454376,-0.052366759174282,NA
1978-06-01,NA,0.510110231241401,0.694609620578081,NA,0.18449938933668,NA,-0.0223073324560671,-0.0251727453779041,NA
1978-07-01,NA,0.515737618550928,0.70073783850235,NA,0.185000219951422,NA,-0.0354926453032561,-0.176472222597993,NA
1978-08-01,NA,0.454533676328,0.638660933621888,NA,0.184127257293888,NA,-0.0150858394641174,-0.0416447190410214,NA
1978-09-01,NA,0.363379221383357,0.547629769263514,NA,0.184250547880157,NA,-0.00434100941917349,-0.0384441625347213,NA
1978-10-01,NA,0.389620448399526,0.574185630080051,NA,0.184565181680525,NA,-0.0246036426348049,-0.109644285063751,NA
1978-11-01,NA,0.393567509626907,0.577516672725709,NA,0.183949163098802,NA,-0.0676797645574958,-0.1011823145197,NA
1978-12-01,NA,0.399119324126593,0.583715706107395,NA,0.184596381980802,NA,-0.0786294471051725,-0.0250276831370919,NA
1979-01-01,NA,0.382386903837676,0.567283330262285,NA,0.184896426424609,NA,-0.0718289709321203,-0.134850983200641,NA
1979-02-01,NA,0.326526239398691,0.512003931022115,NA,0.185477691623424,NA,-0.0487256191282898,-0.031422760936221,NA
1979-03-01,NA,0.308596598425924,0.494528751507814,NA,0.18593215308189,NA,-0.0155712666831762,-0.0500516713270038,NA
1979-04-01,NA,0.302560260905292,0.488973658176099,NA,0.186413397270807,NA,0.0070801694347096,-0.221839883200247,NA
1979-05-01,NA,0.277170766477106,0.46380204387743,NA,0.186631277400324,NA,0.0162448516154722,-0.0682443032746441,NA
1979-06-01,NA,0.242607727252622,0.428767769740157,NA,0.186160042487535,NA,0.0422930675220454,0.0599822455866724,NA
1979-07-01,NA,0.211016497090761,0.397339744781406,NA,0.186323247690645,NA,0.0569658919278612,-0.00664498099062971,NA
1979-08-01,NA,0.220302519671982,0.406742262408317,NA,0.186439742736336,NA,0.0449209226976503,-0.0637954843436264,NA
1979-09-01,NA,0.23242562307696,0.419020886110074,NA,0.186595263033114,NA,-0.00435815219824685,-0.113216049095378,NA
1979-10-01,NA,0.301374451158737,0.489756198138909,NA,0.188381746980172,NA,-0.0395868077507112,-0.412302268009797,NA
1979-11-01,NA,0.317052301202383,0.506279466438193,NA,0.18922716523581,NA,-0.0508935873347549,-0.383574963826532,NA
1979-12-01,NA,0.155884173567861,0.345093152670758,NA,0.189208979102897,NA,-0.0766143188052217,-0.218869742715409,NA
1980-01-01,NA,0.193953851949601,0.384076500643149,NA,0.190122648693548,NA,-0.0921022715870648,-0.293298775532319,NA
1980-02-01,NA,0.444555073604098,0.635980788729245,NA,0.191425715125147,NA,-0.131943258137725,-0.870050565086781,NA
1980-03-01,NA,0.341526382242588,0.532489406914074,NA,0.190963024671486,NA,-0.161314858941889,-0.633601614851502,NA
1980-04-01,NA,0.146810959196629,0.337440406142723,NA,0.190629446946094,NA,-0.15478653859082,0.129915287348073,NA
1980-05-01,NA,0.266634376418638,0.456964541511537,NA,0.190330165092899,NA,-0.0820607648875968,0.461140204983687,NA
1980-06-01,NA,0.386578771596801,0.576215342681364,NA,0.189636571084563,NA,-0.0133805469734558,0.562122667238801,NA
1980-07-01,NA,0.383345466718247,0.573593037190615,NA,0.190247570472369,NA,-0.0465019484528643,0.258024324598997,NA
1980-08-01,NA,0.521408997913774,0.712341567243933,NA,0.190932569330159,NA,-0.0500362676744831,-0.244165039964447,NA
1980-09-01,NA,0.558792294998447,0.7498225393132,NA,0.191030244314753,NA,-0.0673557954879632,-0.386041019515861,NA
1980-10-01,NA,0.443406371610411,0.634658854994323,NA,0.191252483383912,NA,-0.0818387569315716,-0.260286112531609,NA
1980-11-01,NA,0.385168607592587,0.576931792304472,NA,0.191763184711885,NA,-0.0105607381262578,-0.430923846249801,NA
1980-12-01,NA,0.217705562825639,0.409543759937001,NA,0.191838197111362,NA,0.0595999582493512,-0.378834800067492,NA
1981-01-01,NA,0.126685346293502,0.318639453794513,NA,0.191954107501011,NA,0.123193093118312,-0.112116369894175,NA
1981-02-01,NA,0.281894863920229,0.474126830555754,NA,0.192231966635525,NA,0.105663705499548,-0.326699171766505,NA
1981-03-01,NA,0.473874255896466,0.666146404341292,NA,0.192272148444826,NA,0.0905087921602661,-0.252202888794222,NA
1981-04-01,NA,0.566066151658581,0.758421179291236,NA,0.192355027632655,NA,0.0865160211768919,-0.355383461788744,NA
1981-05-01,NA,0.401400702068875,0.59371416422595,NA,0.192313462157075,NA,0.0448704206760846,-0.343706833237605,NA
1981-06-01,NA,0.423521721713594,0.615641040049317,NA,0.192119318335723,NA,0.0766324982497339,-0.144038985744253,NA
1981-07-01,NA,0.573958667311519,0.766269269626119,NA,0.1923106023146,NA,0.0322258421128228,-0.462330079197061,NA
1981-08-01,NA,0.681629771219172,0.874021492813732,NA,0.19239172159456,NA,-0.0246575584946659,-0.70115917718576,NA
1981-09-01,NA,0.850592518050639,1.0431035872477,NA,0.192511069197061,NA,-0.106196688107286,-0.709551213634528,NA
1981-10-01,NA,0.853748525946252,1.0463166006641,NA,0.192568074717848,NA,-0.119428495928193,-0.544694986335495,NA
1981-11-01,NA,0.71337224082746,0.905648726900324,NA,0.192276486072864,NA,-0.0446732993099629,0.265578594920005,NA
1981-12-01,NA,0.846231430266002,1.03854904010126,NA,0.192317609835258,NA,-0.061044403296244,-0.11819275213169,NA
1982-01-01,NA,0.880605180645264,1.07311173895209,NA,0.192506558306826,NA,-0.14532085571858,-0.451432352587411,NA
1982-02-01,NA,0.711765251713115,0.90422839016395,NA,0.192463138450835,NA,-0.105837382615439,-0.390569052237746,NA
1982-03-01,NA,0.695479021291692,0.887783411442365,NA,0.192304390150673,NA,-0.00079985103625807,-0.12162069298177,NA
1982-04-01,NA,0.707442744848614,0.899666228095482,NA,0.192223483246868,NA,0.013077780455955,-0.0447572431862176,NA
1982-05-01,NA,0.723470440504035,0.915658558957051,NA,0.192188118453016,NA,-0.0192898586283824,-0.109393973299708,NA
1982-06-01,NA,0.822242380937496,1.01463781347543,NA,0.192395432537934,NA,-0.0577643359353799,-0.484245068336602,NA
1982-07-01,NA,0.866400030491991,1.05870856141118,NA,0.192308530919189,NA,-0.0317898107810341,-0.116473244152389,NA
1982-08-01,NA,0.974263428757672,1.16624896148247,NA,0.191985532724798,NA,-0.0836924383414095,0.160090870390575,NA
1982-09-01,NA,0.99274294386577,1.18416196428382,NA,0.19141902041805,NA,-0.120776362484616,0.367826647684042,NA
1982-10-01,NA,0.748179383907149,0.939065950604843,NA,0.190886566697694,NA,-0.0457624078907794,0.66298279220349,NA
1982-11-01,NA,0.638979101124775,0.829726042492228,NA,0.190746941367453,NA,0.0161234921873706,0.547803296542003,NA
1982-12-01,NA,0.667554583364493,0.858529677904871,NA,0.190975094540378,NA,0.092926656670575,0.170355483005014,NA
1983-01-01,NA,0.616950170605804,0.808075420763605,NA,0.191125250157801,NA,0.0640464275763947,0.0653106050552693,NA
1983-02-01,NA,0.658920828290641,0.850197118718305,NA,0.191276290427664,NA,0.0679801534313657,-0.132119579399027,NA
1983-03-01,NA,0.593775622795529,0.78482646994793,NA,0.191050847152401,NA,0.0832152559085544,-0.156375258058183,NA
1983-04-01,NA,0.577700479226865,0.768625143160201,NA,0.190924663933336,NA,0.0858202744697806,-0.115919646222248,NA
1983-05-01,NA,0.575026791655175,0.766002053633651,NA,0.190975261978476,NA,0.077797063873554,-0.170978229349268,NA
1983-06-01,NA,0.639296284152123,0.83051901169553,NA,0.191222727543407,NA,0.0814114258589543,-0.324877736932566,NA
1983-07-01,NA,0.711785119172304,0.903381354502687,NA,0.191596235330383,NA,0.0387303798208352,-0.437717222981798,NA
1983-08-01,NA,0.760227666370362,0.952038722694759,NA,0.191811056324397,NA,0.00226182613961151,-0.565810429031453,NA
1983-09-01,NA,0.74200109215904,0.933785909865203,NA,0.191784817706163,NA,0.0487017266030086,-0.454889347041591,NA
1983-10-01,NA,0.729103385035717,0.92089472885796,NA,0.191791343822243,NA,0.0529866287020619,-0.294703432911925,NA
1983-11-01,NA,0.738279821641678,0.93014373589894,NA,0.191863914257262,NA,0.0676137790796755,-0.376236400841762,NA
1983-12-01,NA,0.741969364483408,0.93387220632868,NA,0.191902841845272,NA,0.059095803215814,-0.431176281379342,NA
1984-01-01,NA,0.705153515501522,0.896995859505373,NA,0.191842344003851,NA,0.079322893686213,-0.17937639999391,NA
1984-02-01,NA,0.712936421381463,0.904857116293135,NA,0.191920694911672,NA,0.0721052094495474,-0.433015397235138,NA
1984-03-01,NA,0.766252067063191,0.958397080372889,NA,0.192145013309698,NA,0.055537844526616,-0.665271361495212,NA
1984-04-01,NA,0.80153508266861,0.993784958295327,NA,0.192249875626717,NA,0.064736312054002,-0.523669293272718,NA
1984-05-01,NA,0.951908825069171,1.14433422427856,NA,0.192425399209389,NA,0.00383350942086344,-0.773265793710122,NA
1984-06-01,NA,1.02065275005839,1.21303975547049,NA,0.192387005412097,NA,-0.042556570467233,-0.739661097509194,NA
1984-07-01,NA,0.9348227760582,1.1271388709879,NA,0.1923160949297,NA,-0.0532220999470062,-0.44867273236756,NA
1984-08-01,NA,0.779483934785342,0.971557217048416,NA,0.192073282263074,NA,0.00726222246809766,-0.0713451175857176,NA
1984-09-01,NA,0.775853754749706,0.967801437117535,NA,0.191947682367829,NA,0.052777131245621,-0.0989868414455525,NA
1984-10-01,NA,0.752662941128362,0.944478318439427,NA,0.191815377311065,NA,0.0599198650525053,0.0500024283963806,NA
1984-11-01,NA,0.7406316873956,0.932280167468057,NA,0.191648480072456,NA,0.0363812552438197,0.121945617050362,NA
1984-12-01,NA,0.782152801414757,0.973887192000428,NA,0.191734390585671,NA,0.0313586826939244,-0.0665589458865756,NA
1985-01-01,NA,0.785727052805558,0.977477537864567,NA,0.191750485059009,NA,0.0476950414793204,0.0279976144612759,NA
1985-02-01,NA,0.768971576583331,0.960781472250821,NA,0.19180989566749,NA,0.0862246549319379,-0.0776374032680507,NA
1985-03-01,NA,0.849405832485643,1.04131641334648,NA,0.191910580860837,NA,0.0354482098863206,-0.281353185542573,NA
1985-04-01,NA,0.796462573794934,0.988247810899056,NA,0.191785237104122,NA,0.0264025357996238,-0.0510116209868254,NA
1985-05-01,NA,0.714876666839096,0.906372890441667,NA,0.191496223602571,NA,0.017964054185237,0.0628531134061411,NA
1985-06-01,NA,0.646824374539335,0.837806065272708,NA,0.190981690733373,NA,0.096697834956741,0.0746850070282383,NA
1985-07-01,NA,0.667798873784673,0.858957050315812,NA,0.191158176531139,NA,0.0827213292510301,0.0525217271180141,NA
1985-08-01,NA,0.699509515597931,0.890649670135002,NA,0.191140154537071,NA,0.0699475832359922,-0.0629233131171181,NA
1985-09-01,NA,0.712837855472405,0.903990061749802,NA,0.191152206277397,NA,0.0290646069854475,-0.200266486887813,NA
1985-10-01,NA,0.66950737407274,0.860542296122245,NA,0.191034922049505,NA,0.0358115599932103,-0.112971495713286,NA
1985-11-01,NA,0.571237702774791,0.761745187015782,NA,0.190507484240991,NA,0.0332683688799247,-0.0943522043910548,NA
1985-12-01,NA,0.485832106842576,0.675535013525026,NA,0.18970290668245,NA,0.00610730419988992,0.0952321737960709,NA
1986-01-01,NA,0.481460746789264,0.670845313741878,NA,0.189384566952614,NA,-0.00616515442417379,-0.0205698290390703,NA
1986-02-01,NA,0.428886182281766,0.617151412902286,NA,0.18826523062052,NA,-0.001187152631223,0.0106213488182336,NA
1986-03-01,NA,0.34820251267841,0.53344169681809,NA,0.18523918413968,NA,0.0387748176524122,0.363950601506472,NA
1986-04-01,NA,0.346867450089808,0.53004989823142,NA,0.183182448141612,NA,0.0693022048338265,0.484809927333396,NA
1986-05-01,NA,0.454658147768139,0.639727928611701,NA,0.185069780843562,NA,0.0606961015421473,0.0332989016868413,NA
1986-06-01,NA,0.480624697480237,0.66639663783407,NA,0.185771940353833,NA,0.0410291963412635,-0.0210140581330042,NA
1986-07-01,NA,0.410735092851495,0.595256796017952,NA,0.184521703166457,NA,0.0361920068211848,0.17637594104996,NA
1986-08-01,NA,0.371985372391341,0.556096528975365,NA,0.184111156584024,NA,0.00424867843445108,0.108091299689564,NA
1986-09-01,NA,0.429869219171463,0.615510477907966,NA,0.185641258736503,NA,-0.0232947897510636,-0.107322413507792,NA
1986-10-01,NA,0.39906924599952,0.584689479487768,NA,0.185620233488248,NA,-0.0287252117936093,-0.0646345124377909,NA
1986-11-01,NA,0.35230877173729,0.537064290775372,NA,0.184755519038083,NA,-0.0077204697448742,0.0324263793779644,NA
1986-12-01,NA,0.305771916016838,0.489413803491037,NA,0.183641887474199,NA,-0.0239389486505835,0.127439241587667,NA
1987-01-01,NA,0.310729187307038,0.493964961454497,NA,0.183235774147459,NA,-0.0210977491929984,0.0825961713005911,NA
1987-02-01,NA,0.32849030269012,0.511895019915342,NA,0.183404717225222,NA,-0.0372929644676456,0.0306648185535999,NA
1987-03-01,NA,0.327628921583305,0.510714729042897,NA,0.183085807459592,NA,-0.0272395204650805,0.0628683496984596,NA
1987-04-01,NA,0.479489391784425,0.665249862563111,NA,0.185760470778686,NA,-0.0562137398653208,-0.330256636590778,NA
1987-05-01,NA,0.626304287941736,0.813322873358932,NA,0.187018585417197,NA,-0.0579608707146882,-0.420428050939091,NA
1987-06-01,NA,0.564002521098996,0.750564448464654,NA,0.186561927365658,NA,-0.0602153469121822,-0.230573320616675,NA
1987-07-01,NA,0.530432677259545,0.717592993438871,NA,0.187160316179326,NA,-0.0504632904734625,-0.102177343158441,NA
1987-08-01,NA,0.538462321493953,0.726442524232028,NA,0.187980202738075,NA,-0.0276841827703583,-0.243152641722468,NA
1987-09-01,NA,0.628992579686507,0.818137551606381,NA,0.189144971919874,NA,-0.0725043661051653,-0.441023047346653,NA
1987-10-01,NA,0.699052587782947,0.888274873515559,NA,0.189222285732612,NA,-0.032971877297891,-0.101625780598907,NA
1987-11-01,NA,0.597147784420582,0.78527823879932,NA,0.188130454378738,NA,-0.0107908789508011,-0.0113446580812013,NA
1987-12-01,NA,0.609052769642881,0.797433108002039,NA,0.188380338359158,NA,-0.0808107840549178,-0.148298087432438,NA
1988-01-01,NA,0.529115650604229,0.716909838508672,NA,0.187794187904443,NA,-0.0971579377876321,0.144628469983282,NA
1988-02-01,NA,0.4432096644096,0.630031182473657,NA,0.186821518064057,NA,-0.111136738557701,0.24215782610145,NA
1988-03-01,NA,0.472000254028913,0.659320565226183,NA,0.18732031119727,NA,-0.117628264750738,0.133805256199586,NA
1988-04-01,NA,0.517698664012833,0.705859337134263,NA,0.18816067312143,NA,-0.116325067724272,0.0776714455651164,NA
1988-05-01,NA,0.560980236928672,0.749749747934497,NA,0.188769511005825,NA,-0.116131996222519,-0.0447971478504708,NA
1988-06-01,NA,0.528130711555057,0.716239687198394,NA,0.188108975643337,NA,-0.0661077777430619,-0.0131022608650787,NA
1988-07-01,NA,0.530541919631241,0.718897674544301,NA,0.18835575491306,NA,-0.114984162062691,-0.046052232809551,NA
1988-08-01,NA,0.55415238995193,0.742643749326529,NA,0.188491359374599,NA,-0.10404006784944,-0.0607873675672096,NA
1988-09-01,NA,0.489545521334474,0.677316234292367,NA,0.187770712957893,NA,-0.0668754651882899,-0.0127469244377298,NA
1988-10-01,NA,0.442464773995077,0.629791334233476,NA,0.187326560238399,NA,-0.069793483953972,0.163936276027541,NA
1988-11-01,NA,0.455375800817041,0.642844873598382,NA,0.187469072781341,NA,-0.0405016979110419,0.00446156512395393,NA
1988-12-01,NA,0.505267582761293,0.692557288819077,NA,0.187289706057784,NA,-0.00812580328803832,-0.0903579164558252,NA
1989-01-01,NA,0.501632262404725,0.688756486169985,NA,0.18712422376526,NA,0.0124693673438963,0.0434268112212035,NA
1989-02-01,NA,0.504890041829563,0.692039398344898,NA,0.187149356515335,NA,0.00994427480448985,-0.0363761539521609,NA
1989-03-01,NA,0.537975705390694,0.72517987659511,NA,0.187204171204416,NA,0.0109600719549102,-0.203275580129678,NA
1989-04-01,NA,0.50459613973825,0.691492632167836,NA,0.186896492429586,NA,0.0079070603837432,-0.0334365158519635,NA
1989-05-01,NA,0.442772535888946,0.629195308519924,NA,0.186422772630978,NA,-0.00593225398326166,0.0813748190357243,NA
1989-06-01,NA,0.354525866478161,0.539487612497411,NA,0.18496174601925,NA,0.024866722573191,0.284501240809426,NA
1989-07-01,NA,0.284298063623624,0.468884768477821,NA,0.184586704854197,NA,0.003179999152534,0.366696848123785,NA
1989-08-01,NA,0.354293257734276,0.538762374863864,NA,0.184469117129588,NA,0.0297651507984484,0.133387377624579,NA
1989-09-01,NA,0.411493753435177,0.596056774575499,NA,0.184563021140322,NA,0.0146867897190352,0.0530414622074498,NA
1989-10-01,NA,0.382257253364926,0.566455338257175,NA,0.184198084892249,NA,0.0149495456430362,0.13970102969381,NA
1989-11-01,NA,0.333672711647135,0.517567447852644,NA,0.183894736205509,NA,0.0373879767159739,0.0515753686458427,NA
1989-12-01,NA,0.342296411331438,0.52594959437783,NA,0.183653183046392,NA,0.0505676060008172,0.028971846084869,NA
1990-01-01,NA,0.407318646591398,0.592357007069653,NA,0.185038360478255,NA,0.0307144804496642,-0.160233250769396,NA
1990-02-01,NA,0.453156047692716,0.6390759458148,NA,0.185919898122084,NA,0.0378982827859163,-0.282279193033439,NA
1990-03-01,NA,0.479379544140705,0.665462664784525,NA,0.18608312064382,NA,0.04979619292108,-0.282672629271018,NA
1990-04-01,NA,0.521403015956852,0.707981061895034,NA,0.186578045938182,NA,0.0286373032546361,-0.312019827661652,NA
1990-05-01,NA,0.501694122070252,0.688351185557806,NA,0.186657063487554,NA,0.0250381533342132,-0.304192804438448,NA
1990-06-01,NA,0.432288334164947,0.618389477151719,NA,0.186101142986772,NA,0.0434155134118867,-0.177663039234885,NA
1990-07-01,NA,0.409048138052562,0.595384496291452,NA,0.18633635823889,NA,0.0252009991357712,-0.107179446968483,NA
1990-08-01,NA,0.423650145212667,0.61116644942604,NA,0.187516304213373,NA,-0.0214107870209732,-0.322551649884373,NA
1990-09-01,NA,0.437532618055756,0.625677018119112,NA,0.188144400063356,NA,-0.0285324765997443,-0.353349583134711,NA
1990-10-01,NA,0.395824611591357,0.583605618781132,NA,0.187781007189775,NA,-0.00568636128524917,-0.240945382123952,NA
1990-11-01,NA,0.345521441685842,0.532427369889375,NA,0.186905928203533,NA,0.0123189725477733,-0.0715526989681758,NA
1990-12-01,NA,0.33058998375921,0.51652669247558,NA,0.18593670871637,NA,0.0169031833274772,-0.131539913682496,NA
1991-01-01,NA,0.366591136964282,0.552974862084126,NA,0.186383725119844,NA,1.09937430763096e-05,-0.222692821582985,NA
1991-02-01,NA,0.348982425101117,0.534856533167524,NA,0.185874108066407,NA,0.0213076787950087,-0.114518811146352,NA
1991-03-01,NA,0.431751791804639,0.618367694609291,NA,0.186615902804652,NA,0.0401751619747537,-0.189664705292707,NA
1991-04-01,NA,0.438259039694495,0.624794346764783,NA,0.186535307070287,NA,0.0339611537731398,-0.0611374548039608,NA
1991-05-01,NA,0.450815148349511,0.637744811038421,NA,0.18692966268891,NA,0.0181318069781927,-0.102597750768681,NA
1991-06-01,NA,0.497039963939602,0.684376993922716,NA,0.187337029983114,NA,0.0202285418191516,-0.199488460321233,NA
1991-07-01,NA,0.482683446698958,0.670064348947455,NA,0.187380902248497,NA,0.0532345938958016,-0.126296484546005,NA
1991-08-01,NA,0.394861738800444,0.581742350298991,NA,0.186880611498547,NA,0.0288405063513384,0.00280632507945969,NA
1991-09-01,NA,0.358221015176388,0.54446640109246,NA,0.186245385916072,NA,0.0412493059940792,-0.012981888511099,NA
1991-10-01,NA,0.325268977014627,0.511189196592467,NA,0.18592021957784,NA,0.0104001441348808,0.0250789544387004,NA
1991-11-01,1.35233047809505,0.408960254202067,0.594760849141456,-0.757569628953594,0.185800594939389,-0.943370223892983,-0.071832942640495,-0.641733393379032,-0.229803887873455
1991-12-01,NA,0.346120519604178,0.531492770536475,NA,0.185372250932297,NA,-0.061208699039399,-0.268782781328643,NA
1992-01-01,NA,0.377539319405446,0.563214909779296,NA,0.18567559037385,NA,0.0205486985854497,-0.192415060878805,NA
1992-02-01,1.28423382002059,0.517322137590981,0.703109304946715,-0.581124515073875,0.185787167355734,-0.76691168242961,-0.0536698891865143,-0.723083225185735,0.009841431942644
1992-03-01,NA,0.553129546276013,0.739337860720336,NA,0.186208314444323,NA,0.0896014307286665,-0.838176727981264,NA
1992-04-01,NA,0.511638633772667,0.698219519610292,NA,0.186580885837625,NA,0.0701617618555653,-0.587143441978338,NA
1992-05-01,1.20461422645647,0.495556244808252,0.681995151365261,-0.522619075091209,0.186438906557009,-0.709057981648218,0.0624511737747583,-0.692472736660119,-0.079036418762852
1992-06-01,NA,0.433664358480077,0.619767862364928,NA,0.186103503884851,NA,0.0216310142872683,-0.518861288664738,NA
1992-07-01,NA,0.314832723689301,0.50020783958044,NA,0.185375115891139,NA,-0.0659285345420615,-0.293385978134111,NA
1992-08-01,1.00613802321574,0.31704307549387,0.50139208316744,-0.5047459400483,0.18434900767357,-0.68909494772187,-0.0684018692888411,-0.483804396912046,-0.136888681520979
1992-09-01,NA,0.26769824581072,0.451818201604221,NA,0.184119955793501,NA,-0.0968118741093975,-0.304048190231115,NA
1992-10-01,NA,0.312877652830807,0.497603573786648,NA,0.184725920955841,NA,-0.0480572913332838,-0.248644455401896,NA
1992-11-01,1.05116509548411,0.439436838300864,0.624456631853095,-0.426708463631015,0.185019793552231,-0.611728257183246,0.0349505549010663,-0.533961380098987,-0.112717431985325
1992-12-01,NA,0.434544971626584,0.618987994911749,NA,0.184443023285165,NA,0.0681906362578723,-0.364993501345007,NA
1993-01-01,NA,0.383602258480245,0.567566714968684,NA,0.183964456488439,NA,0.034499019357509,-0.271193957341257,NA
1993-02-01,0.685873657270109,0.37553740291809,0.556093171357589,-0.12978048591252,0.180555768439499,-0.310336254352019,-0.176981713425562,-0.346374009344826,0.213019468418369
1993-03-01,NA,0.28372297318792,0.464167304618861,NA,0.180444331430941,NA,-0.0413765949034878,-0.232610040000202,NA
1993-04-01,NA,0.257700739502455,0.438395737233638,NA,0.180694997731183,NA,-0.030455741732268,-0.00747415018931968,NA
1993-05-01,0.0383494344962069,0.227910788431503,0.408664626573915,0.370315192077708,0.180753838142412,0.189561353935296,-0.0100870655139744,0.125225017578381,0.0744234018708895
1993-06-01,NA,0.242815900638604,0.421720836166333,NA,0.178904935527729,NA,0.00229201446212829,0.158632567648176,NA
1993-07-01,NA,0.234518886738377,0.411816249972653,NA,0.177297363234276,NA,-0.00360465656287015,0.234449375385944,NA
1993-08-01,0.0400553974575939,0.234975149527949,0.411584536504453,0.371529139046859,0.176609386976504,0.194919752070355,0.00549316997728033,0.19621383495016,-0.00678725285708608
1993-09-01,NA,0.191434941158271,0.365049906486175,NA,0.173614965327904,NA,-0.00355251632515527,0.322534129907672,NA
1993-10-01,NA,0.180755200407423,0.353605616736667,NA,0.172850416329244,NA,-0.0167674433045908,0.0911213187444359,NA
1993-11-01,-0.0662206129279398,0.228926225183549,0.405146349414803,0.471366962342743,0.176220124231254,0.295146838111488,-0.00570276647918998,0.220991059453251,0.0798585451374272
1993-12-01,NA,0.255426889561461,0.43175288866209,NA,0.176325999100629,NA,-0.000596057593874044,0.175197933314146,NA
1994-01-01,NA,0.258117684547868,0.434152827372177,NA,0.176035142824309,NA,-0.0116633264784172,0.101942218674836,NA
1994-02-01,0.392582424243056,0.339415954457008,0.515595538915922,0.123013114672866,0.176179584458914,-0.0531664697860479,-0.101940396762562,-0.0883132026925727,0.137087129669087
1994-03-01,NA,0.426733727913549,0.606694598595034,NA,0.179960870681485,NA,-0.038242973016768,-0.22331884740075,NA
1994-04-01,NA,0.529959510410765,0.712138030498427,NA,0.182178520087662,NA,-0.0220093602575341,-0.335024203263771,NA
1994-05-01,1.17272232189243,0.551530546886723,0.733863828449752,-0.438858493442678,0.182333281563029,-0.621191775005707,-0.0364665842239348,-0.522086619853168,-0.0626385709286034
1994-06-01,NA,0.522665614576603,0.704552368772237,NA,0.181886754195634,NA,-0.0406954723515228,-0.399521971598183,NA
1994-07-01,NA,0.528022889324034,0.710898233775332,NA,0.182875344451298,NA,-0.0410031848501888,-0.395844211472962,NA
1994-08-01,1.24537230509415,0.53619406193323,0.718420776981992,-0.526951528112158,0.182226715048763,-0.709178243160921,-0.0417520956943574,-0.552314449759172,-0.115111697707391
1994-09-01,NA,0.552974497205383,0.736276577914053,NA,0.18330208070867,NA,-0.0541872773912124,-0.589089726536665,NA
1994-10-01,NA,0.574932143641304,0.759137565299187,NA,0.184205421657883,NA,-0.0379964583947682,-0.518563304909145,NA
1994-11-01,1.71934018059123,0.646201072885885,0.830480166059794,-0.888860014531436,0.184279093173909,-1.07313910770534,-0.0385810440155645,-0.8867504610318,-0.147807602657979
1994-12-01,NA,0.648002972879177,0.830311571100711,NA,0.182308598221534,NA,-0.0297427317960106,-0.659529485564844,NA
1995-01-01,NA,0.607957612489538,0.790404493177266,NA,0.182446880687728,NA,-0.0407060910130728,-0.513753722472305,NA
1995-02-01,1.44602644390573,0.541792646076797,0.722886963971881,-0.723139479933849,0.181094317895084,-0.904233797828933,-0.0706394520046998,-0.7135687043863,-0.120025641437935
1995-03-01,NA,0.448128961894673,0.628800301687768,NA,0.180671339793095,NA,-0.0471856893298851,-0.487723214221864,NA
1995-04-01,NA,0.387426891701599,0.567750349582307,NA,0.180323457880708,NA,-0.0353144259239206,-0.290965278554769,NA
1995-05-01,0.683357402826435,0.304704487379888,0.482529783602239,-0.200827619224196,0.177825296222351,-0.378652915446547,-0.0152288729978824,-0.281109713777718,-0.082314328670946
1995-06-01,NA,0.21587086626842,0.390999272151931,NA,0.175128405883511,NA,-0.00375054812549666,-0.0734317746163846,NA
1995-07-01,NA,0.243173517826311,0.419103535673325,NA,0.175930017847014,NA,-0.0138147772161541,-0.0324022665768524,NA
1995-08-01,0.621058435162536,0.316684230117564,0.493893310100416,-0.12716512506212,0.177209079982852,-0.304374205044972,-0.0210379555806224,-0.221913240083659,-0.06142300938069
1995-09-01,NA,0.278334120967223,0.453468730198274,NA,0.175134609231051,NA,-0.00409296140139251,-0.0754208691938197,NA
1995-10-01,NA,0.249563290129335,0.422873159323848,NA,0.173309869194513,NA,0.00304412880551587,0.0588823660823889,NA
1995-11-01,0.18289736531179,0.207977635860676,0.380730230087417,0.197832864775627,0.172752594226741,0.0250802705488859,-0.000307335104452258,0.0458308115543326,-0.0204432059009945
1995-12-01,NA,0.193257109455347,0.364247115523274,NA,0.170990006067927,NA,0.015016763402273,0.125554362922209,NA
1996-01-01,NA,0.169568818798415,0.34057963010801,NA,0.171010811309595,NA,-0.0049914176725091,0.102406124799796,NA
1996-02-01,-0.00588966702847454,0.198284156117015,0.371047168558973,0.376936835587448,0.172763012441958,0.20417382314549,-0.061252547270468,0.218284738438414,0.0471416319775443
1996-03-01,NA,0.321897536900434,0.498114208655826,NA,0.176216671755392,NA,-0.0296673834008956,-0.118995333674285,NA
1996-04-01,NA,0.396760728209792,0.574431166208149,NA,0.177670437998357,NA,-0.0244672561463936,-0.0607691878870749,NA
1996-05-01,0.701883904942832,0.437309587307374,0.616008166648898,-0.085875738293934,0.178698579341524,-0.264574317635458,-0.0317718703759268,-0.200483015698766,-0.0323194315607648
1996-06-01,NA,0.471758011198265,0.651121063641944,NA,0.179363052443679,NA,-0.0188538115422594,-0.277491528444081,NA
1996-07-01,NA,0.449725564932821,0.628496491347594,NA,0.178770926414773,NA,-0.0174811124211065,-0.112206097938385,NA
1996-08-01,0.533050476025037,0.40871456401909,0.586139791522701,0.053089315497664,0.177425227503611,-0.124335912005947,-0.0144322872275164,-0.0830707041184859,-0.0268329206599445
1996-09-01,NA,0.450031403579343,0.628803565837651,NA,0.178772162258308,NA,-0.0312920036536341,-0.191553519479875,NA
1996-10-01,NA,0.383968368633933,0.561153046013744,NA,0.177184677379811,NA,-0.0110492041212027,0.0304666700223217,NA
1996-11-01,0.144527988288538,0.315298422113933,0.490101341348174,0.345573353059636,0.174802919234241,0.170770433825395,0.00632272603977302,0.163007239981418,0.00144046780420348
1996-12-01,NA,0.355676468724153,0.530719164281223,NA,0.17504269555707,NA,-0.0127858760109789,0.0958650704360466,NA
1997-01-01,NA,0.400481647010211,0.577387023916848,NA,0.176905376906637,NA,-0.0194034134424634,-0.0838658029800564,NA
1997-02-01,0.43299666407335,0.383201243407284,0.559052173475061,0.126055509401711,0.175850930067777,-0.0497954206660656,-0.0196891722037337,-0.0303232774198012,0.000217028957469508
1997-03-01,NA,0.444849300483396,0.622607780429346,NA,0.17775847994595,NA,-0.0176911260438655,-0.117878214700168,NA
1997-04-01,NA,0.490798966185109,0.669443194267389,NA,0.17864422808228,NA,-0.0242762767448369,-0.224201414194298,NA
1997-05-01,0.700343946613133,0.472831475375341,0.650183211049233,-0.0501607355639,0.177351735673892,-0.227512471237792,-0.0292200532040061,-0.15363663845622,-0.0446557795775657
1997-06-01,NA,0.441642229949206,0.617655450126916,NA,0.17601322017771,NA,-0.0254335718396323,-0.0306161368095879,NA
1997-07-01,NA,0.369761697426933,0.543853272682266,NA,0.174091575255333,NA,-0.00628991592196287,0.0607494579814969,NA
1997-08-01,0.322693652478339,0.369558113638029,0.544565300216628,0.221871647738289,0.175007186578599,0.0468644611596901,-0.0162670929871562,0.0610303675950828,0.00210118655176311
1997-09-01,NA,0.379963971866549,0.554235925832113,NA,0.174271953965564,NA,-0.0192453397564914,0.124391306120443,NA
1997-10-01,NA,0.354201229322941,0.526865053420119,NA,0.172663824097178,NA,-0.0164956293190296,0.217574157336413,NA
1997-11-01,0.0119086612393118,0.307544001133481,0.478445984922692,0.46653732368338,0.170901983789211,0.295635339894169,0.00980856105968417,0.259717455043853,0.0261093237906318
1997-12-01,NA,0.307293122647633,0.476852036394037,NA,0.169558913746404,NA,0.00973575521450651,0.291286994814886,NA
1998-01-01,NA,0.248845795500289,0.416515389767945,NA,0.167669594267656,NA,-0.0154306901149797,0.259457668411601,NA
1998-02-01,-0.23847368607125,0.223657842872972,0.393398602711089,0.631872288782339,0.169740759838117,0.462131528944222,0.055114964067313,0.454964471067296,-0.0479479061903872
1998-03-01,NA,0.288574351580579,0.457704093460368,NA,0.169129741879789,NA,0.0118360139394938,0.404695837156868,NA
1998-04-01,NA,0.314986515784907,0.483413202429013,NA,0.168426686644106,NA,-0.0141821454092941,0.279873193260538,NA
1998-05-01,-0.00793680539533242,0.312291029272988,0.48093253119491,0.488869336590242,0.168641501921922,0.32022783466832,-0.0140257251246556,0.306309710956007,0.027943848836969
1998-06-01,NA,0.302953169730829,0.469747588973228,NA,0.166794419242399,NA,0.00671819327765708,0.343369497354301,NA
1998-07-01,NA,0.30254073347526,0.468635146697487,NA,0.166094413222227,NA,-0.00294013408958134,0.293659553762259,NA
1998-08-01,-0.59417133652676,0.23287877206791,0.3982361747092,0.99240751123596,0.16535740264129,0.82705010859467,0.0233361673607314,0.67360596808682,0.130107973147119
1998-09-01,NA,0.149814291850417,0.309689045580095,NA,0.159874753729678,NA,-0.0389998657622587,0.782175991821164,NA
1998-10-01,NA,0.144636720114051,0.302843345199601,NA,0.15820662508555,NA,-0.101059166641977,0.599190326369184,NA
1998-11-01,-0.767212075160325,0.144620551223449,0.306652652316653,1.07386472747698,0.162032101093204,0.911832626383774,-0.0274443288689065,0.799079207893101,0.140197747359579
1998-12-01,NA,0.140487791019023,0.300244948793033,NA,0.15975715777401,NA,-0.0330754326778537,0.777452718759834,NA
1999-01-01,NA,0.254405359524018,0.41496986058287,NA,0.160564501058852,NA,-0.0791651691986538,0.548144756971429,NA
1999-02-01,-0.822274351528059,0.245056967045106,0.411331001763187,1.23360535329125,0.16627403471808,1.06733131857317,0.0419897285225245,0.70530389152675,0.32003769852389
1999-03-01,NA,0.348766059399466,0.516086063617403,NA,0.167320004217937,NA,-0.046084386064596,0.419072799340569,NA
1999-04-01,NA,0.362108182544322,0.528200437800925,NA,0.166092255256602,NA,-0.0696548789027897,0.310605781209283,NA
1999-05-01,-0.474956805303269,0.359193435822868,0.529763220706754,1.00472002601002,0.170569784883886,0.834150241126137,-0.00616190059761663,0.488026496147325,0.352285645576429
1999-06-01,NA,0.474579266992389,0.647358821382325,NA,0.172779554389936,NA,-0.0399741463492712,0.196143430770151,NA
1999-07-01,NA,0.473147290116083,0.644952674032888,NA,0.171805383916805,NA,-0.069123894610313,0.124780535163381,NA
1999-08-01,-0.245811312836813,0.442032461486428,0.616206611839107,0.86201792467592,0.174174150352679,0.687843774323241,-0.0253755474499413,0.389015031555177,0.324204290218006
1999-09-01,NA,0.463361063964176,0.637120824387881,NA,0.173759760423705,NA,-0.0941678288148867,0.262709708339145,NA
1999-10-01,NA,0.499573999239867,0.674864302869207,NA,0.17529030362934,NA,-0.0961477779835244,0.129727125956074,NA
1999-11-01,-0.188682718798116,0.421883937501636,0.596165874186863,0.784848592984979,0.174281936685227,0.610566656299752,-0.0319474552316078,0.404047929675447,0.238466181855914
1999-12-01,NA,0.484025575173782,0.659207412278717,NA,0.175181837104935,NA,-0.0948853722212685,0.251563052735457,NA
2000-01-01,NA,0.560024969883607,0.736768606292011,NA,0.176743636408404,NA,-0.0614362883145581,0.138874856165341,NA
2000-02-01,-0.162171749723698,0.507483112587573,0.683775544451589,0.845947294175287,0.176292431864016,0.669654862311271,0.0905988768802966,0.372195525409622,0.206860460021352
2000-03-01,NA,0.476790158313673,0.650436380696644,NA,0.173646222382971,NA,0.0292263417875662,0.271911129778893,NA
2000-04-01,NA,0.442287947599675,0.613262735493607,NA,0.170974787893932,NA,0.00426606896397896,0.206911411613135,NA
2000-05-01,-0.233700304918218,0.486756108074044,0.660865638900771,0.894565943818989,0.174109530826727,0.720456412992262,0.0072242162107241,0.461667117168583,0.251565079612954
2000-06-01,NA,0.449348573408093,0.620134286454346,NA,0.170785713046253,NA,-0.0231530887917369,0.412120129901731,NA
2000-07-01,NA,0.399289637782569,0.569744695440993,NA,0.170455057658424,NA,-0.0220954894463901,0.265843566282517,NA
2000-08-01,-0.540935915959599,0.309954048737377,0.479702237179586,1.02063815313919,0.169748188442209,0.850889964696976,0.0408111369416451,0.562445101579505,0.247633726175826
2000-09-01,NA,0.3076055999261,0.477417999600689,NA,0.169812399674589,NA,-0.0335040609750748,0.403627179894312,NA
2000-10-01,NA,0.266866082575869,0.435933367245618,NA,0.169067284669749,NA,-0.0419664382193707,0.292355315887422,NA
2000-11-01,-0.588092098257996,0.208803428512066,0.378238995650271,0.966331093908267,0.169435567138205,0.796895526770062,0.016525589701465,0.525513156274988,0.25485678079361
2000-12-01,NA,0.171162403725649,0.335937633118313,NA,0.164775229392664,NA,-0.0197000824156083,0.438255961112914,NA
2001-01-01,NA,0.174086029770559,0.340285639286491,NA,0.166199609515932,NA,-0.0360167842672662,0.20747605836325,NA
2001-02-01,-0.618015498722371,0.135630660829292,0.303640548496707,0.921656047219078,0.168009887667415,0.753646159551663,0.0643791964295967,0.443199564848202,0.246067398273864
2001-03-01,NA,0.157151559787915,0.323015543978669,NA,0.165863984190754,NA,0.00693758722443982,0.304748424286812,NA
2001-04-01,NA,0.247367604253848,0.4161909781046,NA,0.168823373850752,NA,-0.0457872298455543,0.162606784705221,NA
2001-05-01,-0.307906480234515,0.270636012118645,0.44287005709244,0.750776537326955,0.172234044973795,0.57854249235316,0.022483937453335,0.322042008429986,0.234016546469839
2001-06-01,NA,0.279768990145765,0.45130202781722,NA,0.171533037671455,NA,0.0190767577968723,0.255491254746411,NA
2001-07-01,NA,0.281573526018124,0.452632649285079,NA,0.171059123266955,NA,0.024832107478796,0.243182966535765,NA
2001-08-01,-0.688939234251604,0.193291504944492,0.363619034889867,1.05255826914147,0.170327529945375,0.882230739196096,0.0697802783830664,0.56132813140778,0.25112232940525
2001-09-01,NA,0.189165325010385,0.358311470157907,NA,0.169146145147522,NA,-0.0157142507427269,0.371373197904525,NA
2001-10-01,NA,0.195363200304984,0.363567042217767,NA,0.168203841912783,NA,0.00415048686463748,0.217294327177804,NA
2001-11-01,-0.750424997005462,0.213123724853663,0.383447336619608,1.13387233362507,0.170323611765945,0.963548721859125,0.086985255933969,0.497382114402722,0.379181351522434
2001-12-01,NA,0.403777469158733,0.577964974627836,NA,0.174187505469103,NA,0.0438792729669284,0.176564496561596,NA
2002-01-01,NA,0.412404512335752,0.58598287132632,NA,0.173578358990568,NA,0.0526834077876827,-0.055238226519809,NA
2002-02-01,-0.65278943961294,0.319210269491847,0.492241479809932,1.14503091942287,0.173031210318084,0.971999709104788,0.0730905237268827,0.443044568358897,0.455864617019008
2002-03-01,NA,0.450067991148287,0.625002050825745,NA,0.174934059677458,NA,0.0412648554048288,0.12819171127481,NA
2002-04-01,NA,0.423948643824538,0.598138510919838,NA,0.1741898670953,NA,0.0498640362563526,0.064481293904175,NA
2002-05-01,-0.246018187366832,0.345492540479768,0.519611429738141,0.765629617104973,0.174118889258373,0.5915107278466,0.0631683760496035,0.307462587485424,0.220879764311573
2002-06-01,NA,0.305153714655791,0.476863118261587,NA,0.171709403605796,NA,0.019972559212211,0.183522135510345,NA
2002-07-01,NA,0.20727362027776,0.377213767417371,NA,0.169940147139611,NA,-0.000324153051796394,0.0905870209356856,NA
2002-08-01,-0.515563657639243,0.0260645195476138,0.192956733013984,0.708520390653227,0.16689221346637,0.541628177186857,0.0122872579711339,0.299219220882325,0.230121698333398
2002-09-01,NA,-0.0505242728972147,0.110308239716885,NA,0.1608325126141,NA,-0.0192102105708986,0.222130075587624,NA
2002-10-01,NA,-0.0386126176872474,0.123296756473917,NA,0.161909374161164,NA,-0.0694562479098423,0.27405638700259,NA
2002-11-01,-0.541721029622932,0.0113154041041246,0.175206582146635,0.716927611769567,0.16389117804251,0.553036433727057,-0.0144460434277875,0.392280770460015,0.175201706694829
2002-12-01,NA,0.0243554531594087,0.187897117186368,NA,0.163541664026959,NA,-0.0365916245216216,0.205535250480987,NA
2003-01-01,NA,0.0136631313094048,0.177429119129638,NA,0.163765987820233,NA,-0.036018977009058,0.00503113193881122,NA
2003-02-01,-0.310978944929022,-0.0783200126387103,0.084261553827908,0.39524049875693,0.162581566466618,0.232658932290312,0.0202936003097147,0.0797154163813928,0.132649915599204
2003-03-01,NA,-0.0885460551697568,0.0718330008064462,NA,0.160379055976203,NA,-0.0151571668807067,0.0902230875108196,NA
2003-04-01,NA,-0.0338777531037507,0.128260515485638,NA,0.162138268589389,NA,-0.0204608136135747,0.135167832332781,NA
2003-05-01,-0.644619075829643,-0.1627420060859,-0.00685950847036983,0.637759567359273,0.155882497615531,0.481877069743743,0.0051358636795994,0.286067450834528,0.190673755229615
2003-06-01,NA,-0.205529443770869,-0.0548740102431731,NA,0.150655433527696,NA,-0.0411882799771082,0.154840401574662,NA
2003-07-01,NA,-0.0379795999183114,0.123542057407871,NA,0.161521657326182,NA,-0.0658035112856155,0.0952442503610629,NA
2003-08-01,-0.0634142886933814,0.0816193677048856,0.25035116236787,0.313765451061251,0.168731794662984,0.145033656398267,-0.0331445237400512,0.0696757042787197,0.108502475859599
2003-09-01,NA,0.031553437025821,0.198210462693799,NA,0.166657025667978,NA,-0.0184991724499787,0.00301790387011707,NA
2003-10-01,NA,0.0402536218687378,0.206647649118715,NA,0.166394027249977,NA,-0.0248064940023364,-0.0847800345640436,NA
2003-11-01,0.109738889312744,0.063551764055654,0.229609492042098,0.119870602729354,0.166057727986444,-0.04618712525709,-0.000121069630112415,-0.12255449219827,0.0764884365712927
2003-12-01,NA,0.0745713204279441,0.239692988911219,NA,0.165121668483275,NA,-0.0139383338449808,-0.093908383765589,NA
2004-01-01,NA,0.0308764170819498,0.1939638825507,NA,0.16308746546875,NA,-0.0418774901779613,-0.1256820430542,NA
2004-02-01,0.121863152885438,0.0112116682880229,0.172666540451752,0.050803387566314,0.161454872163729,-0.110651484597415,-0.0736434201672029,-0.0677051206551663,0.0306970562249537
2004-03-01,NA,-0.100687939137474,0.0581337532034988,NA,0.158821692340973,NA,-0.0157540193498932,-0.0249906848201497,NA
2004-04-01,NA,0.086256346941758,0.251654373262974,NA,0.165398026321216,NA,-0.0295091264334524,-0.0260989077372982,NA
2004-05-01,0.353255002613069,0.217938875523268,0.38680891598251,0.033553913369441,0.168870040459242,-0.135316127089801,-0.0316417938788074,-0.0907057693983049,-0.0129685638126877
2004-06-01,NA,0.227128799233545,0.395043678508379,NA,0.167914879274834,NA,-0.0381034684854786,-0.0565649855061608,NA
2004-07-01,NA,0.167294242278802,0.331980311435723,NA,0.164686069156921,NA,-0.0416676548589148,-0.0213657706589183,NA
2004-08-01,0.115809094689109,0.0860265285487523,0.248057778549266,0.132248683860157,0.162031250000514,-0.0297825661403567,-0.0396513093098379,-0.00905948603698182,0.0189282292064632
2004-09-01,NA,0.0423933814293117,0.201128852294764,NA,0.158735470865452,NA,-0.0483866351030805,0.00929612139418294,NA
2004-10-01,NA,0.0201020639622644,0.178038195083917,NA,0.157936131121653,NA,-0.0480395778352556,0.0535484349507946,NA
2004-11-01,0.170695005140305,0.0204568075307972,0.178407698149601,0.007712693009296,0.157950890618804,-0.150238197609508,-0.0540214251582854,0.0478786150594227,-0.144095387510645
2004-12-01,NA,0.0300986452188755,0.187549892136005,NA,0.15745124691713,NA,-0.048310474027043,0.0876538035912874,NA
2005-01-01,NA,0.0651655184722487,0.22067305461989,NA,0.155507536147641,NA,-0.032851252949144,0.072077250387704,NA
2005-02-01,0.128423535055273,0.0468150202284651,0.200857540456827,0.072434005401554,0.154042520228362,-0.0816085148268079,0.0172362473369823,0.0466214801046742,-0.145466242268465
2005-03-01,NA,0.120189678984965,0.278385374515137,NA,0.158195695530172,NA,0.000982940534766108,0.0938702625919944,NA
2005-04-01,NA,0.0800425295487838,0.235602515936283,NA,0.155559986387499,NA,0.00727371539681002,0.13075235312658,NA
2005-05-01,0.0347714319774081,0.056639293251206,0.207666088271277,0.172894656293869,0.151026795020071,0.0218678612737979,-0.00464884624516559,0.106970241642932,-0.0804535341239684
2005-06-01,NA,0.0440501959635362,0.191237182273491,NA,0.147186986309955,NA,-0.00313201339663914,0.0846750478318035,NA
2005-07-01,NA,0.0884374074496281,0.23738255572953,NA,0.148945148279902,NA,-0.020756855942021,0.0798756719380677,NA
2005-08-01,-0.265069565590569,0.0792301928181614,0.230411550530466,0.495481116121035,0.151181357712305,0.34429975840873,0.0291817852684992,0.105979230844623,0.209138742295608
2005-09-01,NA,0.0297795901218286,0.180407566669227,NA,0.150627976547398,NA,0.0141674684735976,0.121398208815676,NA
2005-10-01,NA,0.0876549561775812,0.24193225601215,NA,0.154277299834569,NA,0.0141642410358914,0.136699397546552,NA
2005-11-01,0.0240300051498414,0.121441026633117,0.276279256791246,0.252249251641405,0.154838230158129,0.0974110214832752,-0.0108904756100705,0.063856113605631,0.0444453834877144
2005-12-01,NA,0.135294801766241,0.287568794544664,NA,0.152273992778423,NA,-0.0373727039621987,0.0303352765122011,NA
2006-01-01,NA,0.0642145986427121,0.216062658164446,NA,0.151848059521734,NA,-0.00620995883666015,0.0340471018317422,NA
2006-02-01,0.0561789357135176,0.0691364152041966,0.225080513056725,0.168901577343207,0.155944097852528,0.012957479490679,0.0976600423188253,0.0281785020951368,-0.112881064923283
2006-03-01,NA,0.101722586162869,0.259018393801519,NA,0.15729580763865,NA,0.0350459240918713,0.0874165494682201,NA
2006-04-01,NA,0.137188404052395,0.297904160278742,NA,0.160715756226347,NA,0.00105884401389103,0.114190981621197,NA
2006-05-01,0.214518201706627,0.141815711787294,0.304024898911595,0.089506697204968,0.162209187124301,-0.0727024899193335,-0.015767444424428,0.0689651286971706,-0.125900174192076
2006-06-01,NA,0.161773234311996,0.323167247033127,NA,0.161394012721131,NA,-0.000803430236409955,0.0905095128289388,NA
2006-07-01,NA,0.142188976382496,0.302840318233886,NA,0.16065134185139,NA,-0.00929979821208543,0.0691376039389655,NA
2006-08-01,-0.0343304285629936,0.0735538860403872,0.232095013179303,0.266425441742297,0.158541127138916,0.107884314603381,0.00148669418008063,0.0387255403059979,0.0676720801173022
2006-09-01,NA,0.0844172956349986,0.240258990582667,NA,0.155841694947668,NA,-0.021245895555886,0.00675525114041831,NA
2006-10-01,NA,0.0950487297545702,0.250456991156313,NA,0.155408261401743,NA,-0.030533889893172,-0.0158888549770239,NA
2006-11-01,-0.237495255152383,0.0524080110395773,0.206413128373699,0.443908383526082,0.154005117334122,0.28990326619196,0.0125006168451798,0.0126296584769888,0.264772990869792
2006-12-01,NA,0.0436365648864332,0.197242372834229,NA,0.153605807947796,NA,-0.000799767399276875,0.0449993147958467,NA
2007-01-01,NA,0.0864213349320903,0.242832220725262,NA,0.156410885793172,NA,0.00444113403560049,0.0529019602363573,NA
2007-02-01,-0.0165894967530901,0.0440881264783366,0.201855232665417,0.218444729418507,0.15776710618708,0.0606776232314267,0.0690642461791333,0.0421181941686756,-0.0505048171163822
2007-03-01,NA,-0.0141191014536262,0.141571048106613,NA,0.155690149560239,NA,0.0340586389893658,0.0870817344720482,NA
2007-04-01,NA,0.0207250493537422,0.177870081998831,NA,0.157145032645089,NA,0.0133900495391588,0.110187477159805,NA
2007-05-01,-0.0617954373272972,0.0721505065133738,0.229097772170714,0.290893209498011,0.15694726565734,0.133945943840671,0.00499770945562236,0.0972675308718077,0.0316807035132406
2007-06-01,NA,0.200050956893654,0.361067537322001,NA,0.161016580428347,NA,-0.0393666504542409,0.0253753011634101,NA
2007-07-01,NA,0.145434580975698,0.30595396660806,NA,0.160519385632362,NA,-0.0425208520162215,-0.0184962232739509,NA
2007-08-01,-0.125308677258698,0.113524299408849,0.27152482708377,0.396833504342468,0.158000527674922,0.238832976667546,-0.0476905501309542,-0.00814503296720087,0.294668559765702
2007-09-01,NA,0.0871566888621511,0.242712758110805,NA,0.155556069248654,NA,-0.0982335472583839,-0.0594321538217766,NA
2007-10-01,NA,0.0625994126742048,0.219174207686522,NA,0.156574795012317,NA,-0.0771563071249788,-0.0299657194505619,NA
2007-11-01,0.0230149984836584,-0.0375182874987716,0.116679374713061,0.0936643762294026,0.154197662211833,-0.06053328598243,-0.0626921168166629,0.00857204078566062,-0.0064132099514275
2007-12-01,NA,-0.0492703700407802,0.105031268444082,NA,0.154301638484862,NA,-0.112371592781571,0.0658454831398696,NA
2008-01-01,NA,-1.04556446040131,-0.0803172880045762,NA,0.965247172396735,NA,-0.0937572490659336,-0.488458010611144,NA
2008-02-01,0.0489200093173988,-1.03869826260948,-0.0707316562239444,-0.119651665541343,0.967966606385531,-1.08761827192687,-0.135949623965052,-0.63030465327106,-0.321363994690762
2008-03-01,NA,-1.08777259654872,-0.121667328238212,NA,0.966105268310509,NA,-0.12062127007449,-0.403824259221439,NA
2008-04-01,NA,-0.985317515277924,-0.0175211423705274,NA,0.967796372907397,NA,-0.0647558026500392,-0.172055277804531,NA
2008-05-01,0.0826952216829586,-0.883972123647394,0.085211461460465,0.0025162397775064,0.969183585107859,-0.966667345330353,-0.074330209685356,-0.552514487589768,-0.339822648055229
2008-06-01,NA,-0.841482487459363,0.130923569841345,NA,0.972406057300708,NA,-0.0256954545164858,-0.300254048560819,NA
2008-07-01,NA,-0.87276903027164,0.0979024754812917,NA,0.970671505752932,NA,-0.0497058108464118,-0.128331161677781,NA
2008-08-01,-0.112052360643659,-0.867120395598634,0.100544930903513,0.212597291547172,0.967665326502147,-0.755068034954975,-0.110133295028888,-0.383914932039359,-0.261019807886729
2008-09-01,NA,-0.856324111668681,0.109010937566345,NA,0.965335049235026,NA,-0.129211817299256,-0.203688290068651,NA
2008-10-01,NA,-0.769522222732334,0.203665610915319,NA,0.973187833647653,NA,-0.286314357360976,-0.085496445604758,NA
2008-11-01,-1.72556111000909,-0.865932574119654,0.107956654916336,1.83351776492543,0.97388922903599,0.859628535889436,-0.18405871413289,0.424330883339994,0.619356366682331
2008-12-01,NA,-1.02523619914187,-0.0724170431834492,NA,0.952819155958422,NA,-0.065733413102166,-0.486346797400922,NA
2009-01-01,NA,-1.00667913301934,-0.0521903582099211,NA,0.954488774809421,NA,-0.121501835007211,-0.813177065174451,NA
2009-02-01,-1.01733684130217,-1.03473825415166,-0.071390725992624,0.945946115309546,0.963347528159033,-0.0174014128494866,-0.0627475468810857,-0.350514332297554,0.395860466329154
2009-03-01,NA,-1.01482887064001,-0.0556917265468792,NA,0.959137144093126,NA,-0.0750617667130126,-0.408909371191118,NA
2009-04-01,NA,-1.01203082203091,-0.0531319134777363,NA,0.958898908553174,NA,-0.0927469075368814,-0.494657920675244,NA
2009-05-01,-0.6726150039196,-0.987299662411551,-0.0198647464445056,0.652750257475094,0.967434915967046,-0.314684658491951,-0.10699602293145,-0.323890910491021,0.11620227493052
2009-06-01,NA,-0.863140336576291,0.112582317205241,NA,0.975722653781532,NA,-0.0396473526590309,-0.450523110211722,NA
2009-07-01,NA,-0.915765879468553,0.0575346227114675,NA,0.973300502180021,NA,-0.030190051912945,-0.489008428303759,NA
2009-08-01,-0.445380974669683,-0.893420791353398,0.0802965953826534,0.525677570052336,0.973717386736052,-0.448039816683715,0.0163764232707217,-0.52884528584017,0.0644290458857331
2009-09-01,NA,-0.946623767879415,0.0237757339289024,NA,0.970399501808317,NA,0.0101682503159747,-0.560379919760737,NA
2009-10-01,NA,-0.954330342258236,0.0150315830536374,NA,0.969361925311873,NA,0.00365557295214317,-0.558355261752038,NA
2009-11-01,0.0206737009650782,-0.958660718516455,0.0103437789501965,-0.0103299220148817,0.969004497466652,-0.979334419481533,-0.0598498248938137,-0.748358889697271,-0.171125704890448
2009-12-01,NA,-0.965181668301102,0.00680719066618145,NA,0.971988858967283,NA,-0.0486473328270148,-0.575119807315721,NA
2010-01-01,NA,-0.0939180564538121,0.0658671718995125,NA,0.159785228353325,NA,-0.0589970300957549,-0.17724877881395,NA
2010-02-01,0.0837578684254697,-0.0770349240581672,0.0813880474764435,-0.0023698209490262,0.158422971534611,-0.160792792483637,-0.104290567900237,-0.118660346867635,0.0621581222842349
2010-03-01,NA,-0.0915335707160705,0.0677263248145347,NA,0.159259895530605,NA,-0.0441320643629116,-0.104639765949901,NA
2010-04-01,NA,-0.0683165824118778,0.0924091278377448,NA,0.160725710249623,NA,-0.0147188888360746,-0.155231043362977,NA
2010-05-01,-0.0853950447559349,-0.179987149629514,-0.025607764017254,0.0597872807386809,0.15437938561226,-0.0945921048735789,-0.00624787134922335,-0.163650667534416,0.0753064340100605
2010-06-01,NA,-0.216495715444203,-0.0669071883327398,NA,0.149588527111463,NA,-0.0409894978328933,-0.192743715173799,NA
2010-07-01,NA,-0.290653796800518,-0.145735367485862,NA,0.144918429314656,NA,-0.0556360579888757,-0.147728590622868,NA
2010-08-01,-0.51935455756621,-0.420913053635621,-0.283410397032317,0.235944160533893,0.137502656603304,0.0984415039305891,-0.0084837820484792,-0.0858483091607235,0.192773595139792
2010-09-01,NA,-0.434289671361523,-0.299047507173335,NA,0.135242164188188,NA,-0.0526620551516244,-0.164113916206508,NA
2010-10-01,NA,-0.555318072460871,-0.423552930400269,NA,0.131765142060602,NA,-0.0850280467667054,-0.134985746797839,NA
2010-11-01,-0.107100011253357,-0.50299043222892,-0.367118837647245,-0.260018826393888,0.135871594581675,-0.395890420975563,-0.137678005376742,-0.147533557259208,-0.110678858339613
2010-12-01,NA,-0.307932056584538,-0.157565940570381,NA,0.150366116014157,NA,-0.093238949801221,-0.15195582979782,NA
2011-01-01,NA,-0.314001206427395,-0.160600783406858,NA,0.153400423020537,NA,-0.0445643309592982,-0.0832831424059337,NA
2011-02-01,0.223736847285219,-0.120248066761023,0.0345465561706735,-0.189190291114545,0.154794622931696,-0.343984914046242,-0.0846360246471313,-0.0755235581840769,-0.183825331215034
2011-03-01,NA,-0.13804039604696,0.0156985714169777,NA,0.153738967463937,NA,-0.0047048755791021,-0.0243013259962721,NA
2011-04-01,NA,-0.101156486433568,0.0533664148460211,NA,0.154522901279589,NA,-0.000910989250232051,-0.0203760856041389,NA
2011-05-01,-0.0475761734599157,-0.166537125563304,-0.0183240840865913,0.0292520893733244,0.148213041476712,-0.118960952103388,-0.0410471283079843,-0.00549529408056448,-0.0724185297148395
2011-06-01,NA,-0.270604892664584,-0.126720933733362,NA,0.143883958931222,NA,-0.089018247779089,-0.0186049878541283,NA
2011-07-01,NA,-0.348339362660119,-0.204161050169299,NA,0.14417831249082,NA,-0.100377192426237,-0.067104413276412,NA
2011-08-01,-0.218713062139941,-0.573944645884606,-0.449044373680103,-0.230331311540162,0.124900272204503,-0.355231583744665,-0.0506175539293651,-0.197461101943436,-0.107152927871864
2011-09-01,NA,-0.626729930793515,-0.512421566729653,NA,0.114308364063862,NA,0.010764200793089,-0.0763863676295276,NA
2011-10-01,NA,-0.573521864438157,-0.454871054678782,NA,0.118650809759375,NA,-0.0256547749695686,-0.0588885296231265,NA
2011-11-01,-0.409585005246056,-0.611567149092359,-0.499343321370997,-0.089758316124941,0.112223827721362,-0.201982143846303,-0.0338740475892424,-0.0687153522528698,-0.099392744004191
2011-12-01,NA,-0.648489915555858,-0.538215971258486,NA,0.110273944297372,NA,-0.0370313776970796,-0.0500119594320649,NA
2012-01-01,NA,-0.648370142809265,-0.538762575023736,NA,0.109607567785529,NA,-0.0373140303581015,-0.010968659385415,NA
2012-02-01,-0.183194987207652,-0.64821957958163,-0.538067220709076,-0.354872233501424,0.110152358872554,-0.465024592373978,-0.0118929018523195,-0.0362387886956059,-0.416892901826053
2012-03-01,NA,-0.539998427606158,-0.422777730106591,NA,0.117220697499567,NA,-0.0326698128660613,0.0766405291971961,NA
2012-04-01,NA,-0.585681214348856,-0.473977985028881,NA,0.111703229319975,NA,-0.0454337843716489,0.0341712083670476,NA
2012-05-01,-0.198877281431718,-0.594719783101186,-0.495818372399026,-0.296941090967308,0.0989014107021601,-0.395842501669468,-0.0548850478771185,-0.0865852758848957,-0.254372177907454
2012-06-01,NA,-0.761565644405578,-0.671561391647435,NA,0.0900042527581425,NA,-0.0316961351875577,-0.113621897794017,NA
2012-07-01,NA,-0.843246291894061,-0.758136947187884,NA,0.085109344706177,NA,-0.0334939839120634,-0.0382698850692065,NA
2012-08-01,-0.211308696282428,-0.744345822594525,-0.65460974607898,-0.443301049796552,0.0897360765155446,-0.533037126312097,-0.11337235551339,-0.0486592054666075,-0.371005565332099
2012-09-01,NA,-0.79821155461378,-0.704702875494909,NA,0.0935086791188705,NA,-0.0823321771262798,0.0281691453706005,NA
2012-10-01,NA,-0.843673378370771,-0.748398457381146,NA,0.0952749209896254,NA,-0.0630138618223327,0.00405243218497518,NA
2012-11-01,0.079605001807213,-0.776824153582408,-0.690184497588095,-0.769789499395308,0.0866396559943129,-0.856429155389621,-0.122185436385289,-0.138508478807666,-0.595735240196666
2012-12-01,NA,-0.809673177035356,-0.717281716780955,NA,0.0923914602544008,NA,-0.087832091053201,-0.00897675692886454,NA
2013-01-01,NA,-0.760615891681912,-0.657681888317758,NA,0.102934003364154,NA,-0.0818705423823707,0.0812352198883172,NA
2013-02-01,0.307673669724716,-0.621167231561846,-0.515735966351048,-0.823409636075764,0.105431265210797,-0.928840901286561,-0.105189099267318,-0.0411707000321141,-0.782481101987129
2013-03-01,NA,-0.611362162994047,-0.50446551382043,NA,0.106896649173617,NA,-0.0564617371801727,0.0893901576883707,NA
2013-04-01,NA,-0.681756212384932,-0.583318753771013,NA,0.0984374586139185,NA,-0.025859751608636,0.0344587713841248,NA
2013-05-01,0.105899978115071,-0.505119939489636,-0.403998014899189,-0.50989799301426,0.101121924590447,-0.611019917604707,-0.138712831850249,-0.0555271473881649,-0.416779938366293
2013-06-01,NA,-0.41170502856671,-0.293309472158795,NA,0.118395556407915,NA,-0.101061991265352,0.0721363272430042,NA
2013-07-01,NA,-0.327657065273864,-0.197757435690895,NA,0.129899629582969,NA,-0.0692716412185025,0.0311924376818974,NA
2013-08-01,0.097168177550489,-0.250712955451885,-0.115884156220703,-0.213052333771192,0.134828799231182,-0.347881133002374,-0.0869470641819013,-0.0823285449295509,-0.178605523890921
2013-09-01,NA,-0.254520841163541,-0.11675811104992,NA,0.137762730113621,NA,-0.0348883738462294,-0.0638078971342482,NA
2013-10-01,NA,-0.358335493917909,-0.225234025434973,NA,0.133101468482936,NA,-0.0289304834632704,-0.0455030647299903,NA
2013-11-01,0.0322526400716673,-0.307561638897708,-0.172554576356501,-0.204807216428168,0.135007062541207,-0.339814278969376,-0.09271003465196,-0.0379310089385046,-0.209173235378911
2013-12-01,NA,-0.262524899183776,-0.121196035235233,NA,0.141328863948543,NA,-0.0436397132062722,-0.0334313516943182,NA
2014-01-01,NA,-0.253696586534302,-0.112674022446323,NA,0.141022564087979,NA,0.0223117952576823,-0.0835610549810717,NA
2014-02-01,-0.0151894717392173,-0.19864709311618,-0.0621016812987379,-0.0469122095595206,0.136545411817442,-0.183457621376962,0.00619823233964714,-0.0489183466426876,-0.140737507073922
2014-03-01,NA,-0.173648348939801,-0.036655988311991,NA,0.13699236062781,NA,0.0468201882829469,-0.0350860503958426,NA
2014-04-01,NA,-0.142959059782725,-0.00661505362238649,NA,0.136344006160338,NA,0.0660781796528821,-0.067008569997757,NA
2014-05-01,-0.035290485368456,-0.149853380527749,-0.0186014760423835,0.0166890093260725,0.131251904485365,-0.114562895159293,0.0556960147777745,-0.104277978808575,-0.0659809311284928
2014-06-01,NA,-0.139635968369522,-0.00762917342560301,NA,0.132006794943919,NA,0.0526974558166436,-0.0767718720884654,NA
2014-07-01,NA,-0.158748415085205,-0.02886547044602,NA,0.129882944639185,NA,0.0690547215608215,-0.110529050347422,NA
2014-08-01,-0.0645714375938698,-0.176907070210681,-0.0512718663307933,0.0132995712630765,0.125635203879887,-0.112335632616811,0.0655149985538325,-0.134487857183376,-0.0433627739872673
2014-09-01,NA,-0.126365579564531,0.00196256161936774,NA,0.128328141183899,NA,0.0601049708055355,-0.111796727211074,NA
2014-10-01,NA,-0.19126571756061,-0.0696069673105596,NA,0.12165875025005,NA,0.0636261957684061,-0.129978574763849,NA
2014-11-01,-0.301455567057928,-0.207237181765578,-0.0843646524994694,0.217090914558459,0.122872529266108,0.0942183852923503,0.0866875205358893,-0.0934141789751856,0.100945043731647
2014-12-01,NA,-0.203506295579897,-0.0863590283047455,NA,0.117147267275151,NA,0.106552446127877,-0.177006667042083,NA
2015-01-01,NA,-0.266019797251754,-0.160937078876707,NA,0.105082718375047,NA,0.113259397419579,-0.152965195336299,NA
2015-02-01,-0.405052640338321,-0.384571515501898,-0.270776613993516,0.134276026344805,0.113794901508382,0.0204811248364228,0.196443739105781,-0.0948056876853356,-0.0811569265840225
2015-03-01,NA,-0.314394631359451,-0.201713994084961,NA,0.11268063727449,NA,0.128201519040569,-0.0662901280572108,NA
2015-04-01,NA,-0.324251516952139,-0.216552045523933,NA,0.107699471428206,NA,0.0963197557445106,-0.0317352375425498,NA
2015-05-01,-0.288634994864464,-0.239723163196454,-0.123871475706641,0.164763519157823,0.115851687489813,0.0489118316680095,0.039062391121867,-0.00418032472051671,0.0140297652666588
2015-06-01,NA,-0.186544822569293,-0.0652774693429781,NA,0.121267353226315,NA,0.0381509349980028,-0.0443594764117975,NA
2015-07-01,NA,-0.21795765909652,-0.0984299763801071,NA,0.119527682716413,NA,0.0430519832460277,-0.105615995980681,NA
2015-08-01,-0.62718096110026,-0.313239564587679,-0.197731018175492,0.429449942924768,0.115508546412187,0.313941396512581,0.0992207541227357,-0.0890277306512454,0.303748373041091
2015-09-01,NA,-0.280170613794087,-0.166643538942351,NA,0.113527074851736,NA,0.0338496433575057,-0.0895904029503099,NA
2015-10-01,NA,-0.303289025801247,-0.193450013202882,NA,0.109839012598365,NA,0.0353436814775935,-0.0914520216405288,NA
2015-11-01,-0.602784198831257,-0.248615114387127,-0.130940494103646,0.471843704727611,0.117674620283481,0.35416908444413,0.0808905542911962,-0.0374944116136849,0.310772941766619
2015-12-01,NA,-0.218464910009066,-0.104022820195265,NA,0.114442089813801,NA,0.0579868048777201,-0.0592913145204905,NA
2016-01-01,NA,-0.277071358677055,-0.168932977654791,NA,0.108138381022264,NA,0.0430114907216067,0.00626657459408819,NA
2016-02-01,-0.927090009164809,-0.457650660156153,-0.353220626415488,0.573869382749321,0.104430033740665,0.469439349008656,0.182536119418885,0.0667970803218689,0.220106149267902
2016-03-01,NA,-0.392967663947088,-0.289283211934272,NA,0.103684452012816,NA,0.10205689200311,0.0408223820984546,NA
2016-04-01,NA,-0.435376411602719,-0.337017066456304,NA,0.0983593451464146,NA,0.0738899010027379,0.0569142709325466,NA
2016-05-01,-0.67915236702533,-0.429974469847284,-0.331518198067983,0.347634168957347,0.0984562717793009,0.249177897178046,0.0825358797143616,0.0916088637654364,0.0750331536982483
2016-06-01,NA,-0.473928461743336,-0.382878636693526,NA,0.0910498250498104,NA,0.091367769866654,0.099400176265251,NA
2016-07-01,NA,-0.519054223982238,-0.435410508546006,NA,0.0836437154362319,NA,0.0971757255196319,0.0654645176590495,NA
2016-08-01,-0.830282596970641,-0.487877230138426,-0.402504659790875,0.427777937179766,0.085372570347551,0.342405366832215,0.0847626148740096,0.0758196784324944,0.181823073525711
2016-09-01,NA,-0.449416335133083,-0.362301464186738,NA,0.087114870946345,NA,0.0532804243452818,0.0515799846173845,NA
2016-10-01,NA,-0.422253511150208,-0.32956302029628,NA,0.0926904908539283,NA,0.0470421534290927,0.0777784089443962,NA
2016-11-01,-0.454490014684201,-0.330031944029038,-0.221276068847553,0.233213945836648,0.108755875181485,0.124458070655163,0.0280359903805412,0.0660943769604857,0.0303277033141358
2016-12-01,NA,-0.225357144745238,-0.103188715753176,NA,0.122168428992062,NA,0.053695231078443,0.0480435229594531,NA
2017-01-01,NA,-0.258107449787954,-0.136649886509435,NA,0.121457563278519,NA,0.106030423694193,0.0241880800363004,NA
2017-02-01,-0.408521028179873,-0.278423340474794,-0.156400860470314,0.252120167709559,0.12202248000448,0.130097687705079,0.126129700686667,0.0410312987430316,-0.0370633117246196
2017-03-01,NA,-0.264629404905707,-0.141943762725658,NA,0.122685642180049,NA,0.122627966765344,0.0529189763255924,NA
2017-04-01,NA,-0.323628087109233,-0.207875728955981,NA,0.115752358153252,NA,0.107275690245322,0.0335384628451424,NA
2017-05-01,-0.494727261506427,-0.318665869591464,-0.203948467886701,0.290778793619726,0.114717401704763,0.176061391914963,0.0840424162147715,0.0406571817076043,0.0513617939925875
2017-06-01,NA,-0.331609671301432,-0.22289640716471,NA,0.108713264136722,NA,0.0853964300050852,0.0178553569316548,NA
2017-07-01,NA,-0.307071858190793,-0.194870163404998,NA,0.112201694785795,NA,0.0471826833850494,0.0242321952212861,NA
2017-08-01,-0.522117416506228,-0.339347734837141,-0.22994622642087,0.292171190085358,0.109401508416271,0.182769681669087,0.0726639644681237,0.0189594637316843,0.0911462534692786
2017-09-01,NA,-0.336062460813498,-0.227962287968823,NA,0.108100172844675,NA,0.0724040023483022,0.0150838111869822,NA
2017-10-01,NA,-0.272945051246384,-0.160882367452158,NA,0.112062683794226,NA,0.067906400506349,0.0386535634000885,NA
2017-11-01,-0.385390459501176,-0.263427422627346,-0.15233900010972,0.233051459391456,0.111088422517626,0.12196303687383,0.0837488928567085,0.0218330008510256,0.0163811431660967
2017-12-01,NA,-0.225139283154512,-0.114164698443394,NA,0.110974584711118,NA,0.0793296193168862,-0.0222149433180783,NA
2018-01-01,NA,-0.182193118973955,-0.066405430724076,NA,0.115787688249879,NA,0.0790615822884705,-0.0121419920362634,NA
2018-02-01,-0.178657896071985,-0.138620881070447,-0.0131403716512926,0.165517524420692,0.125480509419154,0.0400370150015381,0.0906505517579401,-0.00268957706803402,-0.0479239596883676
2018-03-01,NA,-0.142387317458691,-0.018117565581372,NA,0.124269751877319,NA,0.106286327794622,0.0139031696595285,NA
2018-04-01,NA,-0.123132822975782,0.000230366886988694,NA,0.12336318986277,NA,0.105878711889554,-0.0129668615454954,NA
2018-05-01,-0.178409112137015,-0.0959383911870513,0.0297561044723594,0.208165216609374,0.125694495659411,0.0824707209499636,0.0880288622197994,-0.0125446698435239,0.00698652857368835
2018-06-01,NA,-0.100659137085319,0.0225335850691059,NA,0.123192722154425,NA,0.0841000404966213,-0.0409671373302222,NA
2018-07-01,NA,-0.0953311893180381,0.0257682901083274,NA,0.121099479426366,NA,0.0720400698655815,-0.0429476791239734,NA
2018-08-01,-0.209904343613334,-0.102366921986374,0.018080464148011,0.227984807761345,0.120447386134385,0.10753742162696,0.0651452065082442,-0.0193102485345422,0.0617024636532587
2018-09-01,NA,-0.071439120421652,0.0513209243293398,NA,0.122760044750992,NA,0.0558366335772562,-0.00784078367108416,NA
2018-10-01,NA,-0.0483334695418764,0.0781784157806825,NA,0.126511885322559,NA,0.0351571868923536,0.0194088419331451,NA
2018-11-01,-0.286850010156632,-0.0627014815314007,0.063316667540666,0.350166677697298,0.126018149072067,0.224148528625231,0.0446882051798013,0.0399308799152696,0.139529443530161
2018-12-01,NA,-0.120267125096372,-0.00334166791577679,NA,0.116925457180595,NA,0.0398167489835552,-0.0211285357097045,NA
2019-01-01,NA,-0.173336847573783,-0.0598038688015422,NA,0.113532978772241,NA,0.0365982824977119,0.0112607654830319,NA
2019-02-01,-0.371226319011889,-0.229234010552979,-0.112595755430237,0.258630563581652,0.116638255122742,0.14199230845891,0.113966072706238,0.0239616476612346,0.00406458809143759
2019-03-01,NA,-0.269626591075827,-0.157597482895526,NA,0.112029108180301,NA,0.0736864163528148,0.0398385495515884,NA
2019-04-01,NA,-0.289717992514812,-0.178891407159048,NA,0.110826585355764,NA,0.0619362527549436,0.036102325483639,NA
2019-05-01,-0.373618171026491,-0.321740079332621,-0.215469743043137,0.158148427983354,0.106270336289484,0.0518780916938701,0.0518013451924782,0.0141299158753123,-0.0140531693739202
2019-06-01,NA,-0.418772242812157,-0.322958225827328,NA,0.0958140169848294,NA,0.0502508312563411,-0.00869660220440224,NA
2019-07-01,NA,-0.411958493820751,-0.318149041645278,NA,0.0938094521754726,NA,0.0406512212029531,-0.0214167483790727,NA
2019-08-01,-0.674031812104854,-0.516557270282095,-0.439085062477206,0.234946749627648,0.0774722078048885,0.157474541822759,0.0997601242653335,-0.0461094519991527,0.103823869556579
2019-09-01,NA,-0.462912558931943,-0.385681109809506,NA,0.0772314491224374,NA,0.0494582563394898,-0.0182255315547465,NA
2019-10-01,NA,-0.438019787869948,-0.360976528289996,NA,0.077043259579952,NA,0.0290182253434186,-0.0138127923689972,NA
2019-11-01,-0.581978953700316,-0.394080698252421,-0.310504898385279,0.271474055315037,0.0835757998671419,0.187898255447895,0.0417347207669848,0.014629423831054,0.131534110849856
2019-12-01,NA,-0.383684423843919,-0.297369706495909,NA,0.0863147173480098,NA,0.0363057381675465,-0.00519459627794384,NA
2020-01-01,NA,-0.439693948028254,-0.357158006347664,NA,0.08253594168059,NA,0.0468106740885726,0.00374282472178713,NA
2020-02-01,-0.648947373355533,-0.567058126763326,-0.487691280124374,0.161256093231159,0.0793668466389519,0.0818892465922071,0.177097512749095,-0.013617323232272,-0.0815909429246154
2020-03-01,NA,-0.678247955979569,-0.629325686734745,NA,0.0489222692448241,NA,0.11981699417373,0.0343972030038813,NA
2020-04-01,NA,-0.829416818075692,-0.798055712136517,NA,0.0313611059391746,NA,0.0654943071732662,-0.285286707948543,NA
2020-05-01,-1.02520499953032,-0.930412668059441,-0.900966927308168,0.124238072222152,0.029445740751273,0.0947923314708791,0.0389771998099101,-0.0607298179286834,0.116544949589648
2020-06-01,NA,-0.945394343857134,-0.914725408905362,NA,0.0306689349517721,NA,0.011595116823186,-0.0605841198183546,NA
2020-07-01,NA,-1.03699184092987,-1.01240983802083,NA,0.0245820029090356,NA,0.0523762024518856,-0.110665334239209,NA
2020-08-01,-0.480047619311015,-0.992352022876378,-0.971017653333349,-0.490970034022334,0.0213343695430289,-0.512304403565363,0.00252192958863575,-0.313308892272987,-0.201517440881012
2020-09-01,NA,-1.0068473771868,-0.983339471546238,NA,0.023507905640558,NA,-0.00380187454991549,-0.110598443140682,NA
2020-10-01,NA,-0.983174725615384,-0.951662966582825,NA,0.0315117590325591,NA,-0.0268279066039385,0.0395365057899268,NA
2020-11-01,-0.456452629355381,-0.849263740504891,-0.813503695771039,-0.357051066415658,0.0357600447338521,-0.39281111114951,-0.0531635905620818,-0.144097311208665,-0.195550209378764
2020-12-01,NA,-0.837583469699179,-0.79469035368799,NA,0.042893116011189,NA,-0.0410083683470842,-0.076532294974667,NA
2021-01-01,NA,-0.796897846383289,-0.742384470000154,NA,0.054513376383135,NA,-0.0492540736332897,0.089192310621214,NA
2021-02-01,-0.00309999840886919,-0.701277376540012,-0.632085161059267,-0.628985162650398,0.069192215480745,-0.698177378131143,-0.0399647950031922,-0.228950511168466,-0.429262071959485
2021-03-01,NA,-0.457723440365498,-0.364233219468857,NA,0.093490220896641,NA,-0.00803246524243226,0.172955192359823,NA
2021-04-01,NA,-0.394745493572044,-0.298015088418647,NA,0.0967304051533974,NA,0.038069410434196,0.140989455250596,NA
2021-05-01,0.209299993867874,-0.206471031440272,-0.113330447511765,-0.322630441379639,0.0931405839285066,-0.415771025308146,-0.0214216340266435,0.0348586722539998,-0.429208063535502
2021-06-01,NA,-0.225434417453647,-0.134691832586161,NA,0.0907425848674864,NA,0.0482726458255671,0.0728201678785497,NA
2021-07-01,NA,-0.301875947573262,-0.220723661521606,NA,0.0811522860516561,NA,0.096700268603637,0.0548598430428074,NA
2021-08-01,-0.0762772691423243,-0.274741601969538,-0.199731080837399,-0.123453811695075,0.0750105211321392,-0.198464332827214,0.0484020346650928,-0.0146099777852758,-0.23225638970703
2021-09-01,NA,-0.284823802554686,-0.205629548004239,NA,0.0791942545504471,NA,0.0518836354803805,0.0664095944220296,NA
2021-10-01,NA,-0.248064188643535,-0.159029002641783,NA,0.0890351860017523,NA,0.0632850297393502,0.0603083289560227,NA
2021-11-01,0.0663600051260005,-0.126203627907518,-0.0398735438952538,-0.106233549021254,0.0863300840122643,-0.192563633033519,0.077542676388553,0.0142373834488992,-0.284343692870971
2021-12-01,NA,-0.167180128572528,-0.086642131355511,NA,0.0805379972170167,NA,0.106627307496355,0.064141631270599,NA
2022-01-01,NA,-0.126537932609528,-0.0364780267303803,NA,0.0900599058791478,NA,0.0536011317236592,0.134818434533917,NA
2022-02-01,0.0208999969633007,-0.240500739661531,-0.141301548585761,-0.162201545549062,0.0991991910757702,-0.261400736624832,0.151329907307568,0.0781038233238033,-0.490834467256203
2022-03-01,NA,-0.195972877923637,-0.0928064083481948,NA,0.103166469575442,NA,0.181038994152972,0.202112223891668,NA
2022-04-01,NA,-0.0373264671558984,0.081506011273963,NA,0.118832478429861,NA,0.1280642880403,0.262391893027088,NA
2022-05-01,-0.134571431683359,-0.035942213853847,0.0873493200248083,0.221920751708167,0.123291533878655,0.098629217829512,0.087533086591535,0.229389687463432,-0.218293556225456
2022-06-01,NA,0.00382565656818802,0.132848094259819,NA,0.129022437691631,NA,0.107514014805712,0.216588282598354,NA
2022-07-01,NA,-0.104019433949662,0.015598597264695,NA,0.119618031214357,NA,0.0785464175046541,0.146062953979756,NA
2022-08-01,-0.465665220377756,-0.139366365678646,-0.0217944049657179,0.443870815412038,0.117571960712928,0.32629885469911,0.099991366575471,0.111387867881991,0.114919620241648
2022-09-01,NA,0.0410119112769919,0.170649752141486,NA,0.129637840864494,NA,0.0168107817287058,0.135764903677515,NA
2022-10-01,NA,0.116635145622451,0.256068098186616,NA,0.139432952564165,NA,0.000368893650195927,0.147372963103498,NA
2022-11-01,-0.76039501651764,0.0249238078414831,0.163721160055349,0.924116176572989,0.138797352213866,0.785318824359123,0.0577062235603647,0.203917236118679,0.523695364680079
2022-12-01,NA,-0.0451611102227141,0.0845789746270696,NA,0.129740084849784,NA,0.0277215796691599,0.108762164769844,NA
2023-01-01,NA,-0.1163643545411,0.0101328597259932,NA,0.126497214267093,NA,-0.0146450916690473,0.0739156391186005,NA
2023-02-01,-0.149936833020261,-0.0556866482022125,0.0737910628439514,0.223727895864212,0.129477711046164,0.0942501848180485,-0.0453956330283355,0.119562020667283,0.0200837971791008
2023-03-01,NA,-0.110947410153886,0.0217132732142878,NA,0.132660683368174,NA,0.0224923905379449,0.12090001918814,NA
2023-04-01,NA,-0.236009126630063,-0.106514065611804,NA,0.129495061018259,NA,0.0292325815406627,0.116383452835978,NA
2023-05-01,-0.205686351264607,-0.229238515056506,-0.0983204904917072,0.1073658607729,0.130918024564799,-0.0235521637918988,-0.0262125481511354,0.0973418487137374,-0.094681464354501
2023-06-01,NA,-0.116059826387756,0.0160790685190126,NA,0.132138894906769,NA,0.00917535035820406,0.0690020529387165,NA
2023-07-01,NA,-0.0669725922329951,0.0668200234746433,NA,0.133792615707638,NA,-0.00892251737418942,0.0392603856593422,NA
2023-08-01,-0.15020869575998,-0.0303621848763908,0.109855069383313,0.260063765143293,0.140217254259704,0.119846510883589,-0.037722803027997,0.0997981671856381,0.0577711467259479
2023-09-01,NA,0.0125894555878941,0.158250687475295,NA,0.145661231887401,NA,-0.036338800011896,0.0936747695401878,NA
2023-10-01,NA,0.078338843554367,0.233327228988069,NA,0.154988385433702,NA,-0.0823012717887227,0.104252176279236,NA
2023-11-01,-0.113657136717297,0.0115907141573664,0.162918604862784,0.276575741580081,0.151327890705418,0.125247850874663,-0.0232704306700389,0.0600524757825473,0.0884658057621552
2023-12-01,NA,-0.116536444142336,0.0267157485044866,NA,0.143252192646823,NA,0.0181384332434687,0.0354503062957741,NA
2024-01-01,NA,-0.146749144384676,-0.00186053025557839,NA,0.144888614129098,NA,0.0170105216040323,0.0630934494988894,NA
2024-02-01,0.0316450188350668,-0.0593976686444964,0.0834092036242519,0.0517641847891851,0.142806872268748,-0.0910426874795632,-0.115139249897617,0.0875633113064435,-0.06346674888839
2024-03-01,NA,-0.0936325493709761,0.0525353699161813,NA,0.146167919287157,NA,0.0287461951056316,0.110749076430102,NA
2024-04-01,NA,-0.00733774441369749,0.144439586613014,NA,0.151777331026712,NA,0.0456657608337241,0.109714588694911,NA
2024-05-01,-0.0757045052788477,-0.00948165541016927,0.140917444616692,0.21662194989554,0.150399100026861,0.0662228498686784,0.0304919838203133,0.0725149144465711,-0.0367840483982059
2024-06-01,NA,-0.0465788798976349,0.100315142352668,NA,0.146894022250303,NA,0.025775916892555,0.0672698068600854,NA
2024-07-01,NA,-0.0887525633324415,0.0581693901211433,NA,0.146921953453585,NA,-0.00601065284270667,0.0748671420508035,NA
2024-08-01,-0.198922725833546,-0.192297976666652,-0.0504046095951206,0.148518116238425,0.141893367071532,0.00662474916689373,0.0212524010279819,0.0459991153160068,-0.0606267671770949
2024-09-01,NA,-0.236358304139931,-0.0950565849959932,NA,0.141301719143938,NA,0.0549830541963737,0.0495201334480065,NA
2024-10-01,NA,-0.11021340047657,0.0381536482527456,NA,0.148367048729315,NA,0.0508391806832053,0.0552854193456156,NA
2024-11-01,0.0583210653706591,-0.000503339861844532,0.151319696434527,0.0929986310638679,0.151823036296372,-0.0588244052325036,0.0382972183583673,0.0580699847746794,-0.15519160836555
2024-12-01,NA,0.0225590920070439,0.175519338065519,NA,0.152960246058475,NA,0.0524501505070607,0.0771412396404172,NA
2025-01-01,NA,0.0601034312825415,0.217725960610043,NA,0.157622529327501,NA,0.044620006074827,0.0964961195743178,NA
2025-02-01,0.0606789460834707,0.0375979738706502,0.189788269919648,0.129109323836177,0.152190296048998,-0.0230809722128205,-0.0259109125491765,0.104043647207805,-0.101213706871449
2025-03-01,NA,-0.0523796229004657,0.100527117510089,NA,0.152906740410555,NA,0.0615219565419134,0.171983515629969,NA
2025-04-01,NA,-0.0943112133214916,0.0602380544748952,NA,0.154549267796387,NA,0.051391915008884,0.228689830400902,NA
2025-05-01,-0.0441047501336956,-0.0627873990262285,0.0931514367802906,0.137256186913986,0.155938835806519,-0.0186826488925329,-0.0028537065957613,0.165491285783619,-0.181320228080391
2025-06-01,NA,-0.0787071643976033,0.0766076473904078,NA,0.155314811788011,NA,0.00777232866390407,0.160346108690027,NA
2025-07-01,NA,-0.098027280391251,0.0576129629981445,NA,0.155640243389396,NA,0.00909027567145143,0.184393499072399,NA
2025-08-01,-0.0145047598975051,-0.122200964438539,0.0311587512717836,0.0456635111692887,0.153359715710322,-0.107696204541034,-0.0201660301573828,0.16137927154915,-0.2489094459328
2025-09-01,NA,-0.143277793712188,0.00857905757989247,NA,0.151856851292081,NA,0.0204588975701596,0.175744251609594,NA
2025-10-01,NA,-0.12989412250095,0.0211748192189319,NA,0.151068941719882,NA,0.0343707129187994,0.152415467866572,NA
2025-11-01,-0.102394442590077,-0.0971852926550325,0.05326816529808,0.155662607888157,0.150453457953112,0.00520914993504452,-0.0124970725079046,0.115631314151654,-0.097925091708705
2025-12-01,NA,-0.0613098513842227,0.0904541497871565,NA,0.151764001171379,NA,-0.0216983563542619,0.117840623434431,NA
2026-01-01,NA,-0.0476605113395479,0.105808303575672,NA,0.15346881491522,NA,0.000915258490590161,0.124889571096319,NA
2026-02-01,0.0313315758554565,-0.0533546704035427,0.0955811749280763,0.0642495990726198,0.148935845331619,-0.0846862462589991,-0.113175161837663,0.142231730718737,-0.113742815140072
2026-03-01,NA,-0.0403511520072586,0.112817882314814,NA,0.153169034322073,NA,0.00371940538779082,0.212843155117435,NA
2026-04-01,NA,-0.0242758209198076,0.13035892441906,NA,0.154634745338868,NA,0.023385802540454,0.225008289638212,NA
2026-05-01,0.0261050069618218,0.0406149098189725,0.197418549922881,0.171313542961059,0.156803640103908,0.0145099028571507,0.00615433390032498,0.162743300549844,-0.154387731593019
2026-06-01,NA,0.0828641498831446,0.238530550250828,NA,0.155666400367683,NA,0.0184645586994025,0.128551746791106,NA
2026-07-01,NA,0.129253203272716,0.285618062166856,NA,0.15636485889414,NA,-0.0355397129809807,0.110536161738616,NA
2026-08-01,-0.0953571543012342,0.102970988810865,0.26172157612086,0.357078730422094,0.158750587309995,0.198328143112099,-0.0196550458834391,0.117237121627118,0.10074606736842
