"horizon","inflation","shadow_rate","real_rate"
0,0.0766354229258294,0.25,0.173364577074171
1,0.0502042038513626,0.241875363234663,0.191671159383301
2,0.0326767583232358,0.233391420686358,0.200714662363122
3,0.0210621236856343,0.22479454505074,0.203732421365105
4,0.0133737223007882,0.216243260013778,0.20286953771299
5,0.00829209632631892,0.207837947602124,0.199545851275805
6,0.00494089314831523,0.199640571588634,0.194699678440319
7,0.00273807293239441,0.191687769816063,0.188949696883669
8,0.00129707939035223,0.183999542427134,0.182702463036782
9,0.0003611965685727,0.176585015173418,0.176223818604845
10,-0.000240051907244815,0.169446260269911,0.169686312177156
11,-0.000619862788996949,0.162580827346399,0.163200690135396
12,-0.00085338861351574,0.155983417914079,0.156836806527595
13,-0.000990513977633953,0.149646991216516,0.15063750519415
14,-0.00106434160090548,0.143563492659246,0.144627834260151
15,-0.00109682879233485,0.137724331800515,0.13882116059285
16,-0.00110253119157914,0.132120694235992,0.133223225427571
17,-0.00109108934664502,0.126743743382404,0.127834832729049
18,-0.00106888027410313,0.121584749349834,0.122653629623937
19,-0.00104011439498574,0.116635169595507,0.117675283990493
20,-0.00100756408599433,0.111886697751737,0.112894261837731
21,-0.000973047548004561,0.107331291507993,0.108304339055997
22,-0.000937750155787382,0.102961186765795,0.103898936921583
23,-0.000902437862903474,0.09876890285362,0.0996713407165235
24,-0.000867598910225398,0.0947472419742683,0.0956148408844937
25,-0.000833537914578723,0.090889284984938,0.0917228228995168
26,-0.000800438329266426,0.0871883848983249,0.0879888232275913
27,-0.000768403898293853,0.0836381590205116,0.0844065629188055
28,-0.000737486159346048,0.0802324803277701,0.0809699664871161
29,-0.000707702681493266,0.0769654684763334,0.0776731711578266
30,-0.000679049150040759,0.0738314807012361,0.0745105298512769
31,-0.000651507365768295,0.0708251027689165,0.0714766101346848
32,-0.00062505053159498,0.0679411400877791,0.0685661906193741
33,-0.000599646738606368,0.0651746090409541,0.0657742557795605
34,-0.00057526125711678,0.0625207285791397,0.0630959898362565
35,-0.000551858035018195,0.0599749120941137,0.0605267701291319
36,-0.000529400670554288,0.0575327595821928,0.0580621602527471
37,-0.000507853036916712,0.055190050099587,0.0556979031365038
38,-0.000487179676455193,0.0529427345068984,0.0534299141833536
39,-0.000467346042703969,0.0507869284970579,0.0512542745397619
40,-0.000448318642133175,0.0487189058991907,0.0491672245413239
41,-0.000430065110070473,0.0467350922498488,0.0471651573599193
42,-0.000412554243640338,0.0448320586225046,0.045244612866145
43,-0.000395756006866177,0.0430065157059679,0.0434022717128341
44,-0.000379641517965898,0.0412553081223761,0.041634949640342
45,-0.000364183025475506,0.0395754089755229,0.0399395920009984
46,-0.000349353877580817,0.0379639146204922,0.038313268498073
47,-0.000335128487540944,0.0364180396458154,0.0367531681333564
48,-0.00032148229709442,0.0349351120596518,0.0352565943567462
49,-0.000308391739080248,0.0335125686717843,0.0338209604108646
50,-0.000295834200069857,0.0321479506635262,0.032443784863596
51,-0.000283787983516933,0.0308388993379298,0.0311226873214467
52,-0.000272232273741084,0.0295831520429872,0.0298553843167283
53,-0.00026114710093526,0.0283785382607967,0.028639685361732
54,-0.000250513307303931,0.0272229758559516,0.0274734891632555
55,-0.000240312514384741,0.0261144674766747,0.0263547799910595
56,-0.000230527091571058,0.0250510971024874,0.0252816241940584
57,-0.000221140125830073,0.0240310267324468,0.0242521668582768
58,-0.000212135392596733,0.0230524932082328,0.0232646286008295
59,-0.000203497327814823,0.0221138051665938,0.0223173024944086
60,-0.00019521100109128,0.0212133401158854,0.0214085511169767
61,-0.00018726208992687,0.0203495416316497,0.0205368037215766
62,-0.000179636854985042,0.019520916666389,0.0197005535213741
63,-0.000172322116360419,0.0187260329688828,0.0188983550852432
64,-0.00016530523080872,0.0179635166085896,0.0181288218393983
65,-0.000158574069900594,0.0172320496008532,0.0173906236707538
66,-0.00015211699906286,0.0165303676288099,0.0166824846278728
67,-0.000145922857471735,0.0158572578580582,0.0160031807155299
68,-0.000139980938763848,0.015211556840314,0.0153515377790779
69,-0.000134280972532052,0.0145921485024289,0.014726429474961
70,-0.000128813106574306,0.0139979622172936,0.014126775323868
71,-0.000123567889865084,0.0134279709532945,0.0135515388431596
72,-0.000118536256220007,0.0128811894991226,0.0129997257553426
73,-0.000113709508625507,0.0123566727608683,0.0124703822694938
74,-0.000109079304206512,0.0118535141284571,0.0119625934326636
75,-0.000104637639806178,0.0113708439086039,0.0114754815484101
76,-0.000100376838152775,0.0109078278215765,0.0110082046597293
77,-9.62895345898234e-05,0.0104636655591701,0.0105599550937599
78,-9.23686643465655e-05,0.0100375894014009,0.0101299580657475
79,-8.86074503267611e-05,0.00962886288952712,0.00971747033985388
80,-8.49993913947139e-05,0.0092367795531039,0.00932177894449861
81,-8.15382511382806e-05,0.0088606616888724,0.00894219994001068
82,-7.82180470894434e-05,0.00849985918937173,0.00857807723646117
83,-7.50330403838133e-05,0.0081537484192494,0.00822878145963321
84,-7.19777258411934e-05,0.00782173113732795,0.00789370886316915
85,-6.90468224500566e-05,0.00750323346256465,0.0075722802850147
86,-6.62352642394905e-05,0.00719770488211673,0.00726394014635622
87,-6.35381915228333e-05,0.00690461729979798,0.00696815549132082
88,-6.09509424978638e-05,0.00662346412328169,0.00668441506577955
89,-5.84690451890295e-05,0.00635375938847229,0.00641222843366132
90,-5.60882097177823e-05,0.00609503691953234,0.00615112512925012
91,-5.3804320887664e-05,0.00584684952311273,0.0059006538440004
92,-5.16134310713232e-05,0.00560876821539362,0.00566038164646494
93,-4.95117533871704e-05,0.00538038148059983,0.005429893233987
94,-4.7495655153877e-05,0.00516129455970932,0.00520879021486319
95,-4.55616516114037e-05,0.00495112876812504,0.00499669041973644
96,-4.37063998977066e-05,0.00474952084113098,0.00479322724102869
97,-4.19266932707093e-05,0.00455612230600096,0.00459804899927167
98,-4.02194555655539e-05,0.00437059887967487,0.00441081833524042
99,-3.85817358775501e-05,0.00419262989096131,0.00423121162683886
100,-3.70107034616328e-05,0.00402190772626792,0.00405891842972955
101,-3.55036428395119e-05,0.00385813729790127,0.00389364094074079
102,-3.40579491060561e-05,0.00370103553401746,0.00373509348312352
103,-3.26711234267997e-05,0.00355033088934162,0.00358300201276842
104,-3.13407687187886e-05,0.0034057628758108,0.00343710364452959
105,-3.00645855073009e-05,0.00326708161232883,0.00329714619783613
106,-2.88403679512792e-05,0.00313404739285498,0.00316288776080626
107,-2.7666000030607e-05,0.00300643027207993,0.00303409627211054
108,-2.65394518886365e-05,0.00288400966797277,0.00291054911986141
109,-2.54587763236476e-05,0.00276657398051215,0.0027920327568358
110,-2.44221054231733e-05,0.00265392022594257,0.00267834233136574
111,-2.34276473353743e-05,0.00254585368592356,0.00256928133325893
112,-2.24736831718809e-05,0.00244218757096537,0.00246466125413725
113,-2.15585640367508e-05,0.00234274269756947,0.00236430126160622
114,-2.06807081764065e-05,0.00224734717851568,0.00226802788669209
115,-1.98385982456253e-05,0.00215583612576072,0.00217567472400635
116,-1.90307786848582e-05,0.00206805136543462,0.00208708214411948
117,-1.8255853204342e-05,0.00198384116444233,0.00200209701764668
118,-1.75124823706585e-05,0.00190305996819804,0.00192057245056869
119,-1.67993812915675e-05,0.00182556814903877,0.00184236753033034
120,-1.61153173951122e-05,0.00175123176488258,0.0017673470822777
