"date","3m","60m","120m"
1968-10-01,-0.0565999301064801,0.0465167501603721,0.0668410630745897
1968-11-01,-0.0565641428830286,0.0466670142068767,0.0659419216963004
1968-12-01,-0.055930654246028,0.0510718980416647,0.0705295106703284
1969-01-01,-0.0558089451664913,0.0507523265911917,0.0693184960793436
1969-02-01,-0.0559032199523286,0.0501795167157271,0.0677317530170045
1969-03-01,-0.0560250936833406,0.0495181045541443,0.0663258961988927
1969-04-01,-0.0559385029744444,0.0491598927245674,0.0662158907775492
1969-05-01,-0.0560156478886261,0.0504360298685623,0.0676445544495395
1969-06-01,-0.0556964989653139,0.0498886964012369,0.0651283454946897
1969-07-01,-0.0554417389672797,0.048223685172786,0.0602401769371892
1969-08-01,-0.0555648123029809,0.0470021419751762,0.0578616923907426
1969-09-01,-0.0553241091750895,0.0532939119564525,0.0685098646987097
1969-10-01,-0.0553060087465135,0.0544545654884856,0.0712926248488335
1969-11-01,-0.0551944329537324,0.0532943527395944,0.0688124548635815
1969-12-01,-0.0548905869439488,0.057542422817373,0.076223462741556
1970-01-01,-0.0548299578970712,0.0602715439373126,0.0814324875305539
1970-02-01,-0.0550331246063547,0.0600584817934588,0.0819248748534407
1970-03-01,-0.0553213908223683,0.057566965685265,0.0785156486308951
1970-04-01,-0.0553026567112328,0.0600271967175678,0.0827053809189045
1970-05-01,-0.0551386348524971,0.0612119242125622,0.0836904688143986
1970-06-01,-0.05526677810699,0.0604723765138232,0.0823605971997405
1970-07-01,-0.0554216036231563,0.059950372294477,0.082065071563569
1970-08-01,-0.0553830716123599,0.0607626327938823,0.0838791173486884
1970-09-01,-0.0555454870840779,0.0599427572859817,0.0829895438502722
1970-10-01,-0.0557508020648381,0.0590429138591142,0.0817604727056841
1970-11-01,-0.0564669018686358,0.0565727124434029,0.0793682400672536
1970-12-01,-0.0572113995966995,0.0533308033292136,0.0755097840158145
1971-01-01,-0.0579929135344914,0.0546084055867229,0.078508002537817
1971-02-01,-0.0599041441402744,0.0543689629872337,0.0799731743474845
1971-03-01,-0.0615621995280413,0.04880612989228,0.0731621930834763
1971-04-01,-0.0599803921121186,0.0515059612926206,0.0745960567506531
1971-05-01,-0.0593964111081558,0.0531044986709535,0.074880618346828
1971-06-01,-0.0577145680582903,0.0544008774219685,0.075681391300838
1971-07-01,-0.0564961604938395,0.056694657357045,0.0783211922578057
1971-08-01,-0.0583444338741441,0.0494878808408811,0.0662515731518972
1971-09-01,-0.0590952975729659,0.0463613203851607,0.0633589941361145
1971-10-01,-0.0600731082419319,0.0444791758180252,0.0618339645946866
1971-11-01,-0.0606524716878195,0.0448202806554523,0.0633737875270584
1971-12-01,-0.060983893059061,0.0456096961946928,0.06508031721092
1972-01-01,-0.0640357371279835,0.0446720357006962,0.0648831179641725
1972-02-01,-0.0652621423947491,0.0451112705675186,0.0654436857433461
1972-03-01,-0.062878264966208,0.0453188010925596,0.0641763314976018
1972-04-01,-0.0634874425507691,0.0451113810123786,0.0626855101258491
1972-05-01,-0.0633891775077921,0.044296935697581,0.0627055144692927
1972-06-01,-0.0621452008712946,0.0444172119673618,0.062177512053963
1972-07-01,-0.0623514340206795,0.0432289357688157,0.0596883049060723
1972-08-01,-0.061885547739356,0.0451200195032641,0.0626290535615073
1972-09-01,-0.0587706385778911,0.0493127008750159,0.0680341643257833
1972-10-01,-0.0587916807970301,0.04771369170206,0.0652686267625076
1972-11-01,-0.0586281818344264,0.0472184919129667,0.0649364857267149
1972-12-01,-0.057719526528643,0.048180265934549,0.0662884498599471
1973-01-01,-0.0570086222647115,0.0484261392202561,0.0657257815518297
1973-02-01,-0.0566494495674813,0.0499295538261498,0.067297568311065
1973-03-01,-0.0559993831434997,0.0499187220175646,0.0662237581634822
1973-04-01,-0.0558003272721022,0.0497986826697564,0.0664424222098315
1973-05-01,-0.0556468780101228,0.0514747172724962,0.0693553910315775
1973-06-01,-0.0550697043695025,0.0524608226414012,0.0710853637615664
1973-07-01,-0.054793499381036,0.0545773143680045,0.0730317101814666
1973-08-01,-0.0546765561555599,0.056842487795017,0.0769038409590223
1973-09-01,-0.0547148925251101,0.0554398154738724,0.0758049811047526
1973-10-01,-0.0549479679440673,0.0541928775516951,0.0749751220988972
1973-11-01,-0.0547949634610473,0.054761558479816,0.0755982539078396
1973-12-01,-0.0548753938813589,0.0544082786064704,0.075471471429996
1974-01-01,-0.0547619284123989,0.0571506833210545,0.0801331913961571
1974-02-01,-0.0548749181099813,0.0580383388251818,0.0824144503736444
1974-03-01,-0.0547142884358025,0.0594711901505383,0.083688475916951
1974-04-01,-0.0546739339019759,0.060641273995941,0.0846576759356557
1974-05-01,-0.0546924724499741,0.0605810790471003,0.0840715858649589
1974-06-01,-0.0547364873401027,0.0601567903387344,0.0833822945398094
1974-07-01,-0.0548520068818213,0.0598507590317114,0.0821064703959738
1974-08-01,-0.0546235654875385,0.0630944315575999,0.0882253997715683
1974-09-01,-0.0546830386386241,0.0628403184182346,0.0881201151397637
1974-10-01,-0.0548211155683557,0.0607412739828061,0.0847504524266889
1974-11-01,-0.0548131294767541,0.0603926283864919,0.0848256385067082
1974-12-01,-0.0548931471903837,0.0594353915432559,0.083790769406834
1975-01-01,-0.0552999344400754,0.059066365760749,0.0832736326669961
1975-02-01,-0.0558621467958838,0.0592485999446383,0.0847593391403418
1975-03-01,-0.0558460686861872,0.0601965380047306,0.0860758179024618
1975-04-01,-0.0557897705328633,0.0615919551202561,0.0869486949543669
1975-05-01,-0.0562884711722287,0.0610720909318046,0.0867432294449907
1975-06-01,-0.0560769005458936,0.0606241295534173,0.0862730340508605
1975-07-01,-0.0554062853013249,0.0610123898930226,0.0857276429273904
1975-08-01,-0.055244819453958,0.0618077349377884,0.0863506770393274
1975-09-01,-0.0552471215244083,0.0623786959187871,0.087277174920135
1975-10-01,-0.0554965125129607,0.0624240008276247,0.088252692955369
1975-11-01,-0.0558117647593313,0.0624881851229916,0.0888962759276042
1975-12-01,-0.0559200196007641,0.0617022357393055,0.087304289319954
1976-01-01,-0.0567098066178036,0.0611531841107488,0.0872752061756952
1976-02-01,-0.0567608195662861,0.0610285992044135,0.0868401048686604
1976-03-01,-0.0567097337563795,0.0602570745074877,0.085101369095119
1976-04-01,-0.0569814999439028,0.0595884971446777,0.0845309581219228
1976-05-01,-0.05636056974461,0.0606788043638727,0.0854923639378484
1976-06-01,-0.056096765014224,0.0607195039255274,0.0854612373589274
1976-07-01,-0.05620613500239,0.0610467245323674,0.0864878002669304
1976-08-01,-0.0562131272640117,0.06117239071992,0.0870897485442773
1976-09-01,-0.0562351903638171,0.0608878527592162,0.0869236702688942
1976-10-01,-0.0562946889733008,0.060574499806813,0.0871094376028217
1976-11-01,-0.0565261998983031,0.0598648256445539,0.0862916258651526
1976-12-01,-0.0574797289768533,0.0566512624207364,0.0819996341746902
1977-01-01,-0.0570745391402472,0.0581376742216665,0.0831544860901559
1977-02-01,-0.0568724776545653,0.0592652422703703,0.0846767150667732
1977-03-01,-0.0569561571414023,0.0597358413569266,0.0855485654152875
1977-04-01,-0.0570230815254934,0.0595130599402425,0.0854888154681711
1977-05-01,-0.0563579931270444,0.0602097022548309,0.0860712269447506
1977-06-01,-0.0562966279653342,0.0593822778509218,0.084934031219922
1977-07-01,-0.0561169421456806,0.059509345871457,0.0848471142343483
1977-08-01,-0.0559036130705971,0.0591176649671223,0.0834230578934505
1977-09-01,-0.0556630965305834,0.0588609413874701,0.0828227865996695
1977-10-01,-0.0554033801781834,0.059562259291834,0.0832595024493782
1977-11-01,-0.0554265412133609,0.0598472520748838,0.0837470149670691
1977-12-01,-0.0554176574294408,0.0607557604767686,0.0853647214471666
1978-01-01,-0.0551248629944641,0.062452180242104,0.0880367278877529
1978-02-01,-0.0551053584457005,0.0629016542036846,0.0888509690152811
1978-03-01,-0.0551961787350185,0.0626664219952454,0.088378168250366
1978-04-01,-0.0552226054286131,0.0626020228757433,0.0879156768604006
1978-05-01,-0.0551707885494324,0.062636112096113,0.0875117671069021
1978-06-01,-0.0550080713347044,0.063340996858134,0.0885884380074375
1978-07-01,-0.0548987734311209,0.0640759933551351,0.0897680776440626
1978-08-01,-0.0549031356160768,0.063056335935555,0.0880414747288329
1978-09-01,-0.0547171238113572,0.06366633469776,0.0891921804774338
1978-10-01,-0.0546909163796306,0.0641144063290152,0.0897179895614744
1978-11-01,-0.0546438773520156,0.0637447323250159,0.0882323904702769
1978-12-01,-0.0546155340438625,0.064581825007321,0.0897189014083858
1979-01-01,-0.0545976560904075,0.0649821025103846,0.0904985777554507
1979-02-01,-0.0545903939173712,0.0655639724124468,0.0921878610764819
1979-03-01,-0.0545784351603891,0.0660808493367467,0.0933373902618642
1979-04-01,-0.0545760627945538,0.0665226144012008,0.0943871779508115
1979-05-01,-0.0545695844069885,0.0667872500398212,0.095005050546536
1979-06-01,-0.0545906232370291,0.0661573180078595,0.0941499317221079
1979-07-01,-0.0545790065995848,0.0663969618007903,0.0947212351499053
1979-08-01,-0.0545701941790365,0.0666099517279266,0.0949372218271722
1979-09-01,-0.0545653220319543,0.0669683725357266,0.0951956492649956
1979-10-01,-0.0545636019802534,0.0687624494235229,0.0985827689883733
1979-11-01,-0.0545635745510915,0.0693995856434745,0.100182242023351
1979-12-01,-0.0545635603368887,0.069439657583482,0.100645168496899
1980-01-01,-0.0545635526694184,0.0700779262909209,0.102203707826829
1980-02-01,-0.0545635466481653,0.0709185282106253,0.104112830909369
1980-03-01,-0.0545635465129328,0.0707499219706503,0.103361505541023
1980-04-01,-0.0545635466668522,0.0704477047153476,0.103061824199467
1980-05-01,-0.0545681624567316,0.0697851583905362,0.102188922676116
1980-06-01,-0.0546727215588678,0.0688762982942014,0.100423149961957
1980-07-01,-0.0546041173799572,0.0696421946843868,0.101834318589909
1980-08-01,-0.0545656885202949,0.0703502336633947,0.102985277732745
1980-09-01,-0.0545637647057193,0.0705088098241274,0.103125485924186
1980-10-01,-0.0545635535169053,0.0707420715778428,0.103756595868714
1980-11-01,-0.0545635465205092,0.071123538365847,0.104785181403074
1980-12-01,-0.0545635465127512,0.0712132335623886,0.105084059870442
1981-01-01,-0.05456354651279,0.0712621307149523,0.105347509627971
1981-02-01,-0.0545635465127675,0.0713718829174466,0.105663151272161
1981-03-01,-0.054563546516828,0.0713666293013826,0.10562369978821
1981-04-01,-0.0545635465139681,0.0714027591582087,0.105712186121677
1981-05-01,-0.0545635465127353,0.0714142526495535,0.105717610591702
1981-06-01,-0.0545635465128315,0.0713166972563883,0.105383651776951
1981-07-01,-0.0545635465127504,0.0713947933417295,0.105614306579804
1981-08-01,-0.0545635465127367,0.0714275508188345,0.105697684046434
1981-09-01,-0.0545635465127441,0.0714647173177031,0.105848184403325
1981-10-01,-0.0545635465131904,0.0714763276400989,0.105951642232298
1981-11-01,-0.0545635517928624,0.071307014034494,0.10542923445395
1981-12-01,-0.0545635523417755,0.0713299566829283,0.105439561511004
1982-01-01,-0.0545635465558752,0.0714404051038081,0.105815977481729
1982-02-01,-0.0545635465144731,0.0714324768791203,0.105800853153961
1982-03-01,-0.0545635465626294,0.0713523473166815,0.105508131865706
1982-04-01,-0.0545635465780183,0.0713118356013581,0.105338117004768
1982-05-01,-0.054563546932681,0.0712841769983952,0.105258710523769
1982-06-01,-0.0545635465620441,0.0713953753171502,0.105627014545932
1982-07-01,-0.0545635479836723,0.0713354635850837,0.105413444968706
1982-08-01,-0.0545756918763909,0.0710711605475883,0.104576284124276
1982-09-01,-0.0546303390457447,0.0705931852564382,0.103132729101478
1982-10-01,-0.0546480166146437,0.0701030381240649,0.1022798112136
1982-11-01,-0.0546230039248147,0.0700550850779019,0.102304083328908
1982-12-01,-0.0546252131493236,0.0702637031581757,0.102828940739914
1983-01-01,-0.054616855784028,0.0703980659788932,0.103273857973152
1983-02-01,-0.0546015526479897,0.0705596175020681,0.1035676588373
1983-03-01,-0.0545914036904048,0.0704127611318398,0.10323159121713
1983-04-01,-0.0545952246382963,0.0703057912919832,0.102991603244311
1983-05-01,-0.0545960317154162,0.0703470752937301,0.103117363264422
1983-06-01,-0.0545697229743859,0.0705962360719566,0.103538360138663
1983-07-01,-0.0545652242566989,0.0708755966548244,0.104190952781533
1983-08-01,-0.0545643686639345,0.0710272632725846,0.104573091856805
1983-09-01,-0.0545651446943634,0.0709934118906719,0.10453013920551
1983-10-01,-0.0545666070545467,0.0709780835521892,0.104543457943821
1983-11-01,-0.0545657211229577,0.0710326836987317,0.104686990741589
1983-12-01,-0.0545648182979899,0.0710690656530929,0.104764485171051
1984-01-01,-0.0545650374435733,0.0710253774597776,0.104672749489553
1984-02-01,-0.0545645472125546,0.071083750670166,0.104827408387077
1984-03-01,-0.0545638003727809,0.0712347646136715,0.105229175063771
1984-04-01,-0.0545636691510145,0.0712963728563808,0.105404916194319
1984-05-01,-0.0545635990053705,0.0713909564531056,0.105671056378302
1984-06-01,-0.0545636065302982,0.0713694724766611,0.105545098405429
1984-07-01,-0.0545635885915868,0.0713302969240053,0.105424363323948
1984-08-01,-0.0545635868311298,0.0712013223549282,0.105028329484079
1984-09-01,-0.0545636183699216,0.0711284899262825,0.104784058397281
1984-10-01,-0.054563922276882,0.0710240601392378,0.104527811585607
1984-11-01,-0.0545750953933004,0.0708636872414321,0.104197854880553
1984-12-01,-0.0545961669456489,0.070900455456861,0.104345531665238
1985-01-01,-0.0546086174381986,0.0708977757882742,0.104381955456416
1985-02-01,-0.0545820381297531,0.0709795569144938,0.104558477807095
1985-03-01,-0.0545714279473934,0.0710682570808865,0.104702440769841
1985-04-01,-0.0545952309427806,0.0709513467183098,0.104483172082791
1985-05-01,-0.0546220794124443,0.0707095074271151,0.103986097765276
1985-06-01,-0.0546720219386223,0.0702403750566918,0.103025067691828
1985-07-01,-0.0546567454810787,0.0704111892236877,0.103381733923426
1985-08-01,-0.0546555154946319,0.0704128357577259,0.103315524121066
1985-09-01,-0.0546582503733642,0.0704210661010543,0.103320951400245
1985-10-01,-0.0546529904317117,0.0703311822563074,0.103146529884813
1985-11-01,-0.0546574904311635,0.0698944021859048,0.102258094143123
1985-12-01,-0.0546803114503288,0.0691586734458935,0.10081625903967
1986-01-01,-0.0546909054115672,0.0688463392973063,0.100141510691399
1986-02-01,-0.0547308651896614,0.0677186832125979,0.0979487027597379
1986-03-01,-0.0549899122500533,0.0641085978457328,0.0915912284479635
1986-04-01,-0.0554370078890971,0.061135850614846,0.0867166248246035
1986-05-01,-0.0552852069538122,0.06363903706849,0.0905327727707825
1986-06-01,-0.0551882236305513,0.0645652826413406,0.0920773309043691
1986-07-01,-0.0554769755607671,0.062781246767742,0.0895547782936045
1986-08-01,-0.0556956220576195,0.0620437069363291,0.0888752817727262
1986-09-01,-0.0557758728007229,0.0637862224053597,0.0919690211632715
1986-10-01,-0.0557406733991187,0.0637625364577789,0.0921230676060812
1986-11-01,-0.0556670202777372,0.0628094137811708,0.0905328164256356
1986-12-01,-0.0555778933149958,0.0615662821541861,0.0883757481183225
1987-01-01,-0.0556904964071542,0.0609444531770683,0.0873288000899896
1987-02-01,-0.0555590299055652,0.0613340074005023,0.0876599228319949
1987-03-01,-0.0556010571074034,0.0608914527833689,0.0868721661044469
1987-04-01,-0.0554091461589457,0.0642964447373808,0.0919781912814685
1987-05-01,-0.0553733386059776,0.0658095805366817,0.0940422990724853
1987-06-01,-0.0554051324583258,0.0651935432524024,0.093163460264064
1987-07-01,-0.0553024310028318,0.0658941756859129,0.0947698392395308
1987-08-01,-0.0550447946826304,0.0670217474763438,0.0967240264444382
1987-09-01,-0.0548593030795877,0.0684162089476317,0.0990486638812399
1987-10-01,-0.0549500329652545,0.0684144406120163,0.0989298312756719
1987-11-01,-0.0552257762060661,0.0670130448359647,0.0966586590280648
1987-12-01,-0.0551475138733172,0.0673372146426774,0.0971976243512608
1988-01-01,-0.0551339490361474,0.0666889952992724,0.0961853182421834
1988-02-01,-0.0552604609467265,0.0654681175435401,0.0943724512279518
1988-03-01,-0.0551916244237136,0.0661140520118322,0.0954339627459871
1988-04-01,-0.055022893608147,0.067205319533675,0.0972065230458982
1988-05-01,-0.0548834006097886,0.0680102683586961,0.0984777087247636
1988-06-01,-0.0548670735800897,0.0673820592300146,0.0971418006494118
1988-07-01,-0.0547914674058591,0.0677244203557004,0.0976865254117593
1988-08-01,-0.0547294941281479,0.0679692615209798,0.0979215891343874
1988-09-01,-0.0547232977294047,0.0672833604755604,0.0965951278748728
1988-10-01,-0.0547151891047695,0.0668652444098256,0.0958515583159707
1988-11-01,-0.0546756326609216,0.0671557082790869,0.0961703767485845
1988-12-01,-0.054658665893819,0.0670843853176061,0.0955636124183865
1989-01-01,-0.054649715170778,0.0669719489681706,0.0952216917843916
1989-02-01,-0.0546334092597427,0.0670792503536525,0.0952955314490836
1989-03-01,-0.0546181600111801,0.0672168729353013,0.0952635476453068
1989-04-01,-0.0546282209600594,0.0668593296688273,0.0946842690858489
1989-05-01,-0.0546438956718311,0.0663198219366417,0.093949902779669
1989-06-01,-0.0546770974714831,0.0647378165978353,0.0912830356490373
1989-07-01,-0.0546998229817088,0.064269522839045,0.0910458888468434
1989-08-01,-0.054708068317468,0.0641773069377811,0.0903781703820969
1989-09-01,-0.0547332438720869,0.0642004269530657,0.0901723815055691
1989-10-01,-0.0547512430652841,0.063755857792234,0.0895614226007268
1989-11-01,-0.054745164122062,0.0634655575282413,0.0893114333225839
1989-12-01,-0.0547591284641263,0.0631905981320416,0.0887467090583597
1990-01-01,-0.0547296456781729,0.0647266712439752,0.0913738972578378
1990-02-01,-0.0547098733228992,0.0656730840595569,0.0930365890609232
1990-03-01,-0.0546962709706925,0.0658944622736407,0.0932458830352776
1990-04-01,-0.0547073961559554,0.0663125317438584,0.0940364378499109
1990-05-01,-0.0547098926558144,0.0663497283800981,0.0942661496444066
1990-06-01,-0.0547124299090041,0.0657701254588343,0.0934023626481293
1990-07-01,-0.0547130687006586,0.0659804094201206,0.0940442225344062
1990-08-01,-0.0547037435685039,0.0671342176985541,0.0965196967927358
1990-09-01,-0.0546923905034851,0.0677565650170437,0.0978050855255975
1990-10-01,-0.0547135365774872,0.0673171259000185,0.0971413832360393
1990-11-01,-0.0547569474816142,0.0663354562641493,0.0954880635984666
1990-12-01,-0.0548625815167927,0.0651074298225576,0.0933888297237838
1991-01-01,-0.0550085789516537,0.065289932224868,0.0939958604809069
1991-02-01,-0.0551878060766518,0.0644771968936427,0.0928948377842504
1991-03-01,-0.0552091010325838,0.065342833417873,0.094123787721199
1991-04-01,-0.0553680905318859,0.0650885970996075,0.0938350961484907
1991-05-01,-0.0554348434054886,0.0654772902708436,0.0946681487003059
1991-06-01,-0.0553357883080182,0.0660574066460204,0.0954180730678227
1991-07-01,-0.0553338598243091,0.0660942853063386,0.0955875844723888
1991-08-01,-0.0554586558367201,0.0653810490155025,0.0949190272135935
1991-09-01,-0.0555789985319002,0.0645566450215341,0.0937458110099074
1991-10-01,-0.0557576899010151,0.0639940115046498,0.0931814059662653
1991-11-01,-0.0562589508933311,0.0636945497333726,0.0927365661307932
1991-12-01,-0.0568301530201952,0.0627192150602555,0.0920655431479255
1992-01-01,-0.0573406288146875,0.0628046490251182,0.092402801318069
1992-02-01,-0.0580775690906467,0.0627953763720063,0.0917633985317448
1992-03-01,-0.0573676365043873,0.0637310136119927,0.0926800963573592
1992-04-01,-0.0577279003827983,0.0639038019544027,0.0936106113125556
1992-05-01,-0.0579553696416641,0.0636156109663333,0.0933625562529375
1992-06-01,-0.0577162932461237,0.063221110271013,0.0929735375573798
1992-07-01,-0.058563759345741,0.0616877784735281,0.0918642918966466
1992-08-01,-0.0592555750583578,0.0600978527862325,0.0896567150750027
1992-09-01,-0.0597009454689946,0.0594986322273171,0.0894466814372317
1992-10-01,-0.0596753193542789,0.0603585587813252,0.0903725239742368
1992-11-01,-0.0595623081778265,0.0610696694071303,0.0903029119669218
1992-12-01,-0.0597377578423233,0.0602295673070089,0.0889155437837334
1993-01-01,-0.0604526248707954,0.0591228737818746,0.0879495697232084
1993-02-01,-0.0638845150357942,0.0525515457706335,0.0789316980199655
1993-03-01,-0.0621533418812814,0.0530978112719394,0.0801721075279579
1993-04-01,-0.0618574101071233,0.0535828332095921,0.0811799645518423
1993-05-01,-0.0612568164634067,0.05382353930962,0.081420708175069
1993-06-01,-0.0618902354130676,0.0507879407613017,0.076525197606888
1993-07-01,-0.0629347934444448,0.0477323172480298,0.0723193557580181
1993-08-01,-0.0634266713305191,0.046419333698749,0.0705343411025546
1993-09-01,-0.0648609892862366,0.040670689822493,0.0629875337617921
1993-10-01,-0.0646893160838344,0.0394829511138157,0.061143013431695
1993-11-01,-0.0631972098096195,0.0458118822490032,0.069344433044078
1993-12-01,-0.0636567606597226,0.0458115327984458,0.0691821092822754
1994-01-01,-0.0643895775908454,0.0449467937863958,0.0682348525423245
1994-02-01,-0.0641558503450569,0.0456568498581054,0.0677224554469839
1994-03-01,-0.0612638005100336,0.0531872408143683,0.0772974044473733
1994-04-01,-0.0601737542993954,0.0571185619530926,0.0821643621049196
1994-05-01,-0.0587154490540263,0.0581493722029263,0.0826941369105516
1994-06-01,-0.0587820111414041,0.0574367427587252,0.0817161098866297
1994-07-01,-0.0578891013382066,0.059189674084761,0.0842753846551574
1994-08-01,-0.0577380253608546,0.0585401790708101,0.082812120988545
1994-09-01,-0.0571773602618723,0.0602538106639659,0.0854578228249888
1994-10-01,-0.0565241334270659,0.0618001631406172,0.0876087448392943
1994-11-01,-0.0561876352864734,0.0623233574903332,0.0875601392481217
1994-12-01,-0.0561191227561281,0.0600256304764419,0.082367008740185
1995-01-01,-0.0560143761158001,0.0601268071429326,0.0828658382311542
1995-02-01,-0.0560499578435499,0.0585664443952665,0.0806025482513769
1995-03-01,-0.0559964649973814,0.0578376501380039,0.0802166905359927
1995-04-01,-0.0559992538229535,0.0572480867331111,0.0798269160047893
1995-05-01,-0.0561447291074993,0.0538477902726093,0.074755674983088
1995-06-01,-0.0565358987916957,0.049553637193959,0.0689330890629892
1995-07-01,-0.0565702723145545,0.0506281597040829,0.0705235628262889
1995-08-01,-0.0565691551394965,0.0525668576726857,0.0729851887395578
1995-09-01,-0.0569646278072449,0.0492050145304659,0.0679875645559128
1995-10-01,-0.0571629394590859,0.0463390199720144,0.0635423922938051
1995-11-01,-0.0570480721577347,0.0456639549736881,0.0630254687858892
1995-12-01,-0.0576264547393168,0.0423889104397653,0.0583897492880486
1996-01-01,-0.0578108798481332,0.0421429789455266,0.0588153618672859
1996-02-01,-0.0579844879166287,0.0447788248709926,0.0632967507053641
1996-03-01,-0.057375467746229,0.0504926605097363,0.0704016891354269
1996-04-01,-0.0573505182922155,0.0526355215271541,0.0730748047302709
1996-05-01,-0.057208977832348,0.0542311809178561,0.0752803005301915
1996-06-01,-0.0570428327315158,0.0553175813593892,0.0766246555446282
1996-07-01,-0.0570093408388564,0.054506632187516,0.0752985543220973
1996-08-01,-0.0573625753391064,0.0523270095412164,0.0722498937465499
1996-09-01,-0.0570803564011429,0.054445405657145,0.0752887370461613
1996-10-01,-0.0574032234196215,0.051881122186794,0.0718653178950356
1996-11-01,-0.0575310583216385,0.0483420981688407,0.0666456915992336
1996-12-01,-0.0578675817520958,0.0484500560346496,0.0665245380154291
1997-01-01,-0.0574371194188035,0.0515141218185702,0.070938124813422
1997-02-01,-0.0576558291631358,0.0499647845738356,0.0686453920674281
1997-03-01,-0.0572109210101193,0.0530325317062105,0.0728312427919288
1997-04-01,-0.0571510116802537,0.0543180696438364,0.0744765961325951
1997-05-01,-0.0575938711685842,0.052213785751412,0.0712157302141808
1997-06-01,-0.0580600577258114,0.0499032637348908,0.0678437323507006
1997-07-01,-0.0579444861933681,0.0471012311660494,0.0637732238197121
1997-08-01,-0.0574894150904129,0.0488191292687851,0.0664404402333684
1997-09-01,-0.0580568979946247,0.0472921286661009,0.0640928185960509
1997-10-01,-0.058272115626984,0.0447453826889751,0.0601256626930543
1997-11-01,-0.0580224087742148,0.042286620414659,0.056230018640251
1997-12-01,-0.0582666121220176,0.040066751282611,0.0524598868032148
1998-01-01,-0.0587454545721901,0.0365370952606868,0.0482131112217178
1998-02-01,-0.057788541344846,0.0408233131072741,0.05519950676141
1998-03-01,-0.0585215221091785,0.0392052328549704,0.0517333163601102
1998-04-01,-0.0590963879902555,0.0376722474999375,0.0490259029337627
1998-05-01,-0.058841250847964,0.0382277564055027,0.0497970174509154
1998-06-01,-0.0592996655272447,0.0349401844187273,0.0445959424805806
1998-07-01,-0.0595191504455524,0.0336921603506624,0.042663723249976
1998-08-01,-0.0595171782820135,0.032034972257099,0.0414843812044892
1998-09-01,-0.0613416340366389,0.0207157469027299,0.026579229239324
1998-10-01,-0.0646529031523402,0.0145079705879367,0.0203968256106768
1998-11-01,-0.0615313906096519,0.024067060907685,0.0328511554398838
1998-12-01,-0.0621310471851443,0.0196679207734039,0.0262295322338365
1999-01-01,-0.0628789258896517,0.0216246859165683,0.0272579989341187
1999-02-01,-0.060571451028172,0.0329469460637173,0.044522484193416
1999-03-01,-0.0611978761099983,0.0347238479815717,0.0457984302258815
1999-04-01,-0.0619827507090363,0.0323593714218042,0.0421449665751185
1999-05-01,-0.0600548527541205,0.0406419637002475,0.054915973593183
1999-06-01,-0.0599633925451264,0.0444843289345641,0.0593463527075399
1999-07-01,-0.0601615607339073,0.0430361407377812,0.0569430941662785
1999-08-01,-0.0587660167899565,0.0472453488775503,0.0639046979398548
1999-09-01,-0.0589918918022792,0.046611854275159,0.0625940588635634
1999-10-01,-0.0582489814302324,0.0494904016657905,0.0665961381177827
1999-11-01,-0.0576531888535192,0.0483306672867221,0.0649983410106938
1999-12-01,-0.0573941874909233,0.0500225123957145,0.0667588643957379
2000-01-01,-0.0571044022912516,0.0525974825002941,0.0700781045038949
2000-02-01,-0.0566571265802381,0.0522176370501522,0.0693403649763782
2000-03-01,-0.0567872230084787,0.048529457376966,0.0627260882202235
2000-04-01,-0.0571930499817592,0.0442575290676914,0.0557035845972283
2000-05-01,-0.0566065005437655,0.0491909546064854,0.0633896043878501
2000-06-01,-0.0571464345060614,0.0439156021917441,0.0546772853636342
2000-07-01,-0.0566971382273901,0.0440061212204208,0.05519081911305
2000-08-01,-0.056407827247495,0.0431629983347546,0.0548211499236499
2000-09-01,-0.0564675936670175,0.0432311751679097,0.0552703773460313
2000-10-01,-0.0562964070670083,0.0425091553743541,0.0544386799987464
2000-11-01,-0.0560957131410226,0.0431487680579245,0.0562851023202817
2000-12-01,-0.0569918194104325,0.0348549896444824,0.0442990995120538
2001-01-01,-0.0580337453312876,0.0355835527031669,0.047941684386387
2001-02-01,-0.0581424160479953,0.0378930825050928,0.0530061445623356
2001-03-01,-0.0602569057300444,0.0324633558974742,0.0460636702341344
2001-04-01,-0.0622472984595515,0.035801314321934,0.0518320771358221
2001-05-01,-0.0623980103770569,0.0409350700577361,0.0600409446814218
2001-06-01,-0.0635678448439709,0.0391519361088156,0.0579167426346931
2001-07-01,-0.0637894888998944,0.0383859917668853,0.0569088518908451
2001-08-01,-0.064046975448005,0.0365255469278931,0.0559858503274351
2001-09-01,-0.0686766392334462,0.0315975779283912,0.0520972979956311
2001-10-01,-0.0733877417250238,0.0272751515296282,0.0486998014052297
2001-11-01,-0.0748681600876838,0.0301286030540656,0.0532682798180818
2001-12-01,-0.0773986648189019,0.0368374948685455,0.0608463735210419
2002-01-01,-0.0783244414682436,0.0355670793122401,0.0592833243706571
2002-02-01,-0.0769845034049808,0.0341098943118963,0.0578935605943969
2002-03-01,-0.0760233332387198,0.0388361857739138,0.061909721885494
2002-04-01,-0.0769462652038144,0.0369981573990736,0.0599753751805228
2002-05-01,-0.075487026523005,0.0370227004863586,0.0609239179029687
2002-06-01,-0.0772975883551766,0.0318071031829726,0.0549274338116281
2002-07-01,-0.0768418993855739,0.0284892450632261,0.0524463462067001
2002-08-01,-0.07567945514869,0.022440377660855,0.0474174818841081
2002-09-01,-0.0776865029920674,0.00890369546610046,0.0313794206633401
2002-10-01,-0.0775521790944375,0.0112443161138139,0.0344971605951054
2002-11-01,-0.081165005881749,0.0129698233689456,0.0374775752026507
2002-12-01,-0.0825568500690432,0.0116989077375235,0.0363379936194147
2003-01-01,-0.0821358292297018,0.0124906099509746,0.0377443062958351
2003-02-01,-0.0810462476895808,0.00977158579585754,0.0357261601997138
2003-03-01,-0.0831203773202093,0.00394200451593028,0.0292625387930362
2003-04-01,-0.083787878902616,0.00763550847606856,0.0332063308411859
2003-05-01,-0.0865573815704475,-0.00874387384623207,0.0164075099491142
2003-06-01,-0.0916483108781757,-0.0249169497338401,-0.000443732803991691
2003-07-01,-0.087197404622177,0.00407586361716717,0.0304391369525266
2003-08-01,-0.0829368244631895,0.0218720185181573,0.0492656061609079
2003-09-01,-0.0837424567529765,0.0172867273912721,0.0447543050333209
2003-10-01,-0.0845460636755893,0.0163089775560584,0.0434998213608051
2003-11-01,-0.0856923040282339,0.014854988230133,0.0409513549689705
2003-12-01,-0.0875224081144196,0.0120145485484023,0.0375731238596378
2004-01-01,-0.0886805358872082,0.00686778022078642,0.0323443817086334
2004-02-01,-0.0908128837070749,0.00122275051170732,0.0258301734196474
2004-03-01,-0.0887624879586729,-0.00407132820999862,0.0211848931669091
2004-04-01,-0.0870883941778932,0.0124331912647586,0.0370920347674444
2004-05-01,-0.0859724052230368,0.0208949275130896,0.0446635578144069
2004-06-01,-0.0840665383905924,0.0201100217782947,0.0420128166263387
2004-07-01,-0.0850424482972408,0.0126266637723213,0.0330574301916354
2004-08-01,-0.0834587389730447,0.00738788397628724,0.0270093114076537
2004-09-01,-0.0825447406113746,0.000748680567437332,0.0180134982087811
2004-10-01,-0.0810062252134731,-0.000246539863907347,0.0161146644270066
2004-11-01,-0.0775103036073234,0.00202049220943282,0.016618528804945
2004-12-01,-0.0772595582654296,0.00105940764794514,0.0142848072924143
2005-01-01,-0.0782093248019591,-0.0034304397382877,0.00639008600258931
2005-02-01,-0.0760706386644593,-0.00489498627777486,0.00289139943366384
2005-03-01,-0.0740245964254922,0.0054085097956729,0.0143418297812471
2005-04-01,-0.0743226645503975,-0.000650697744387224,0.00631605134323226
2005-05-01,-0.0755471499604854,-0.0111986265530465,-0.00856967929822659
2005-06-01,-0.0764330346994943,-0.0204754126540737,-0.0222025299602806
2005-07-01,-0.0739253061871432,-0.0137975761017612,-0.0159032961763816
2005-08-01,-0.0705902802327432,-0.0059871112713448,-0.00601611094595471
2005-09-01,-0.0697030926951187,-0.00719165076443541,-0.006901499634071
2005-10-01,-0.0672489519184964,0.00294778744494064,0.00479055779705903
2005-11-01,-0.0666737948403112,0.00527555246100848,0.0068970181560215
2005-12-01,-0.0681726863465807,-0.000895555960599135,-0.00248372847160835
2006-01-01,-0.0652862595707815,0.00044430983973381,-0.000562965081604897
2006-02-01,-0.0625066630114,0.0115825233017443,0.0146954241926512
2006-03-01,-0.0623966852379883,0.0139781000032004,0.0174017064402577
2006-04-01,-0.0612032698071895,0.0215039493926137,0.027743655714889
2006-05-01,-0.0603485884844979,0.0251029799132972,0.0328127366950581
2006-06-01,-0.0603033488456624,0.0239418782233244,0.0300203515118842
2006-07-01,-0.0598150054526363,0.0231940010683817,0.0286353097017248
2006-08-01,-0.0598154483592603,0.0193372848330228,0.0241775384660834
2006-09-01,-0.0614085416656055,0.0127866401725325,0.0148670018350806
2006-10-01,-0.0614690976915041,0.0121111781859624,0.0134624447756184
2006-11-01,-0.0612785221297441,0.00965997090233905,0.010519656104827
2006-12-01,-0.0615042310641607,0.00831550307494234,0.00880707988518597
2007-01-01,-0.0606467034694257,0.0146824972127634,0.0169601651959399
2007-02-01,-0.0594546897833216,0.0187072423056342,0.023698287517784
2007-03-01,-0.0598215507098962,0.013881507984628,0.0179104982872744
2007-04-01,-0.0598893253770487,0.0164106969656499,0.0210939272426652
2007-05-01,-0.0606962778321993,0.0155037443979919,0.018974970078745
2007-06-01,-0.0614329995705772,0.0226038228232549,0.0281843790969384
2007-07-01,-0.0606005600902945,0.0225284229986393,0.0288775307436225
2007-08-01,-0.063618280835724,0.014989888806873,0.0210225051333015
2007-09-01,-0.0660287902001521,0.007817034033423,0.0127211549236377
2007-10-01,-0.0653468723046743,0.0100427847813914,0.0165714457989479
2007-11-01,-0.0685102872218096,0.00152798671307957,0.0100186609479267
2007-12-01,-0.07006211303994,0.000239810067522766,0.010226508722708
2008-01-01,-0.0709835934567514,-0.00789768843326271,0.00592382449796061
2008-02-01,-0.0751795582877765,-0.00516510715088782,0.0142183896105448
2008-03-01,-0.0841671577078446,-0.0177980991180354,0.00477121432228313
2008-04-01,-0.0855072778973227,-0.0146407523939428,0.00506412167058659
2008-05-01,-0.0819508511676231,-0.00769944425887187,0.00866882986393601
2008-06-01,-0.0787106058062191,0.00164655650915399,0.0180155900142679
2008-07-01,-0.0820349928613461,-0.00491462211238343,0.0115716539473695
2008-08-01,-0.0837503231660596,-0.0121848955966428,0.00261737598646842
2008-09-01,-0.0933864446395583,-0.0243337536024611,-0.0087766343998233
2008-10-01,-0.097317105914617,-0.00653225360396475,0.0176983547863806
2008-11-01,-0.104019156213866,-0.00878058180943175,0.0227216341981953
2008-12-01,-0.128892257645044,-0.0835377996264064,-0.0504300917290846
2009-01-01,-0.122579427061687,-0.0729348894610282,-0.0421826280487832
2009-02-01,-0.107001415894832,-0.0391724412628367,-0.00890035218730277
2009-03-01,-0.112933744070474,-0.0542829373153519,-0.0261624451645518
2009-04-01,-0.11558175672227,-0.0571736291648078,-0.0287622336147438
2009-05-01,-0.108429841736631,-0.029210862630678,0.00232287454895429
2009-06-01,-0.101998923757279,-0.00400941667505266,0.0271174773315082
2009-07-01,-0.104114902692828,-0.0111265970380968,0.0208837929029058
2009-08-01,-0.104259985126938,-0.0100640492508359,0.0213158106425449
2009-09-01,-0.108568259903175,-0.0213040309176459,0.0108984384253646
2009-10-01,-0.112354038391041,-0.0266536161739589,0.00601199912859824
2009-11-01,-0.122270397557504,-0.0341318817544439,0.00153553678650915
2009-12-01,-0.114670888692456,-0.0218895020742066,0.0134440735469412
2010-01-01,-0.108382012106555,-0.0129974569179162,0.0205280739128159
2010-02-01,-0.122160695832438,-0.0252819657769334,0.0100396324853623
2010-03-01,-0.110908428473449,-0.0160896477409971,0.0171933199612804
2010-04-01,-0.105720184778285,-0.00911928364772866,0.0231413902864067
2010-05-01,-0.109308758346888,-0.0280597338911955,0.00484957345915745
2010-06-01,-0.114025226180976,-0.0438401980501803,-0.0107232972786382
2010-07-01,-0.11560957666213,-0.058744448918495,-0.024758147004271
2010-08-01,-0.118128365214034,-0.0852141777958674,-0.0494326386066475
2010-09-01,-0.119341402976219,-0.093623911766481,-0.0583408038483658
2010-10-01,-0.120362316580935,-0.108888893276122,-0.0692123011306515
2010-11-01,-0.116951226804428,-0.0920571012080033,-0.0545253866608625
2010-12-01,-0.108253006624964,-0.0394819938909396,-0.00448502164021411
2011-01-01,-0.105881455615608,-0.0297389189134742,0.00663350117092413
2011-02-01,-0.129783350552862,-0.0409874306675561,-0.0045556132780514
2011-03-01,-0.147568611847325,-0.0560510158409261,-0.0138240700906317
2011-04-01,-0.155071674581355,-0.0584097634360376,-0.0150108319734769
2011-05-01,-0.172441566161918,-0.0933024517039079,-0.0430669556898228
2011-06-01,-0.175103204301956,-0.112778831649554,-0.0576418354550541
2011-07-01,-0.160962289006189,-0.100763549221447,-0.0480459820168133
2011-08-01,-0.180714428454512,-0.202878742610882,-0.133800918029674
2011-09-01,-0.187587991184627,-0.262824063589215,-0.191539235664756
2011-10-01,-0.159668117910526,-0.20335543348504,-0.154394789391227
2011-11-01,-0.175745906376109,-0.254966625297538,-0.197464286506482
2011-12-01,-0.169323109109072,-0.256863249989623,-0.203012705202289
2012-01-01,-0.178358697366283,-0.274471178563,-0.215180672488321
2012-02-01,-0.183568511953636,-0.280456395490565,-0.219612636083816
2012-03-01,-0.181149959410271,-0.240289352446352,-0.186390352524449
2012-04-01,-0.186374242767849,-0.275334266442891,-0.21769622802662
2012-05-01,-0.205279878637604,-0.372234775602628,-0.308937228177453
2012-06-01,-0.162976890463416,-0.350713559798099,-0.318309362850962
2012-07-01,-0.152855105796206,-0.364692792654283,-0.336120036823407
2012-08-01,-0.16037551261267,-0.350246397568927,-0.321932833844583
2012-09-01,-0.158585680228759,-0.332094385619453,-0.2948671084766
2012-10-01,-0.143423219163642,-0.301020065864718,-0.26738226434665
2012-11-01,-0.165927102487025,-0.378304664307159,-0.347361703976312
2012-12-01,-0.157253262999536,-0.336312386704958,-0.300937419098984
2013-01-01,-0.154394331244528,-0.279180592010038,-0.238076238805683
2013-02-01,-0.193035431039658,-0.322379639789011,-0.264831941787573
2013-03-01,-0.209661257969089,-0.343917043901224,-0.270430978996078
2013-04-01,-0.215648448998486,-0.40537097162256,-0.324641105511472
2013-05-01,-0.225429683163978,-0.400312624954311,-0.324444289804478
2013-06-01,-0.182256457503904,-0.231106762833985,-0.18438290890711
2013-07-01,-0.180956991944459,-0.176291812605942,-0.125809758541392
2013-08-01,-0.188930717558608,-0.16210808582181,-0.107937688653247
2013-09-01,-0.17686308018972,-0.137172510619557,-0.0870057119780782
2013-10-01,-0.181207044228647,-0.162747238471929,-0.106228205507147
2013-11-01,-0.195551583989364,-0.170148546210372,-0.106835797965533
2013-12-01,-0.181906413625702,-0.128756020069749,-0.0723821037316721
2014-01-01,-0.179577410416274,-0.127227706174242,-0.0732372422291464
2014-02-01,-0.218746916455279,-0.190720396563916,-0.120976962082353
2014-03-01,-0.207807369710321,-0.172687337332987,-0.112297408876857
2014-04-01,-0.205810158998051,-0.171713480520572,-0.115039115665714
2014-05-01,-0.216304036396006,-0.207923460287165,-0.146626394192366
2014-06-01,-0.207147084890097,-0.191781273346901,-0.137819057359122
2014-07-01,-0.197546168253243,-0.189064825292771,-0.1422950686056
2014-08-01,-0.195065953125141,-0.204304461724278,-0.161314759833431
2014-09-01,-0.186322267165546,-0.180289490458732,-0.143820549043854
2014-10-01,-0.192894928971761,-0.218417939978622,-0.178947137120357
2014-11-01,-0.178570220619596,-0.19545191852498,-0.162083135805491
2014-12-01,-0.171832383271582,-0.20977881806322,-0.187972129933099
2015-01-01,-0.187681121758887,-0.287939997685216,-0.266883192772128
2015-02-01,-0.157354769897303,-0.217250937303887,-0.198429660428798
2015-03-01,-0.167970098871124,-0.231866097212094,-0.213974992895769
2015-04-01,-0.184996413891573,-0.278516941620277,-0.254718850966902
2015-05-01,-0.17619324036099,-0.225194477327556,-0.202169534605907
2015-06-01,-0.171648273332399,-0.194348154707806,-0.17113009720088
2015-07-01,-0.167433611251041,-0.196536737223095,-0.174367290462798
2015-08-01,-0.145766394894061,-0.188380650558879,-0.174040185394085
2015-09-01,-0.153340020906895,-0.204396722227746,-0.191014699179688
2015-10-01,-0.160814315816857,-0.230074767533554,-0.215400619619733
2015-11-01,-0.143466384057563,-0.175605115439556,-0.165935881098705
2015-12-01,-0.144839856312859,-0.188752004106238,-0.186401691266838
2016-01-01,-0.147069579080039,-0.21892719950315,-0.219987522800711
2016-02-01,-0.140511488885196,-0.239367040289215,-0.235911291621736
2016-03-01,-0.142898676258721,-0.23977789864822,-0.241927391766726
2016-04-01,-0.147605052138655,-0.270298263802888,-0.273474664145997
2016-05-01,-0.145336173887643,-0.265364307479815,-0.270382434796083
2016-06-01,-0.149772207570113,-0.308019776003132,-0.318192055918888
2016-07-01,-0.15358345250332,-0.351791680326705,-0.367650154239435
2016-08-01,-0.152474759813893,-0.338248221033066,-0.354821347282338
2016-09-01,-0.153925526971207,-0.331520250558314,-0.349545617686683
2016-10-01,-0.150265728204005,-0.299277626305888,-0.313913536261752
2016-11-01,-0.138211947246683,-0.209427128351707,-0.212881587054761
2016-12-01,-0.129659887952542,-0.146127438895043,-0.142489947361691
2017-01-01,-0.128323646976668,-0.147818962257892,-0.143386633426852
2017-02-01,-0.127046468792196,-0.146876697307127,-0.142040482654119
2017-03-01,-0.121175827308905,-0.136828470392236,-0.134390569320182
2017-04-01,-0.122255429004532,-0.163247458990623,-0.165364839536396
2017-05-01,-0.120961944542696,-0.164674227305103,-0.169112197198607
2017-06-01,-0.1231236008736,-0.189614910601587,-0.201631551064709
2017-07-01,-0.120468377477567,-0.172906741680338,-0.182625017149858
2017-08-01,-0.121346675722388,-0.18449074429422,-0.195170377094912
2017-09-01,-0.122105571563291,-0.19092591677277,-0.204624317813078
2017-10-01,-0.121287386242206,-0.173748686854667,-0.187603227583824
2017-11-01,-0.118729859220198,-0.173148461484883,-0.190998547877911
2017-12-01,-0.119193689365421,-0.173324382614965,-0.195456318492642
2018-01-01,-0.115940036860296,-0.151946735751857,-0.171863229187823
2018-02-01,-0.107414954298459,-0.11150251131023,-0.123258471599791
2018-03-01,-0.105991369800444,-0.112903026619278,-0.126543035333048
2018-04-01,-0.106162374449911,-0.115087268937328,-0.131622451458731
2018-05-01,-0.103470637229679,-0.104061865959714,-0.119567815936235
2018-06-01,-0.105073002268483,-0.113664187182878,-0.132664160241834
2018-07-01,-0.106231951969898,-0.121258182005926,-0.144020714869397
2018-08-01,-0.104683304868228,-0.121171572806512,-0.144758673422434
2018-09-01,-0.103093538473508,-0.112262106791239,-0.135398202021575
2018-10-01,-0.0990314014350816,-0.0964864402020989,-0.116329127411213
2018-11-01,-0.0968735874990781,-0.095153171979563,-0.11480529295374
2018-12-01,-0.100416808789539,-0.127608517741157,-0.157098459803502
2019-01-01,-0.100963014610603,-0.140878922515207,-0.172368355430057
2019-02-01,-0.0957617392397928,-0.128219448869962,-0.153682250493274
2019-03-01,-0.0967463279955521,-0.144402094208531,-0.173976344613597
2019-04-01,-0.0969487025106193,-0.149088936599926,-0.178968238630829
2019-05-01,-0.0989833296369456,-0.166974271150903,-0.200299498957243
2019-06-01,-0.105948657375167,-0.218145244584319,-0.25773226117372
2019-07-01,-0.108868331566955,-0.230142989542518,-0.273040204936462
2019-08-01,-0.118239887630712,-0.315856694379554,-0.373663537529177
2019-09-01,-0.122677618039998,-0.324102188804826,-0.387918345804903
2019-10-01,-0.129826746405869,-0.336813626260522,-0.399233769668365
2019-11-01,-0.129137246764489,-0.302731677995362,-0.356254627744364
2019-12-01,-0.128374796287922,-0.290658818119915,-0.341163439831297
2020-01-01,-0.128877188988468,-0.311303408566746,-0.363119558217229
2020-02-01,-0.126230965751312,-0.337763264623747,-0.387760779375392
2020-03-01,-0.178005815179687,-0.594950174223217,-0.638423153533234
2020-04-01,-0.195825441626544,-0.728259605436542,-0.759012419830143
2020-05-01,-0.192776071987674,-0.736381513291051,-0.758834374645927
2020-06-01,-0.188285523632485,-0.725647380537144,-0.750354784486628
2020-07-01,-0.191004492744113,-0.764498801010931,-0.786750100016905
2020-08-01,-0.201953364828585,-0.79493940584522,-0.817052653323845
2020-09-01,-0.202808655142686,-0.790497046491016,-0.80915078015068
2020-10-01,-0.196994194495773,-0.745816960589485,-0.761429978173031
2020-11-01,-0.208302044663994,-0.739906132872428,-0.751942373940215
2020-12-01,-0.214638433600107,-0.720433351261354,-0.715780715538697
2021-01-01,-0.219037634731464,-0.670806646015916,-0.645454598060165
2021-02-01,-0.236569533673448,-0.639584266159282,-0.591387274389635
2021-03-01,-0.253255679525183,-0.528387313605825,-0.443264560099693
2021-04-01,-0.261203400376839,-0.530618739525587,-0.429696969193184
2021-05-01,-0.278864095962515,-0.650019037862714,-0.518351656416722
2021-06-01,-0.276911797088391,-0.645615859045681,-0.524492195534043
2021-07-01,-0.275792656961351,-0.695025747230674,-0.586724298717618
2021-08-01,-0.275673577372478,-0.72488531284104,-0.631953132242536
2021-09-01,-0.267945187032117,-0.65534613924144,-0.577862315305124
2021-10-01,-0.2517703695211,-0.527018837568739,-0.473979144255351
2021-11-01,-0.260020262265414,-0.564761130532588,-0.519492293978976
2021-12-01,-0.2462629943959,-0.550119630488142,-0.537117383638203
2022-01-01,-0.223179723518033,-0.432143522429088,-0.439098654333952
2022-02-01,-0.176316119541081,-0.312871719646914,-0.339728696862756
2022-03-01,-0.163330524120559,-0.270604795856735,-0.30349983069969
2022-04-01,-0.140386150250654,-0.170201393311418,-0.197181926544767
2022-05-01,-0.123827917758141,-0.134581669500557,-0.156700881626169
2022-06-01,-0.10784237811821,-0.0994310917252851,-0.120089313603398
2022-07-01,-0.0984066203831067,-0.120001396444382,-0.152657665413469
2022-08-01,-0.0930685347431378,-0.119586940507518,-0.155104560811991
2022-09-01,-0.0851258184989676,-0.072896475076141,-0.101898040142698
2022-10-01,-0.0753245197166738,-0.0370138725113973,-0.0568154799264275
2022-11-01,-0.0697837012721685,-0.0327369883239246,-0.0507620772772904
2022-12-01,-0.0715176463236805,-0.0573485199977848,-0.0861605094156045
2023-01-01,-0.0691852995764882,-0.0632092627722483,-0.0947436443217745
2023-02-01,-0.0682167593997457,-0.0530163923780421,-0.0832185654159365
2023-03-01,-0.0666043669533235,-0.0450039446471428,-0.0683113931236306
2023-04-01,-0.0644187915517771,-0.0502227768542577,-0.0728113415521836
2023-05-01,-0.0628501781766423,-0.0434659097142656,-0.0645996239185536
2023-06-01,-0.0633223622348418,-0.0404129531926921,-0.0657789697941644
2023-07-01,-0.063315755858301,-0.0362214672121703,-0.0615902606137569
2023-08-01,-0.0621348387711267,-0.0199142859916527,-0.0368843776535395
2023-09-01,-0.0612106168297107,-0.00729137391891822,-0.0183796853318856
2023-10-01,-0.059792859780135,0.0128686319989548,0.0124484013547383
2023-11-01,-0.0601262743882016,0.00575971628974154,0.00321253318142917
2023-12-01,-0.0609083358748424,-0.011824974907773,-0.0200697695427848
2024-01-01,-0.0604562945445926,-0.00821357330266215,-0.0132918621254477
2024-02-01,-0.0619041086804792,-0.0135246859443941,-0.0239206889320764
2024-03-01,-0.0604202163872566,-0.00559944504307225,-0.0116515760594134
2024-04-01,-0.0599262285223162,0.00626735478586658,0.00430022676102675
2024-05-01,-0.060218979923183,0.003528680351935,0.000212816943070347
2024-06-01,-0.0606858693772639,-0.00405191744480938,-0.0105210683027425
2024-07-01,-0.0606011767157737,-0.00413161279101377,-0.00875332224860891
2024-08-01,-0.0615441065843351,-0.0159929979018812,-0.0218306571259105
2024-09-01,-0.0626210741542186,-0.0192427402603605,-0.0228860268042302
2024-10-01,-0.0628990174845306,-0.00464526171070514,-0.0044754802920431
2024-11-01,-0.0635317288467849,0.00201094709411083,0.00279307222762002
2024-12-01,-0.0641108305722976,0.00375074066309479,0.00558564216761697
2025-01-01,-0.0633475636121492,0.0135278818984077,0.0197743554197659
2025-02-01,-0.0651632313953156,0.00146745737907129,0.00239612461848234
2025-03-01,-0.0636521455389962,0.0034028736596696,0.00738554175689224
2025-04-01,-0.0623948979897058,0.00787531112253851,0.0149356192248882
2025-05-01,-0.0619950839726811,0.0112303865258888,0.0187954633174825
2025-06-01,-0.0618798959452565,0.0102737940953343,0.0176600235642503
2025-07-01,-0.0615786572913884,0.0110491958467349,0.0191431780688092
2025-08-01,-0.0625922163445443,0.00535175912779052,0.0122170641217405
2025-09-01,-0.0637066775735427,0.000932854597157456,0.00736137787396185
2025-10-01,-0.0646397808014315,-0.00156154620029211,0.00408302539457995
2025-11-01,-0.0655647897741239,-0.00350947535609862,0.000821949445319386
2025-12-01,-0.0667829022605608,-0.00187186200931259,0.00354102121136406
2026-01-01,-0.0667382536163729,0.00158835238121432,0.00846450303358156
2026-02-01,-0.0689230006604106,-0.00967118752872843,-0.00711101946765472
2026-03-01,-0.0663310796303309,0.00114165039928378,0.00665574292306794
2026-04-01,-0.0658725942228692,0.00454466200606578,0.0110024097464472
2026-05-01,-0.0661090208428469,0.0089707582976337,0.0160310276599375
2026-06-01,-0.0671004159977912,0.00638127937495788,0.0112001686985739
2026-07-01,-0.0672012375348369,0.00817779375504489,0.0126183203217372
2026-08-01,-0.0647564615021182,0.0148365715280799,0.0223653666310344
