"date","r_star","pi_star","w","shadow_rate","effective_federal_funds_rate"
1968-10-01,0.581720812299896,4.13036366482964,-1.24550217708123,5.3316606744734,5.91
1968-11-01,1.12839534412875,3.50793410635974,-1.2599391715695,5.45101505930064,5.82
1968-12-01,1.9584550936203,2.82860869675118,-1.28334801682041,5.89928331763727,6.02
1969-01-01,2.00663093224571,2.68254479868866,-1.1794306772979,6.09711724733269,6.3
1969-02-01,1.99084985116554,2.56577432178498,-0.864071848904464,6.03714723667634,6.61
1969-03-01,1.791629600076,2.65062868139655,-0.523090428850821,5.85520119690547,6.79
1969-04-01,1.78368315232716,2.69533063038062,-0.787682822152102,5.97324239944996,7.41
1969-05-01,1.8278779624725,2.66184993921146,-0.431024050722068,5.85657587796753,8.67
1969-06-01,1.60488853420293,2.66472620575754,0.00156259556563287,6.22462143711496,8.9
1969-07-01,1.35442983803052,2.58243913944791,0.524707219856945,6.67527508973551,8.61
1969-08-01,1.31216967272732,2.50356014690815,0.702417671608702,6.60870601673344,9.19
1969-09-01,1.53472693866657,2.72591424126433,0.836748639645802,6.6456438381653,9.15
1969-10-01,1.61268811483912,2.841938989018,0.557921707327474,6.59383152263196,9
1969-11-01,1.49360280945281,2.81640121931902,0.565822504042499,6.87555039463895,8.85
1969-12-01,1.79750026146584,2.94375391148818,0.182594639124663,7.49151047545158,8.97
1970-01-01,2.03320581335993,3.06876487417412,0.0413857736036485,7.53823313252237,8.98
1970-02-01,2.08848395961183,3.09540714485648,0.01334366165889,6.79848141077205,8.98
1970-03-01,2.07295762839194,2.95873519813907,-0.299598811805262,6.35423137150923,7.76
1970-04-01,2.2374152161229,3.06102994091263,-0.125141357283464,6.17746422479006,8.1
1970-05-01,2.2336915277069,3.026647933135,0.444078198140185,6.42878524908693,7.95
1970-06-01,2.21148621567617,2.94284172493318,0.54275405600181,6.21588436923548,7.61
1970-07-01,2.25155712282951,2.93787258177128,0.288663794443587,6.01616832759759,7.21
1970-08-01,2.38547526986501,2.98250764100428,0.0338605653029713,6.01798389729445,6.62
1970-09-01,2.36696862805491,2.9823340562858,-0.175669156179892,5.79780746190967,6.29
1970-10-01,2.29945405348792,2.97732655613911,-0.184036993597729,5.57092257668528,6.2
1970-11-01,2.26473513572745,2.98123657733792,-0.678027792196591,5.01154102122764,5.6
1970-12-01,2.12399274532106,2.96959493299293,-0.961236764840792,4.67558757831972,4.9
1971-01-01,2.34337566538788,3.00210415417584,-1.12296968364592,4.21926559395119,4.14
1971-02-01,2.56961791141893,3.00428501938209,-1.45845249398459,3.54251567904061,3.72
1971-03-01,2.3118849066283,2.92119703513603,-1.63254731078397,3.32707296578762,3.71
1971-04-01,2.28432869298053,2.84236095467071,-0.923912789273826,3.66091564903997,4.16
1971-05-01,2.17721711965587,2.7807984345669,-0.0433899054896902,3.75842430359239,4.63
1971-06-01,2.07714287288313,2.86111929040937,0.0449498679433101,4.3328993478816,4.91
1971-07-01,2.18232735271692,2.86997730140895,0.0171663367684402,4.98322719960461,5.31
1971-08-01,2.08847746584234,2.26047034557891,0.48918528766886,4.4715778592702,5.57
1971-09-01,1.53909771486857,2.7656514401541,0.261275681829818,4.27557270625842,5.55
1971-10-01,1.58446752889422,2.73124815112038,-0.0199768466372323,4.05800753088353,5.2
1971-11-01,1.69808709181052,2.74471840321998,-0.248220259318211,3.86976231348245,4.91
1971-12-01,1.67146831966808,2.86861902096038,-0.270207925489566,3.70642412655775,4.14
1972-01-01,1.62472465520803,2.9203848891563,0.0458863562139786,2.99444780849321,3.51
1972-02-01,1.56799152994642,2.96538941467004,0.383870784197765,2.69446709051617,3.3
1972-03-01,1.4333357028039,2.96972816887307,0.50107965037166,3.22535555633533,3.83
1972-04-01,1.28068330727102,2.95296654720473,1.10904900009629,3.10428185089971,4.17
1972-05-01,1.3223495654166,3.00513448967207,0.620241201354909,3.14500831597905,4.27
1972-06-01,1.27826980326515,3.0025721115175,0.598442890358172,3.42401462382304,4.46
1972-07-01,1.22304928720447,2.90678608140651,0.833304542910409,3.44467360124066,4.55
1972-08-01,1.30565213705391,2.9584560962137,0.74946845566819,3.4796183096684,4.81
1972-09-01,1.34852340296527,3.15058012705379,0.452448156143284,4.18408207097841,4.87
1972-10-01,1.27665547631951,3.07749704421435,0.504245965553954,4.28172178662057,5.05
1972-11-01,1.29983509140385,3.0798411653556,0.253916978893121,4.352168177859,5.06
1972-12-01,1.24527470434337,3.20775243196043,0.0627846496999394,4.70419114431676,5.33
1973-01-01,1.03296773926542,3.33806707774718,0.237949821342155,5.05231989996835,5.94
1973-02-01,0.920178076845122,3.46389389282774,0.519038510039256,5.18046470440218,6.58
1973-03-01,0.629054448194134,3.64573686755028,0.668745709219813,5.68496471099691,7.09
1973-04-01,0.508318788734393,3.81236692625207,0.42091753373072,5.91116265594045,7.12
1973-05-01,0.483523436263048,3.98962882544894,0.341985082620201,6.03728244120107,7.84
1973-06-01,0.440467173301329,4.19074260175957,-0.391092362880648,7.02009598306878,8.49
1973-07-01,0.244112533393258,4.39004042655337,-0.0857034335317258,7.94600469141823,10.4
1973-08-01,0.00396735842007561,4.86482694255092,-0.330311355563686,8.56906622444511,10.5
1973-09-01,0.0137626178384366,4.89837516648308,-0.860072959221782,8.35571218460355,10.78
1973-10-01,-0.0355843399107717,4.93574749439485,-0.636700122777733,7.19172335562212,10.01
1973-11-01,-0.0239597131979096,4.97164075207742,-0.91928432406274,7.82909490233214,10.03
1973-12-01,-0.0328207898790789,4.99102322376112,-0.884883744279609,7.46037684260253,9.95
1974-01-01,-0.0339257757717265,5.31772228920056,-1.18082159298906,7.7997873986776,9.65
1974-02-01,-0.0401534490874066,5.52650068125604,-1.15604593361327,7.1186021502812,8.97
1974-03-01,-0.109463332389754,5.61165669482041,-1.00455065363832,7.94519534344512,9.35
1974-04-01,-0.374734158264555,5.81877261718273,-0.274683373701967,8.25454931828645,10.51
1974-05-01,-0.558979868469712,5.87036404851549,0.337845791282071,8.00003172720094,11.31
1974-06-01,-0.514715423503368,5.76412196044078,0.498104927504291,7.63645806193317,11.93
1974-07-01,-0.610170787095613,5.64215441165929,1.41746156606571,7.08231338318197,12.92
1974-08-01,-0.331167918706482,5.99050165654333,0.133519033316266,8.68243703015119,12.01
1974-09-01,-0.296770839706256,5.95161718329186,0.352497092974552,7.80338120197731,11.34
1974-10-01,-0.298460337323558,5.67624329424451,0.512967799909004,7.0927001470784,10.06
1974-11-01,-0.153623221232992,5.63661677002838,-0.105805196262509,7.1812376415131,9.45
1974-12-01,0.0231076007808853,5.45153224325513,-0.475404750834231,6.97714781962867,8.53
1975-01-01,0.0374460471954782,5.33871038401273,0.239270735954673,5.9255091962836,7.13
1975-02-01,0.278409209218208,5.30853593583026,0.00377907201963923,5.12738665267593,6.24
1975-03-01,0.412999229570099,5.26065906914044,0.111195812778144,5.09944895765441,5.54
1975-04-01,0.25476897112618,5.28925468019696,1.29191069201944,5.0290646787763,5.49
1975-05-01,0.243152148078582,5.33105593330866,1.22276798693687,4.58270413922651,5.22
1975-06-01,0.267284844327278,5.32377852022438,0.803232824430215,4.77421957459693,5.55
1975-07-01,0.209262153122687,5.24722398411629,0.968281303650395,5.57157197179169,6.1
1975-08-01,0.182722262343115,5.24203390197537,1.37585675896749,5.83310748546719,6.14
1975-09-01,0.21471691186836,5.27363561953602,1.49779480337873,5.75609691656426,6.24
1975-10-01,0.407708393664183,5.26969836353985,1.05230115612652,5.34155916454254,5.82
1975-11-01,0.642221082014175,5.15478043026149,0.844455751247435,4.88962249429454,5.22
1975-12-01,0.694031505066298,4.93030785816549,0.975494244925817,4.86149542106011,5.2
1976-01-01,0.96316624585288,4.7448104503494,0.713949705597664,4.26206474486995,4.87
1976-02-01,1.07930783032923,4.57173042311465,0.788336682715655,4.28880240820908,4.77
1976-03-01,0.994401281220751,4.46276461782795,1.00729621955497,4.41196223578015,4.84
1976-04-01,1.03888554492205,4.42997015625322,0.740443570336823,4.29828749068278,4.82
1976-05-01,0.96948847724706,4.49771885391643,1.03512001721335,4.608569130512,5.29
1976-06-01,0.942090098213909,4.52733023285586,0.91619294310243,4.82847129892049,5.48
1976-07-01,1.00139529873267,4.6024396181202,0.703646881377917,4.67543033388916,5.31
1976-08-01,1.12663691738379,4.58665912971209,0.37530179365196,4.65182302270694,5.29
1976-09-01,1.24003012068078,4.50853704057319,0.0751383118699912,4.65929891850514,5.25
1976-10-01,1.34664308916103,4.51361201333098,-0.442041412199647,4.61636674401499,5.02
1976-11-01,1.38972414882309,4.43322322288655,-0.570304627533584,4.49561996078535,4.95
1976-12-01,1.29974059928036,4.23431450461715,-0.621139307380475,4.11509056077955,4.65
1977-01-01,1.2439409921227,4.2531839529275,-0.0469629465618029,4.24417951173232,4.61
1977-02-01,1.19573744769995,4.38370601492476,0.138286580651916,4.21114127604519,4.68
1977-03-01,1.16908259915997,4.4823952957066,0.185781707211738,4.13673757961423,4.69
1977-04-01,1.15933590044098,4.51980203744417,0.0315927463124332,4.10019455963505,4.73
1977-05-01,1.17671418572731,4.52255051866529,-0.0171582430104243,4.57063085225631,5.35
1977-06-01,1.15768756521041,4.48285961506805,-0.256254031622259,4.7011690005189,5.39
1977-07-01,1.18508596750003,4.42952845900997,-0.233785046700973,4.87221124953853,5.42
1977-08-01,1.0724426720969,4.355345773988,0.0805762797529021,5.14533971280091,5.9
1977-09-01,0.986565254455441,4.39453828837927,-0.0203980018911384,5.49235897543601,6.14
1977-10-01,0.936904812428659,4.41315165941197,0.214404568134626,5.81785671556421,6.47
1977-11-01,0.943366111587917,4.43873011565759,0.26736063813701,5.73924115327772,6.51
1977-12-01,0.93797822871238,4.56910243524776,0.325098250047121,5.67353090365729,6.56
1978-01-01,0.917372749465001,4.80370077632294,0.303998265004137,6.04151942097246,6.7
1978-02-01,0.908837932038097,4.88727490384051,0.323280126599224,6.04888296910635,6.78
1978-03-01,0.880399642655185,4.84993933775012,0.510498236801289,5.86021711150584,6.79
1978-04-01,0.835526384901553,4.8005291542723,0.825607655699198,5.78789064590306,6.89
1978-05-01,0.718326659016862,4.81892196629385,1.16692750919918,5.8502697629518,7.36
1978-06-01,0.683749762865106,4.93814278797819,1.15796840660209,6.17097060152208,7.6
1978-07-01,0.61860253209685,5.098211312423,1.20732890174007,6.45213611005326,7.81
1978-08-01,0.490471861319103,5.08716385731427,1.02105855276951,6.57831943359279,8.04
1978-09-01,0.517353233408312,5.22583749913388,0.395697840948891,7.46884028345238,8.45
1978-10-01,0.428575545658871,5.32228574465111,0.621593464494942,7.64970233768706,8.96
1978-11-01,0.180774844251764,5.34133347919177,0.965480174181289,8.32537947498603,9.76
1978-12-01,0.178470972261038,5.47673176372503,0.941549985927988,8.73306760514938,10.03
1979-01-01,0.0973237807700167,5.63813699791297,0.879831711260928,9.01885136899558,10.07
1979-02-01,0.187740883428374,5.81672385856486,0.353711443643973,9.05830745138705,10.06
1979-03-01,0.213510134180491,5.95394798300961,0.152614065935804,9.24920257152049,10.09
1979-04-01,0.18781469623654,6.13295142234209,0.0701165363069381,9.22678945285449,10.01
1979-05-01,0.201684226006055,6.22819047696758,-0.135945921291717,9.42062678123519,10.24
1979-06-01,0.192987309463283,6.17171363441844,-0.307874008014902,8.89510426759062,10.29
1979-07-01,0.264254735796865,6.21322959424029,-0.601947166107648,9.11705960910702,10.47
1979-08-01,0.239966433002563,6.24138710613838,-0.525343352817781,9.4335647034542,10.94
1979-09-01,0.102356259817448,6.35054944648033,-0.316985425927448,10.2193184212569,11.43
1979-10-01,0.156425909536621,6.78821178557699,-0.166495185215563,11.6109000176972,13.77
1979-11-01,0.140648403006588,7.16171125945649,-0.221783037398671,11.6933404311652,13.18
1979-12-01,0.159348352059431,7.39956827275127,-1.29318406119743,12.1682764382802,13.78
1980-01-01,0.219191436905264,7.80676083725228,-1.34015243059711,12.1442374760303,13.82
1980-02-01,0.109809227820739,8.55818124454298,-0.0714475895818965,12.7219693887576,14.13
1980-03-01,-0.455252437647115,8.65271581839462,0.0638730422760225,15.1488020510539,17.19
1980-04-01,-0.437900128990046,8.72961501914513,-1.15453160314275,13.3943666312524,17.61
1980-05-01,-0.382798540120124,8.43156254973701,-0.449679105633302,8.51913797372739,10.98
1980-06-01,-0.341102074491795,7.82315133387785,0.460532103062456,6.70079961182094,9.47
1980-07-01,0.0638055011382367,7.84237926204422,-0.08815812063589,7.70802415038528,9.03
1980-08-01,0.0973592845568996,8.07199639863985,0.581403376715174,8.69393961039817,9.61
1980-09-01,-0.0202474215626438,8.15784290834804,0.935006890630617,9.78946213981842,10.87
1980-10-01,0.0132646408583598,8.48624897759825,0.0855378895931737,11.3282162276069,12.81
1980-11-01,0.188960406023159,8.99156821932837,-0.696665218247587,13.6324998187954,15.85
1980-12-01,0.427878777102402,9.12702463994809,-2.02963100377595,15.7097631240136,18.9
1981-01-01,0.691367188024111,9.26616673204465,-2.97899348617267,15.4444516627975,19.08
1981-02-01,0.807629291143071,9.47912507820806,-2.32910850369606,15.1180179087507,15.93
1981-03-01,0.810043909773308,9.31039618789218,-1.14330992493548,13.4059413756872,14.7
1981-04-01,0.751830125747073,9.42526849265007,-0.571454435007015,13.5624217897355,15.72
1981-05-01,0.619061129758928,9.6025374414129,-1.40299479749219,16.4096619405783,18.52
1981-06-01,0.467143318724137,9.28356381748653,-0.943138619261865,14.7868726296148,19.1
1981-07-01,0.366962439889389,9.56655654421248,-0.0619353977716699,14.8040929637674,19.04
1981-08-01,0.166220771816987,9.78552074249957,0.735911847557293,15.1985086365504,17.82
1981-09-01,0.106206711515798,10.0092205586243,1.68981857760454,14.201907946917,15.87
1981-10-01,-0.0322703200364556,10.38540051465,1.7033655088488,12.9507417842394,15.08
1981-11-01,-0.251946638506177,9.87505330791325,1.38269454706987,10.3423089882433,13.31
1981-12-01,-0.15471541338954,9.70046539802736,2.10727251987552,10.118415959776,12.37
1982-01-01,-0.106025015645189,10.1777980109719,2.03653502028305,11.5610146492957,13.22
1982-02-01,-0.0835335650066537,10.2237101583742,1.01609449604322,13.0043974968242,14.78
1982-03-01,-0.105269574291143,9.8107894973198,1.12985942904427,12.2299977171592,14.68
1982-04-01,-0.243146182471817,9.70657940962009,1.43025078279841,12.2008268613418,14.94
1982-05-01,-0.130063183187103,9.51986872054962,1.45876423283251,11.5369648332204,14.45
1982-06-01,0.129367333149796,9.68186575782571,1.62325738051994,11.8194887816997,14.15
1982-07-01,-0.118394983227761,9.60209921435875,2.23350950562217,10.6174489293233,12.59
1982-08-01,-0.384044883491431,9.03189759029747,3.44890141407823,7.75129380132734,10.12
1982-09-01,-0.587844233449752,8.39354708161808,4.11345805920373,6.80411807221466,10.31
1982-10-01,-0.362579384851662,8.0668087580523,2.53727329807727,6.75036977135121,9.71
1982-11-01,0.139622843774279,7.71264694629886,1.39550262126485,7.36635348709431,9.2
1982-12-01,0.582171940328257,7.50977931021744,1.06665263084398,7.30188155145563,8.95
1983-01-01,0.830248849960796,7.53350710067305,0.433915413004653,7.3417525896825,8.68
1983-02-01,1.07010163435738,7.41444285041994,0.423068948689528,7.6230935319807,8.51
1983-03-01,1.0982444427528,7.27004893421972,0.0781257460075532,7.93353907050443,8.77
1983-04-01,1.01247486059022,7.25384847183287,0.105116135404745,7.8062670469063,8.8
1983-05-01,1.17204273279404,7.17312897375232,-0.0817886343560952,7.7981707248646,8.63
1983-06-01,1.24227451679313,7.22743273625,0.18155280332109,8.36225962158104,8.98
1983-07-01,1.25221278277787,7.51524079269396,0.46291646450612,8.57684692661229,9.37
1983-08-01,1.31224898089563,7.6764266763613,0.599382927654337,8.81483438151568,9.56
1983-09-01,1.25350032601202,7.72457581029331,0.546262394852633,8.46020162584393,9.45
1983-10-01,1.1687226065601,7.83411747400684,0.528489026003505,8.09041342877099,9.48
1983-11-01,1.24729785038118,7.86257299333824,0.468107660966064,8.219917857596,9.34
1983-12-01,1.25389242522892,7.90595764185114,0.4643456367944,8.464305467851,9.47
1984-01-01,1.17317404272731,7.93619829280239,0.342858512287548,8.38851253307454,9.56
1984-02-01,1.28057922178458,7.95498939698323,0.242220406904092,8.58712268889363,9.59
1984-03-01,1.3796667706835,8.19350107253981,0.315170302587826,9.00588186418697,9.91
1984-04-01,1.2765531212392,8.45521392550394,0.537368695490058,9.14895400813332,10.29
1984-05-01,1.27625248764305,8.71045367881365,1.3002262993306,9.16236148848759,10.32
1984-06-01,0.969501250138722,8.73755876959149,2.0979626691996,9.0540442482715,11.06
1984-07-01,0.643918418433685,8.92273820955916,1.94527315088323,9.315584627807,11.23
1984-08-01,0.594402226675069,8.64254357575639,1.23904707089499,9.83500243990037,11.64
1984-09-01,0.69587196754805,8.34077256251705,1.2189725158466,9.74367458412309,11.3
1984-10-01,0.66523365672464,8.20840297832358,1.17664193222206,9.10977041703373,9.99
1984-11-01,0.82926010711084,7.89001365290817,1.02458838117415,8.02126385892987,9.43
1984-12-01,1.11147592687303,7.72600960735565,0.96322236805646,7.41171849491898,8.38
1985-01-01,1.20095681517224,7.68198806079035,0.881749953103975,7.10076937723259,8.35
1985-02-01,1.46444905861388,7.56476320970267,0.500733775884707,7.67856763061071,8.5
1985-03-01,1.59451825642637,7.4798410475044,0.842416731013928,7.88648911718291,8.58
1985-04-01,1.53923182452651,7.43141942800401,0.623132641843277,7.34494421021886,8.27
1985-05-01,1.58191053446883,7.16221357982568,0.210679081281713,6.98538984176473,7.97
1985-06-01,1.57199327427807,6.77246269077192,-0.000664647458077677,6.48568370346927,7.53
1985-07-01,1.75285771626962,6.75210087608014,-0.109603669560126,6.61606195912333,7.88
1985-08-01,1.83984735117505,6.61102912057053,0.0269470625909502,6.66519312691765,7.9
1985-09-01,1.87651103924692,6.57065138686576,0.0752258036560263,6.60893688895286,7.92
1985-10-01,1.80623133356963,6.58587000996636,-0.0915990262003573,6.71137074916288,7.99
1985-11-01,1.71391701048145,6.3899980475594,-0.452280367366697,6.89485033349816,8.05
1985-12-01,1.57896275445574,6.12950169517957,-0.659359345579372,6.86099588592905,8.27
1986-01-01,1.43988309763597,6.07612927970079,-0.484023685086006,6.82272325314078,8.14
1986-02-01,1.27233861338551,5.78850619808603,-0.445886141059418,6.85318893570658,7.86
1986-03-01,0.983857033679063,5.1924648414742,-0.284377482936439,6.38368577198265,7.48
1986-04-01,0.986253235526565,4.71588357285661,-0.0939960344142597,5.81826251096266,6.99
1986-05-01,1.26832196450759,4.7442995577913,0.154749131227215,5.77655795464266,6.85
1986-06-01,1.37301357228538,4.80289624740541,0.146450114764498,5.80703873537616,6.92
1986-07-01,1.36172918878965,4.61973944457997,-0.169462811883351,5.5126971907617,6.56
1986-08-01,1.46659056425974,4.52035712951947,-0.495439494249071,5.2871337597937,6.17
1986-09-01,1.60229795884025,4.71535667059198,-0.42634132716437,4.91782997189597,5.89
1986-10-01,1.58751997517283,4.78055301573785,-0.616975075043782,4.93769983059576,5.85
1986-11-01,1.5385480896735,4.66915531068432,-0.776514570247328,5.1584297609625,6.04
1986-12-01,1.43120118658539,4.5616025108759,-0.859781349656575,5.38868277587592,6.91
1987-01-01,1.37639952232179,4.50671562431194,-0.737258478330911,5.26014994220313,6.43
1987-02-01,1.41300344623985,4.47351988233583,-0.665486320881196,5.41871700045125,6.1
1987-03-01,1.3377798492823,4.46502834195672,-0.569747722847823,5.39922952197959,6.13
1987-04-01,1.39813090933116,4.80102481807431,0.0894931524028104,5.27756872193847,6.37
1987-05-01,1.28330297612192,5.0255099566592,1.00040752466428,5.11977183061988,6.85
1987-06-01,1.10369720003283,5.12666473959257,0.831131568029563,5.12374564031758,6.73
1987-07-01,1.20431220957811,5.30065539480966,0.423628603492343,5.19941250095588,6.58
1987-08-01,1.30093311882571,5.4990418227802,0.257217361583858,5.56811318142284,6.73
1987-09-01,1.33289074244073,5.81441863098716,0.606864358763454,5.88606574898235,7.22
1987-10-01,1.23245329622852,5.82618919824335,1.14304606385238,5.52252094772642,7.29
1987-11-01,1.08135195300399,5.64564552640234,0.826588742011434,5.13334253316767,6.69
1987-12-01,1.10078505747213,5.70588963417427,0.842888906253936,5.23320056488964,6.77
1988-01-01,1.04223241110035,5.65489175772346,0.475346819917804,5.36432592018537,6.83
1988-02-01,1.03313012017328,5.48024853922131,0.0573605462464147,5.3229199027079,6.58
1988-03-01,1.18230114154952,5.47568283064183,0.0304705365397071,5.36028118772471,6.58
1988-04-01,1.30451057592716,5.6050789646104,0.0807556253575067,5.52543308345724,6.87
1988-05-01,1.40585240418491,5.69782544384512,0.163322808479999,5.86608514617363,7.09
1988-06-01,1.28058055354749,5.56525943009813,0.20257157704529,6.07534391293924,7.51
1988-07-01,1.24548718744671,5.67900666463936,0.213283180106008,6.34489867320614,7.75
1988-08-01,1.20582586925434,5.71664593336273,0.38959377548117,6.66624860931542,8.01
1988-09-01,1.12521853125135,5.59462949153128,0.177467668446749,6.88636995305416,8.19
1988-10-01,1.11177834508925,5.5208407521046,-0.0474770412536585,7.06370145385137,8.3
1988-11-01,1.14091423595841,5.51304442754836,-0.00531214219899408,7.47351461736477,8.35
1988-12-01,1.08709210190716,5.39553714092625,0.415230658842407,7.730054436883,8.76
1989-01-01,1.0759633569577,5.34588674307758,0.435078400215712,7.90039623008915,9.12
1989-02-01,1.084035072852,5.3342658181311,0.450950421029378,8.17029218776675,9.36
1989-03-01,1.03932262744493,5.32245047015105,0.713662146276842,8.41660487096742,9.85
1989-04-01,0.971134526647354,5.33271913646656,0.60340076973182,8.25957931062241,9.84
1989-05-01,1.00116792957711,5.27029437122854,0.22511366184384,8.12044557717189,9.81
1989-06-01,1.05393160930288,4.97789909121268,-0.233969096009206,7.95936971114489,9.53
1989-07-01,1.27524494657948,4.84059697181643,-0.878961357307764,7.81394855116843,9.24
1989-08-01,1.30384448690227,4.66772731239214,-0.43407126973672,7.78576870527352,8.99
1989-09-01,1.33782600425619,4.56654820155851,-0.0977291698957523,7.55237648103692,9.02
1989-10-01,1.38108688577705,4.49554503355714,-0.29237821305334,7.45134911327794,8.84
1989-11-01,1.44750965856041,4.45714349542699,-0.647339350498879,7.5446325152125,8.55
1989-12-01,1.48798582369216,4.35569278402336,-0.60500896960748,7.49437757334239,8.45
1990-01-01,1.54214097499243,4.53302402737737,-0.371799694959741,7.42003646631148,8.23
1990-02-01,1.53719751489349,4.69930784891919,-0.169746370628433,7.45860129621162,8.24
1990-03-01,1.51137856847189,4.71606322266819,0.0159599217877027,7.57054165474012,8.28
1990-04-01,1.43408366756071,4.86272969816874,0.296311245020836,7.39436699194312,8.26
1990-05-01,1.36042935172368,4.98346109257839,0.222579070435452,7.38319086420838,8.18
1990-06-01,1.33430331431896,4.95205738023719,-0.132833256900857,7.42060463113377,8.29
1990-07-01,1.36222018271479,5.04478195978541,-0.3498389996061,7.37123644124717,8.15
1990-08-01,1.49011272938545,5.31437987825907,-0.556489336112684,7.20639496683073,8.13
1990-09-01,1.55528353858805,5.48053483738141,-0.635971344717306,7.14173055314143,8.2
1990-10-01,1.36114604502405,5.57831801322693,-0.672511066506489,6.97223968804238,8.11
1990-11-01,1.26628027127107,5.44318000965408,-0.785076517379448,6.90448783371194,7.81
1990-12-01,1.14960744799317,5.27583161699879,-0.649268044601758,6.57904221009256,7.31
1991-01-01,1.09363756917609,5.41181127553602,-0.435675413669288,5.99134520210243,6.91
1991-02-01,1.07944345766801,5.31981115765653,-0.483627578762551,5.71095056001942,6.25
1991-03-01,1.21379608180261,5.2889181253493,-0.162016807080216,5.57849739194934,6.12
1991-04-01,1.19331174224638,5.2788866913537,-0.0936305114024675,5.29578855679098,5.91
1991-05-01,1.3081549569131,5.2980564399288,-0.17949659562927,5.10781313512814,5.78
1991-06-01,1.38186388895081,5.28904463286093,0.00239928928937905,5.16901987280692,5.9
1991-07-01,1.39038335413255,5.32528178282217,-0.108293491405215,5.17577981697932,5.82
1991-08-01,1.47830786057012,5.25354765963704,-0.705835654735934,5.07374317564091,5.66
1991-09-01,1.53621798309054,5.08019778065458,-0.918856920790168,5.006980318299,5.45
1991-10-01,1.54344193771099,5.0525482316152,-1.11392723662507,4.84178474247825,5.21
1991-11-01,2.4048449811071,4.18030260097987,-1.34436776885285,4.41150552264737,4.81
1991-12-01,2.3627475671029,4.25015363152001,-1.69608582837964,4.00675661332362,4.43
1992-01-01,2.32982170207449,4.32180512699579,-1.51187991110138,3.67668011375114,4.03
1992-02-01,2.62293303728031,3.84618167376241,-0.872905200013941,3.4572405584934,4.06
1992-03-01,2.48460854152831,4.00996079877182,-0.550651208860659,3.64009714258662,3.98
1992-04-01,2.42700839596736,4.26427185777378,-0.833598952425813,3.38674612118979,3.73
1992-05-01,2.54406381882413,4.15401814036882,-1.01477647602146,3.31553341702721,3.82
1992-06-01,2.44385067555565,4.25084196611675,-1.29001887573409,3.42612656573348,3.76
1992-07-01,2.31243085008783,4.41367693399532,-1.89510727552687,3.13976532038716,3.25
1992-08-01,2.58146557817108,3.9297826565289,-2.010090189024,3.09312120853976,3.3
1992-09-01,2.5392061773421,4.03104387768987,-2.29553384610519,2.94515875245967,3.22
1992-10-01,2.44122014705147,4.1669314856395,-1.97277247285951,2.82864511963969,3.1
1992-11-01,2.68766886539657,3.76549759453247,-1.35677666193965,2.9090150631484,3.09
1992-12-01,2.5237725933196,3.75784910972554,-1.17111381285526,2.95886551454637,2.92
1993-01-01,2.40801179295009,3.84778628643849,-1.36400759111006,2.79142764124235,3.02
1993-02-01,2.14259902515475,3.38909036735346,-0.919162033268558,2.54911317880743,3.03
1993-03-01,2.20768169428279,3.49992207266456,-1.57644887076359,2.85480110223662,3.07
1993-04-01,2.25604034536151,3.56643915520414,-1.81946769903648,2.83570768869715,2.96
1993-05-01,2.01150575004328,3.81276455853026,-1.76108873488342,2.92625146354419,3
1993-06-01,1.79861202387569,3.61876362900346,-1.31447024150888,2.98184992451911,3.04
1993-07-01,1.72044895238314,3.44562182196169,-1.18863605220919,2.91611782393687,3.06
1993-08-01,1.77409009470261,3.30080530762392,-1.19311044551767,2.88772593311573,3.03
1993-09-01,1.62645368681713,3.10285931049241,-1.17465802766518,2.85130045504705,3.09
1993-10-01,1.57884689278257,3.06078339578037,-1.16061313910088,2.90933380652118,2.99
1993-11-01,1.53322988852492,3.4412388207915,-0.984201604417536,2.93644353651065,3.02
1993-12-01,1.56850258578743,3.3776542404614,-0.846711988888618,2.85833203876882,2.96
1994-01-01,1.58107797359626,3.32812405289971,-0.82851224602992,2.77776965463799,3.05
1994-02-01,1.56185799414462,3.20595861181407,-0.305273625320672,2.86909877485716,3.25
1994-03-01,1.80239121240914,3.41286838112845,-0.176408236983764,3.13243176586039,3.34
1994-04-01,1.83195605308285,3.60226546726571,0.31527272901704,3.19754974595357,3.56
1994-05-01,1.89820483925588,3.50496135951593,0.432906489763874,3.63406598413661,4.01
1994-06-01,1.76803775974615,3.57374963483097,0.402348852508193,3.63701663969833,4.25
1994-07-01,1.71436836701339,3.80231904643327,0.402925920573712,3.82857421352859,4.26
1994-08-01,1.90506458743433,3.48724009539874,0.350668433187243,3.98420112567342,4.47
1994-09-01,1.89283673021457,3.6923111543048,0.373289228844182,4.12816212323368,4.73
1994-10-01,1.78957443109987,3.93561309667561,0.529219831036549,4.42716186345079,4.76
1994-11-01,2.02256741455386,3.62027999686057,0.796125186833953,4.71377722134671,5.29
1994-12-01,1.51106599237739,3.58016665923668,1.49305012261549,4.98371684422722,5.45
1995-01-01,1.34381995905982,3.80674901402578,1.3755367845591,5.06546317352438,5.53
1995-02-01,1.61224436227297,3.46512267143078,0.758915823044861,5.22259516540218,5.92
1995-03-01,1.55155305686862,3.58807217081574,0.244904697197577,5.32911851919364,5.98
1995-04-01,1.4427867875811,3.7233993332659,-0.0289586447265794,5.33259752036593,6.05
1995-05-01,1.51387727832294,3.40663382499286,-0.469749887544291,5.45776026618853,6.01
1995-06-01,1.35159537449125,3.32581733206472,-0.750049504668075,5.36403857162449,6
1995-07-01,1.37655242519714,3.36742882934455,-0.644022676210988,5.29016805153099,5.85
1995-08-01,1.60258152180783,3.2310801482346,-0.44192772858025,5.20084391757083,5.74
1995-09-01,1.43614259556189,3.1497742262212,-0.418140604173955,5.10028906842524,5.8
1995-10-01,1.32193520378155,3.05767043821801,-0.402060202162885,5.10586316612578,5.76
1995-11-01,1.43945843908715,2.97346447870127,-0.76627233918637,5.24003924689466,5.8
1995-12-01,1.36302822642807,2.86475217710171,-0.711772555941155,5.05647990048953,5.6
1996-01-01,1.41806568761535,2.87561913458484,-0.928560579382474,4.92464203445777,5.56
1996-02-01,1.61550729106085,2.89802878231353,-1.04045680097014,4.75317162819817,5.22
1996-03-01,1.73407844714154,3.00070177368865,-0.499902884146731,4.7708086887224,5.31
1996-04-01,1.75144140982549,3.05704194208563,-0.100937653034934,4.64739636487017,5.22
1996-05-01,1.89046376416319,3.02018517715576,-0.00771430199291215,4.66193235442858,5.24
1996-06-01,1.8611486190107,3.0893566475565,0.202227485178532,4.69570435438917,5.27
1996-07-01,1.7639266717367,3.10755552947523,0.191867958064892,4.76696550782998,5.4
1996-08-01,1.74850513994124,2.99020305785881,0.0193893817641748,4.70600918489643,5.22
1996-09-01,1.7972242464673,3.08131593654623,0.159913600594976,4.72024277500788,5.3
1996-10-01,1.70829956134308,3.03340877003456,-0.0926822466603865,4.67124716550301,5.24
1996-11-01,1.61158280973182,2.90528077183042,-0.321135784767441,4.7853579959767,5.31
1996-12-01,1.6125096058608,2.8638500299315,-0.0691214127101405,4.6273337438927,5.29
1997-01-01,1.69377426876016,2.97244593576289,0.043142422892015,4.69488250145728,5.25
1997-02-01,1.70317036031794,2.8624284253946,-0.0343241957917509,4.6823966430015,5.19
1997-03-01,1.79091427641862,2.94071621029729,0.18896190292205,4.7755727666567,5.39
1997-04-01,1.73757535186537,3.03629529597363,0.489662889655427,4.73567542153951,5.51
1997-05-01,1.75471928875203,2.8548026358472,0.446291615382324,4.63952197532786,5.5
1997-06-01,1.65332576718486,2.80294857305869,0.415932478467033,4.53174765399137,5.56
1997-07-01,1.57421949972555,2.73583978444324,0.124130344068221,4.72045682350207,5.52
1997-08-01,1.64658737232285,2.79486539359734,0.00160350319609494,4.83809065191596,5.54
1997-09-01,1.59565824788389,2.72647603567078,0.156201752389769,4.63605174602711,5.54
1997-10-01,1.55867396154099,2.60049117597469,0.105926053434918,4.67058677822645,5.5
1997-11-01,1.44791693756148,2.56570345366425,-0.0171573181561679,4.88287542174217,5.52
1997-12-01,1.42520357569203,2.43144975259873,0.0676186133046904,4.90064217445199,5.5
1998-01-01,1.45340077653322,2.32485165027727,-0.270218168963358,4.84761463311189,5.56
1998-02-01,1.54176011809777,2.53042926436561,-0.610353492427073,5.03695040948862,5.51
1998-03-01,1.51186211814026,2.35646336701222,-0.115767508118127,4.83019601568654,5.49
1998-04-01,1.52327038272459,2.22302167229717,0.0805215030809349,4.6924922417657,5.45
1998-05-01,1.50768097414671,2.26388879380368,0.0604777387853723,4.73688381534011,5.49
1998-06-01,1.4724658601999,2.1190256976127,0.111441807120134,4.71366134266188,5.56
1998-07-01,1.53093350526716,2.0038316467937,0.0813623233645667,4.69206752441432,5.54
1998-08-01,1.22649972311303,2.31905753520529,-0.0825850054090641,4.69159470509264,5.55
1998-09-01,1.18963624907534,2.0243008491367,-0.405806529190365,4.50186168211511,5.51
1998-10-01,1.30840515517006,1.83318279105443,-0.518900036623305,3.88536984391682,5.07
1998-11-01,1.17656528714251,2.24643683793273,-0.520107490822347,4.30876496376972,4.83
1998-12-01,1.23657030262494,2.0088735437132,-0.522398153707381,4.29870819027778,4.68
1999-01-01,1.94112191086861,1.28986136388545,-0.440749012237813,4.20606203749411,4.63
1999-02-01,1.8749689508932,1.87413687245946,-0.625852074713237,4.40412109946362,4.76
1999-03-01,2.20348882664789,1.52066182130373,-0.292905130826835,4.24544277167379,4.81
1999-04-01,2.35831758709457,1.25217980495605,-0.298895217510789,4.06146549497661,4.74
1999-05-01,2.12539043188752,1.91674356825074,-0.298078944659503,4.27639728266158,4.74
1999-06-01,2.38089148618756,1.7474257467083,0.129068389934095,4.2378728567458,4.76
1999-07-01,2.54669788826745,1.49634712740941,0.0201862042862426,4.2354254728161,4.99
1999-08-01,2.31870769135795,2.02868665982454,-0.0958770185235695,4.45508304820544,5.07
1999-09-01,2.50352024679346,1.77993533388071,-0.0979166175338593,4.40099610604889,5.22
1999-10-01,2.70163153685814,1.74544140960598,-0.120753723297934,4.55966936174574,5.2
1999-11-01,2.38883195205617,2.00417678171683,-0.285942171610732,4.84749390029623,5.42
1999-12-01,2.60178402290605,1.82490269996532,-0.114323877605227,4.93652904636655,5.3
2000-01-01,2.75158355297767,1.77802145075351,0.165615205448252,4.96714441324884,5.45
2000-02-01,2.35338055870906,2.120978498413,0.232086815075311,5.21689913935154,5.73
2000-03-01,2.26298584668067,1.88615514593737,0.266373247086964,5.32384568267348,5.85
2000-04-01,2.09738000500907,1.76248502079351,0.322332639479415,5.32196101516794,6.02
2000-05-01,1.8505687856458,2.26554962572767,0.675327375493718,5.43137442566104,6.27
2000-06-01,1.87033707539886,1.90776347513902,0.588802106836652,5.32121945896469,6.53
2000-07-01,2.06162807625036,1.79618333652035,0.0981950616187477,5.65602760783068,6.54
2000-08-01,1.77822926454896,2.11982803088081,-0.215507589602532,5.92437912523695,6.5
2000-09-01,2.03814312543645,1.91631889426595,-0.472621772101656,5.86818730801121,6.52
2000-10-01,2.16056700995671,1.80826805298643,-0.8226052482625,6.06404300431386,6.51
2000-11-01,1.90250768684842,2.17200103857883,-0.993789753834356,6.20036233766256,6.51
2000-12-01,1.96089746372292,1.7418314523999,-1.1168489241008,5.8333209237684,6.4
2001-01-01,2.27616455375422,1.65689574443842,-1.47529793863173,5.20508979400865,5.98
2001-02-01,2.04137781643478,2.12414072298249,-1.59450882732154,5.00578068092655,5.49
2001-03-01,2.10594033842181,1.84036888923023,-1.44309374407414,4.48626010578647,5.31
2001-04-01,2.37798478657885,1.77744162537181,-1.23971870032265,3.84519924134389,4.8
2001-05-01,2.22834303608155,2.2519888113521,-1.10588701395686,3.51781174728106,4.21
2001-06-01,2.35535145670905,2.05999640111716,-1.13699297713898,3.35071274659155,3.97
2001-07-01,2.51900138102228,1.87453267676631,-1.26045992560508,3.39879060410793,3.77
2001-08-01,2.2384581291374,2.20379536732739,-1.5591528993593,3.33387499016247,3.65
2001-09-01,2.54656899881746,1.88422506001706,-1.85318463556091,2.65069083571186,3.07
2001-10-01,2.76863972716848,1.6408569615055,-2.00888075121507,2.18141621501635,2.49
2001-11-01,2.54889824757399,2.02822005287152,-1.7798195810357,1.86782773226058,2.09
2001-12-01,3.13273515621506,1.65484470365099,-1.25521953941769,1.47437131928287,1.82
2002-01-01,3.33697768615381,1.4023818658109,-1.35525224904105,1.41522317726503,1.73
2002-02-01,2.67572776109809,2.01215172108841,-1.29377232150035,1.49264793714702,1.74
2002-03-01,2.87068603700997,1.84042830991399,-0.713138934359134,1.44958447035851,1.73
2002-04-01,2.78617900995747,1.86852958742327,-0.771129459361263,1.33030972841417,1.75
2002-05-01,2.55957411171491,2.19887704884124,-1.07727713269651,1.45138383520532,1.75
2002-06-01,2.69290617069676,1.88725589546329,-1.36129732966707,1.49526591756916,1.75
2002-07-01,2.85817329787514,1.7727327365767,-2.10658890435999,1.6243391941902,1.73
2002-08-01,2.42462370844146,2.1849425784199,-2.78703969278605,1.78670292815332,1.74
2002-09-01,2.1549867236755,1.98672978033869,-2.82523905428275,1.86981405764075,1.75
2002-10-01,2.30897115418552,1.94080185868317,-2.93970755177961,1.82013303045397,1.75
2002-11-01,2.26291418249317,2.06952851218422,-2.62927536467686,1.40013050041803,1.34
2002-12-01,2.42153694382726,1.89848092085656,-2.69275091015478,1.32804421813114,1.24
2003-01-01,2.52583043045368,1.87088532267015,-2.88254824614883,1.32506112887863,1.24
2003-02-01,2.20719132796335,2.19148505440333,-3.12309767442741,1.40161125442476,1.26
2003-03-01,2.1053871804856,2.11807756855602,-3.0482159710057,1.36436039702827,1.25
2003-04-01,2.27170057574879,2.03499962492943,-2.9157294186916,1.33882751734477,1.26
2003-05-01,1.81339316550069,2.15314048958532,-3.13581273589269,1.39651730101997,1.26
2003-06-01,1.69211888814742,1.96114227630914,-3.17189027416251,1.24482681257755,1.22
2003-07-01,2.244507368483,2.03025440986515,-2.91421097028666,1.09086075336016,1.01
2003-08-01,2.49935747036413,2.25033772777223,-2.59344638023991,1.0274041874865,1.03
2003-09-01,2.48273004351824,2.17419287303896,-2.8449285322578,1.05092164812955,1.01
2003-10-01,2.39999672069675,2.19756702129494,-2.70784295541831,1.03700244786097,1.01
2003-11-01,2.16707611913085,2.27585558012627,-2.29201691543607,0.987593018665113,1
2003-12-01,2.13995552660439,2.18772304842071,-2.16609796526154,0.904188407701378,0.98
2004-01-01,2.01647982908812,2.20058935111469,-2.28452045305332,0.91773664497615,1
2004-02-01,1.72837067052802,2.29402227858934,-2.06318750389036,0.857312514240552,1.01
2004-03-01,1.45058172677618,2.54091588399957,-2.48071744822984,0.992341328220402,1
2004-04-01,1.77383683345982,2.46163595685197,-1.75608299542975,0.889120074435752,1
2004-05-01,1.88466686574941,2.42572752986244,-1.09097045994369,0.826229436735673,1
2004-06-01,1.74560688774617,2.39886925326081,-0.849034888154322,1.03881941110042,1.03
2004-07-01,1.551880574602,2.35090988343414,-0.937723464413667,1.14691701536515,1.26
2004-08-01,1.40184797691654,2.38279145143142,-1.2387376251113,1.39033132790707,1.43
2004-09-01,1.24252119694696,2.30426792074736,-1.26668928811644,1.6022563722831,1.61
2004-10-01,1.09445067205979,2.38807454389744,-1.24327665089766,1.70449677834114,1.76
2004-11-01,0.913591957449451,2.50002643501747,-1.05149263833393,1.97438331304671,1.93
2004-12-01,0.720224747539826,2.58505139041102,-0.786404803071179,2.07819672094206,2.16
2005-01-01,0.581715416439103,2.4617371349857,-0.356536582506073,2.1792679674082,2.28
2005-02-01,0.436028695498788,2.49384620661122,-0.293871683594569,2.39440812301768,2.5
2005-03-01,0.436796216626021,2.64536499943743,0.0886980710561879,2.42802962171371,2.63
2005-04-01,0.288133119516377,2.62716111711635,0.0488921163229803,2.48368914416322,2.79
2005-05-01,0.161420760313866,2.44120646401901,0.135134391296854,2.58416939622038,3
2005-06-01,0.0741915220210531,2.26008733189913,0.242850441468543,2.71716459246259,3.04
2005-07-01,0.239527649365915,2.14090938915701,0.353164951407118,2.92850323825767,3.26
2005-08-01,0.232143800756245,2.3194158594316,0.234884405482811,3.18135175999197,3.5
2005-09-01,0.12339960306222,2.44448705155356,0.0422773425040501,3.12315854729493,3.62
2005-10-01,0.282198450437713,2.45050629234358,0.190415276542716,3.38952247623985,3.78
2005-11-01,0.413770063892771,2.33241336945372,0.261372389917366,3.65789899408971,4
2005-12-01,0.425637600805242,2.10660497732735,0.418771216901562,3.66537940574944,4.16
2006-01-01,0.356776607170884,2.24941927773178,0.0327060679919103,4.04041666401881,4.29
2006-02-01,0.452256112722021,2.47600965953835,-0.153207729160453,4.32457835895786,4.49
2006-03-01,0.51016385843483,2.44961125193445,-0.011760273086957,4.30055619519397,4.59
2006-04-01,0.754959467746601,2.45241247216305,-0.101301867682674,4.37593910231015,4.79
2006-05-01,0.877556570001786,2.47250863652946,-0.235807268764302,4.50040341040928,4.94
2006-06-01,0.85827864520675,2.37242458982131,-0.0496166843081747,4.59192803648654,4.99
2006-07-01,0.857732521772939,2.34000080408036,-0.150664782126968,4.77127015470583,5.24
2006-08-01,0.72843253747495,2.4119601115466,-0.434197243301936,4.87386404479927,5.25
2006-09-01,0.716310203015846,2.19701240971298,-0.274527283032003,4.75707733641894,5.25
2006-10-01,0.779296093511515,2.09256007445509,-0.251226799523609,4.87748899799405,5.25
2006-11-01,0.630411610655162,2.20013686774917,-0.369955786649409,4.97216290831616,5.25
2006-12-01,0.613346712005228,2.18702893071075,-0.384732892977908,4.80305635271814,5.24
2007-01-01,0.780470499788739,2.17113829288451,-0.327171512753338,4.87843048878235,5.25
2007-02-01,0.864138003125326,2.30669299696064,-0.741800553112718,5.03805197261444,5.26
2007-03-01,0.682635839400829,2.39041155561263,-0.88664562327891,4.91294061093481,5.26
2007-04-01,0.72504858256162,2.39737093962886,-0.733286901808703,4.82100694024855,5.25
2007-05-01,0.765098853425425,2.26059574678965,-0.428798622401759,4.64925133531921,5.25
2007-06-01,1.09969638241526,2.08819831292326,-0.0201031069599568,4.43555422684278,5.25
2007-07-01,1.19978891598524,2.0696350709191,-0.46242036131571,4.73531983603875,5.26
2007-08-01,1.10930135163374,2.0457423086374,-0.55054433078631,4.26579237286849,5.02
2007-09-01,1.02325853994009,1.98542120227783,-0.57517349590326,3.91140477545248,4.94
2007-10-01,1.00382044305592,2.12394379364263,-0.748350441713568,3.90508430901448,4.76
2007-11-01,0.784038910635519,2.35278446067163,-1.16456310462161,3.32859548092424,4.49
2007-12-01,0.88480218226264,2.3198592960896,-1.35066529588632,3.11494277862004,4.24
2008-01-01,0.560096644071235,2.77664590527748,-2.19074985136243,3.00835289383136,3.94
2008-02-01,0.942503561082922,2.74332956623632,-2.64720452379605,2.40377275734765,2.98
2008-03-01,0.508808162393385,3.0987822028633,-2.52441991100659,1.56286410455115,2.61
2008-04-01,0.251444269956517,3.18315609661375,-1.62095058406495,1.412875483736,2.28
2008-05-01,0.577414676182926,2.78444455459174,-1.27801477105364,1.67460382934261,1.98
2008-06-01,0.422727953732945,3.05136394741456,-0.921481162680673,1.73097052469182,2
2008-07-01,0.219459881097915,3.14763398931236,-0.88189032823686,1.51275931171288,2.01
2008-08-01,0.574979693829466,2.63363752763549,-1.11227736652248,1.66238359663396,2
2008-09-01,0.630340510110901,2.42951354957956,-1.03136974961814,1.13834137514665,1.81
2008-10-01,2.04277324248058,1.80969402719333,-2.05032226275152,0.84118467646348,0.97
2008-11-01,2.37424969770671,1.93349060826027,-3.09796867300186,0.584005713109589,0.39
2008-12-01,2.3621461833384,0.814951702302655,-3.59853958432264,0.269962426814162,0.16
2009-01-01,2.45420994082943,0.782522963923543,-3.58146143589858,0.320920721665638,0.15
2009-02-01,1.81700079851485,1.87270218965196,-3.34679146183933,0.555700028977199,0.22
2009-03-01,1.65028469318137,1.67943341552318,-2.95957846190509,0.388845540954009,0.18
2009-04-01,1.49239105860309,1.78830746712809,-2.79212788819101,0.20445279464113,0.15
2009-05-01,1.63660911404085,2.24720774843986,-3.01659408755576,0.186767860961189,0.18
2009-06-01,1.93874434175852,2.41285661777249,-2.72968950223604,0.0730451856039085,0.21
2009-07-01,1.95236266631932,2.31991550718569,-3.01397982192043,0.110006789496054,0.16
2009-08-01,1.85733160834488,2.37886859549442,-2.78969178811754,0.0761592371221328,0.16
2009-09-01,1.72410039537599,2.33387671579344,-2.91673345525114,-0.0139590265828602,0.15
2009-10-01,1.53208441120537,2.42667321359026,-2.76301905274066,-0.195541269737969,0.12
2009-11-01,1.56006442081697,2.40006285302906,-2.76320659923003,-0.6928905423781,0.12
2009-12-01,1.52454945803067,2.67954375869002,-2.88733535793694,-0.472480327115836,0.12
2010-01-01,1.93413262850109,2.38124031761895,-3.01074296215674,-0.0644344479755471,0.11
2010-02-01,1.83814908925164,2.27109416514312,-2.64681069305596,-0.622597365841065,0.13
2010-03-01,1.92916014920594,2.2912534733481,-2.87884583006888,-0.151398252796873,0.16
2010-04-01,1.92347239115438,2.38917660837131,-2.84027694754435,0.033513476862097,0.2
2010-05-01,1.69389383151533,2.29302986772863,-3.16559302079816,0.13464787386974,0.2
2010-06-01,1.63516283108974,2.08682130080405,-3.25180207353541,0.160432346858948,0.18
2010-07-01,1.57815315024486,1.97263064387248,-3.57460162238261,0.211395711957482,0.18
2010-08-01,1.21981212211795,2.04962571571097,-3.91198942505986,0.25763076387366,0.19
2010-09-01,1.10125197172486,2.0353750866852,-3.84973359558672,0.245506713125454,0.19
2010-10-01,0.742110252637646,2.38040057179539,-4.24537124537465,0.163820237650679,0.19
2010-11-01,0.890040276160039,2.36370299102902,-4.09203339701667,0.239022604990266,0.19
2010-12-01,1.49986963559523,2.43193352999287,-3.74714152202222,0.208016999587498,0.18
2011-01-01,1.56257460307612,2.64259998559919,-3.94199680237117,0.118511523888987,0.17
2011-02-01,1.46440231324518,2.37273908256162,-2.48862289581824,-1.04596913004846,0.16
2011-03-01,1.18279283939249,2.61682354572332,-2.32051662395005,-1.91392638173772,0.14
2011-04-01,1.06681503303507,2.70561371128112,-1.99753522948043,-2.28955854472982,0.1
2011-05-01,0.944111430694031,2.52601650009456,-2.17821646950866,-2.7097818556415,0.09
2011-06-01,0.940451023932798,2.46181157910288,-2.72131372421292,-2.59316587777161,0.09
2011-07-01,0.908804360402027,2.64166373799958,-3.17713662555152,-2.05262991755651,0.07
2011-08-01,0.234876900609933,2.52834190487373,-3.65236425465028,-2.21006296198739,0.1
2011-09-01,-0.187714238900992,2.39712194505496,-3.39485596923914,-2.17499786557725,0.08
2011-10-01,-0.126946429392851,2.37850803688973,-3.14694710083056,-1.10964953910945,0.07
2011-11-01,-0.482034335036269,2.45061627463974,-2.98385169666452,-1.59062780961692,0.08
2011-12-01,-0.611333722338201,2.50557523243891,-3.05569421889451,-1.24393771637638,0.07
2012-01-01,-0.777513248931709,2.61696242013,-2.89403646103849,-1.64484790871173,0.08
2012-02-01,-0.93893052758498,2.73150733591658,-2.63197612151458,-1.9811579298538,0.1
2012-03-01,-0.903826154100339,2.82432751003457,-2.09371818220061,-2.08772946239169,0.13
2012-04-01,-1.04182027810011,2.7680833625916,-2.19068909829612,-2.10926738502754,0.14
2012-05-01,-1.41985679501468,2.54347978364052,-1.79756518552763,-2.43844274131233,0.16
2012-06-01,-1.72056574838725,2.60356911811381,-2.40831526771326,-0.405075137135227,0.16
2012-07-01,-1.95331920251136,2.75096629386052,-2.79023882728455,0.112261660440085,0.16
2012-08-01,-1.86200017034808,2.67606994769348,-2.27250550888681,-0.365858475874873,0.13
2012-09-01,-1.95589732120545,3.02798534225993,-2.56443776083551,-0.48131302651598,0.14
2012-10-01,-1.93507446068015,3.18000845260993,-2.96306688622492,0.108182661165327,0.16
2012-11-01,-2.11597028835187,2.80895653058947,-2.1928189794987,-0.47099781383373,0.16
2012-12-01,-2.07909290629561,3.09446869224539,-2.51162335115271,-0.26797830664883,0.16
2013-01-01,-1.76539989408062,3.23132979874425,-2.63057736673246,-0.47524880853415,0.14
2013-02-01,-1.59942755636643,2.95043551157538,-1.78927773276394,-2.18789970630758,0.15
2013-03-01,-1.70685155933382,3.14917661917237,-1.689027638583,-2.91761423628249,0.14
2013-04-01,-1.88960122095706,3.06544311676214,-1.87836685095555,-2.90234288245339,0.15
2013-05-01,-1.50710783319108,2.57198000033257,-1.2160791444462,-3.31525981266109,0.11
2013-06-01,-0.566253986765379,2.38195932250281,-1.70724035390026,-1.85565501326136,0.09
2013-07-01,0.00130653004015849,2.40574366301916,-1.90265155058331,-2.17950948355923,0.09
2013-08-01,0.358562488414317,2.28398292669401,-1.83913699167427,-2.65263993851644,0.08
2013-09-01,0.547037745443434,2.3051188724824,-2.08969662371153,-2.24975888257737,0.08
2013-10-01,0.331001467145825,2.43377729636264,-2.46978359135904,-2.3294814631323,0.09
2013-11-01,0.526232490234021,2.32053731228583,-2.37016631229533,-2.98378070379581,0.08
2013-12-01,0.847949998926818,2.34196777418205,-2.50105859521167,-2.66338949889774,0.09
2014-01-01,0.691723635712822,2.42262178753556,-2.29722701355066,-2.59056588624562,0.07
2014-02-01,0.387925398558367,2.28398112174506,-1.45190863820797,-4.08743556568129,0.07
2014-03-01,0.336129634118187,2.28570803464186,-1.27934032118623,-3.60651849691611,0.08
2014-04-01,0.28870644295089,2.22673444171881,-1.0655968984014,-3.46909674985424,0.09
2014-05-01,0.0180619196395758,2.2056496862276,-0.83172211277992,-3.77241492020277,0.09
2014-06-01,-0.0418097938421249,2.24772048076044,-0.727289696500489,-3.35102806560896,0.1
2014-07-01,-0.218267729526174,2.2809630562985,-0.651341718538054,-2.83161164695368,0.09
2014-08-01,-0.359047432132931,2.20116187674612,-0.601591970733155,-2.53479354321392,0.09
2014-09-01,-0.125134009579026,2.02924310431802,-0.525234944450266,-2.15918792993022,0.09
2014-10-01,-0.244269681168718,1.9145909171786,-0.716203991929296,-2.2092755562211,0.09
2014-11-01,-0.228050111317207,1.97810508109333,-0.876280852997818,-1.64889890174581,0.09
2014-12-01,-0.319086116065831,1.71388903331369,-0.646345413465659,-1.11382989238975,0.12
2015-01-01,-0.826865035456541,1.68173344569512,-0.390940080002143,-1.40104825188797,0.11
2015-02-01,-0.695128606395722,2.03549777986754,-1.13852531443535,-0.55841589398495,0.11
2015-03-01,-0.800521474596116,1.97415784153833,-0.636387113003994,-1.00203725174074,0.11
2015-04-01,-1.10155138443833,2.05507228826781,-0.407281554271639,-1.6117927843471,0.12
2015-05-01,-0.721514612811298,2.00789243592834,-0.439901775107698,-1.48432619693652,0.12
2015-06-01,-0.412559876875312,1.92596536381527,-0.468358387172244,-1.4183650497841,0.13
2015-07-01,-0.336918521117988,1.8405638802565,-0.71355193985841,-1.15509210566134,0.13
2015-08-01,-0.325861720493099,1.80014172423763,-1.29550713979609,-0.0946888405929093,0.14
2015-09-01,-0.255346542975216,1.58312271450926,-1.1125763444205,-0.268606578604064,0.14
2015-10-01,-0.391481096092043,1.57052366781383,-1.07623776820693,-0.516144648321431,0.12
2015-11-01,-0.297527378583774,1.73116759693373,-0.916871295948405,-0.0294846176196372,0.12
2015-12-01,-0.387388925845928,1.55719941920824,-0.55990216107756,0.0265373709372464,0.24
2016-01-01,-0.589995305047895,1.52457839782723,-0.64458749008486,0.0372809642210862,0.34
2016-02-01,-0.791512651161558,1.76867454878453,-1.47081461098729,0.345407907522354,0.38
2016-03-01,-1.02226055318741,1.84481101953872,-0.893246445021362,0.13501180980441,0.36
2016-04-01,-1.261511997401,1.90302441194103,-0.893328954064972,-0.00711457805242094,0.37
2016-05-01,-1.31209291123398,1.94408586304242,-0.822425585923436,0.0769121106919312,0.37
2016-06-01,-1.50094711631917,1.84575853032543,-0.82193669007388,0.0571753953415328,0.38
2016-07-01,-1.75156933340862,1.81407407669133,-0.780769239290447,0.114061321752239,0.39
2016-08-01,-1.69930956100393,1.80139392271123,-0.66742293810543,0.178498308451007,0.4
2016-09-01,-1.66837831587783,1.75905140323407,-0.45271192828461,0.0962279515818503,0.4
2016-10-01,-1.62533064824305,1.9031633500941,-0.384800315778543,0.0823145946171069,0.4
2016-11-01,-1.08402655679626,2.01874683058918,-0.531136901517414,0.233845985796688,0.41
2016-12-01,-0.58273904543404,2.06074078700088,-0.526417366117568,0.261527773465489,0.54
2017-01-01,-0.684896183841787,2.17816303214296,-0.636480641753724,0.263145197175301,0.65
2017-02-01,-0.758578224657792,2.27060895482623,-0.674818136766201,0.27533574938035,0.66
2017-03-01,-0.716380728127184,2.2485142288603,-0.65340172374553,0.54639666669414,0.79
2017-04-01,-0.904375442708977,2.17143213864038,-0.753729259284528,0.682137681413626,0.9
2017-05-01,-0.899617237414448,2.10867315972582,-0.713509601915622,0.826403664737983,0.91
2017-06-01,-1.05873945475059,1.96132369044579,-0.543537898254145,0.927654488000729,1.04
2017-07-01,-0.894332020392141,1.94096190591205,-0.58924689898519,1.01195357703533,1.15
2017-08-01,-1.02550911383008,1.99172708143434,-0.645062494673026,1.00458570757655,1.16
2017-09-01,-1.15122588331538,2.00933818811518,-0.473751357950551,0.960958273481647,1.15
2017-10-01,-1.06913467294396,1.99246838922628,-0.186734028313765,0.939913169090944,1.15
2017-11-01,-1.15513399742222,1.99291205922901,-0.0264357054713721,1.08747826387945,1.16
2017-12-01,-1.22362196919339,1.94964127696717,0.305878888012979,1.12643291786933,1.3
2018-01-01,-1.1934785064239,2.05891789405372,0.492533456077738,1.14192235210172,1.41
2018-02-01,-0.848194134017352,2.1485497275941,0.320776123638753,1.31778313947244,1.42
2018-03-01,-0.922185516090715,2.16638884731997,0.372174581165549,1.42531962705147,1.51
2018-04-01,-0.986487429212513,2.13347242085344,0.574190330906096,1.46305799445157,1.69
2018-05-01,-0.906024788028329,2.14129050508396,0.629403426281663,1.5644633367267,1.7
2018-06-01,-1.00260519273512,2.08906475656999,0.742964475896835,1.59842557475781,1.82
2018-07-01,-1.09905982523923,2.044390693976,0.908769718552142,1.64853317934379,1.91
2018-08-01,-1.11274032843934,2.04524254222836,0.874917920976692,1.76268562459386,1.91
2018-09-01,-1.03429257794047,2.01785592346561,0.98428632358118,1.7965718509606,1.95
2018-10-01,-0.821744605088196,1.98530420608171,0.879742393505258,1.92082950158108,2.19
2018-11-01,-0.750097405992129,1.94418935436099,0.711186550322882,2.09747046545686,2.2
2018-12-01,-0.90804114352445,1.71282220739004,0.647623156272171,2.18041822859751,2.27
2019-01-01,-1.06027487943129,1.77086173262271,0.495622744686309,2.20971897950839,2.4
2019-02-01,-1.08784854463697,2.01926543587058,0.126855262102417,2.30967103238686,2.4
2019-03-01,-1.298896517618,2.06341613402556,0.113599483138769,2.2761125687946,2.41
2019-04-01,-1.35007533379902,2.09133090159069,0.0420565524779747,2.25931821279505,2.42
2019-05-01,-1.41345007814291,2.01258139798545,-0.05850078971732,2.29412737228617,2.39
2019-06-01,-1.65413450904427,1.93787653471498,-0.324972824047951,2.21211208026986,2.38
2019-07-01,-1.76529668997556,1.92756162050806,-0.148550386730515,2.12638147241589,2.4
2019-08-01,-2.28872775020128,1.89607050909769,-0.153366848476853,2.05706363703642,2.13
2019-09-01,-2.33821979306392,1.79313855003309,0.271800159696725,1.89597560800135,2.04
2019-10-01,-2.29790606077992,1.70860615919768,0.403501637703615,1.59046171162356,1.83
2019-11-01,-2.18170148760009,1.83056857929094,0.475783144736213,1.45610295558977,1.55
2019-12-01,-2.12728720054576,1.8645582935537,0.473118933258164,1.40465525412683,1.55
2020-01-01,-2.28187567711407,1.93656646696202,0.301240081910064,1.43013278675445,1.55
2020-02-01,-2.43326178758719,2.06505874194722,-0.26760511439869,1.6161654740006,1.58
2020-03-01,-2.84370211479861,1.50430264050796,-0.310324467913417,0.270618632948095,0.65
2020-04-01,-3.19932568359672,1.40768580122937,-0.759752334440096,0.018102296980097,0.05
2020-05-01,-3.47819934059064,1.80431672793646,-1.219372184034,0.0821085741871317,0.05
2020-06-01,-3.56535632316289,1.92229538908459,-1.24056544491689,0.124011262566854,0.08
2020-07-01,-3.95807642291059,2.14322997055213,-1.36042626297131,0.0551861238360127,0.09
2020-08-01,-4.12658836109674,2.07064923187032,-0.909868746114958,-0.335232780779053,0.1
2020-09-01,-4.26921854644018,2.29321570954715,-0.884404821198065,-0.435284491145218,0.09
2020-10-01,-4.12423960978677,2.46151186128697,-0.963605757092119,-0.358420404478487,0.09
2020-11-01,-3.79830627506621,2.16203393665204,-0.512774582517485,-0.902718028113124,0.09
2020-12-01,-3.75416808286325,2.42777936282196,-0.572232574756465,-1.4192028740059,0.09
2021-01-01,-3.61385274240303,2.74867631644479,-0.599432068266906,-1.93057113849388,0.09
2021-02-01,-2.9640793563684,2.43919901606831,-0.25418374614013,-3.08633642074153,0.08
2021-03-01,-2.45806370724667,2.76785265353772,0.374365096554281,-4.89274146174525,0.07
2021-04-01,-2.31805180342194,2.78935558629504,0.474558603423534,-5.6906474498568,0.07
2021-05-01,-2.48279495197383,2.59240184626932,1.65810060823989,-8.18723622823236,0.06
2021-06-01,-2.51723653602551,2.54077190151773,1.57664442237871,-7.68781458021995,0.08
2021-07-01,-2.92526146347444,2.599408490305,1.56964442069234,-7.19607168579378,0.1
2021-08-01,-3.17337310681032,2.52129783002323,1.93697117326052,-6.93771372518818,0.09
2021-09-01,-3.10685421609835,2.59708856865848,1.78597809519138,-5.875360486103,0.08
2021-10-01,-2.96117834276307,2.75366002197973,1.79995508255471,-4.73976338522285,0.08
2021-11-01,-3.26306277672822,2.68476342873105,2.83409975911725,-5.35613969386788,0.08
2021-12-01,-3.48697719547688,2.60905015066738,2.93391793429766,-4.18525064819831,0.08
2022-01-01,-3.19286539652173,2.60848336559489,2.87739167207204,-3.10849890472785,0.08
2022-02-01,-2.89331860991963,2.66363578866201,2.18964643965869,-1.36386778897883,0.08
2022-03-01,-3.28233207210362,3.1045575594587,2.68194023952286,-1.1492170583241,0.2
2022-04-01,-2.63131009849938,3.01766257495205,2.81800234314062,-0.497273029976206,0.33
2022-05-01,-1.99535528003741,2.74230236517009,2.13412990540057,0.0986689810722258,0.77
2022-06-01,-1.60356240006072,2.61379379975915,1.95292314551698,0.694243153712628,1.21
2022-07-01,-1.70031946492192,2.38904223424546,1.50606655003311,1.67681246973184,1.68
2022-08-01,-1.92574823001542,2.56093918629356,1.48199341297234,2.19695219714618,2.33
2022-09-01,-1.1969697137219,2.19917975427958,1.8191780475744,2.62671039081201,2.56
2022-10-01,-0.640232501538264,2.13138910976744,1.62954655965945,3.21197393525953,3.08
2022-11-01,-0.752713381500845,2.37400961471473,1.11372370900135,3.88866831733222,3.78
2022-12-01,-0.950696760165138,2.12939203273948,1.03915863431112,4.0097273646691,4.1
2023-01-01,-0.99598011336506,2.10980590317823,0.680181683159385,4.36835533526882,4.33
2023-02-01,-1.06752919707941,2.23327929893587,1.06450256020339,4.35221875843645,4.57
2023-03-01,-0.908943628329813,2.35606340668151,0.51837600901423,4.47093676738968,4.65
2023-04-01,-0.911721208712832,2.41857349925897,-0.248020954217223,4.89266799205132,4.83
2023-05-01,-0.708291753757437,2.31879974680308,-0.429133484156114,5.18918910008029,5.06
2023-06-01,-0.714402050966075,2.15750409212733,0.324383333504421,5.11166648664033,5.08
2023-07-01,-0.683035227327647,2.12682882724702,0.593989865330283,5.13511431410294,5.12
2023-08-01,-0.367275522883943,2.19031413935944,0.391848474494816,5.17990418096813,5.33
2023-09-01,-0.0640101451744394,2.19468776905958,0.282547513388146,5.19595534734221,5.33
2023-10-01,0.57684831811537,2.21224557198129,-0.129920025505061,5.25350935589491,5.33
2023-11-01,0.439586200936403,2.20238986247756,-0.361260743164625,5.28869126517703,5.33
2023-12-01,0.112956398735279,2.17368600332062,-0.70807356011281,5.33045568048654,5.33
2024-01-01,0.161177187794921,2.29939799759278,-0.997927841545362,5.33575202137491,5.33
2024-02-01,-0.0216694587803601,2.17230002905853,-0.230400998884029,5.03441407135224,5.33
2024-03-01,0.0463401363323536,2.35982471542219,-0.556134695711106,5.198826783909,5.33
2024-04-01,0.29959808680124,2.36852799732028,-0.356362764854724,5.14667891891889,5.33
2024-05-01,0.296756032565381,2.28676965285192,-0.339064764128823,5.17325608836189,5.33
2024-06-01,0.170287217862107,2.22008420396915,-0.376269407622487,5.22896478784661,5.33
2024-07-01,0.229811432544137,2.261757010136,-0.720663065752755,5.25418662828336,5.33
2024-08-01,0.185532394656992,2.20111412602602,-1.27070119627965,5.20003860083389,5.33
2024-09-01,0.18463620830156,2.27522471082287,-1.56556287670151,4.9331287297953,5.13
2024-10-01,0.336237318637727,2.36338792435745,-1.03516085550918,4.59272259767187,4.83
2024-11-01,0.477402033178032,2.27299230863735,-0.517748905743378,4.31766593745029,4.64
2024-12-01,0.563135723901731,2.24768243954149,-0.474580544140475,4.15191754630117,4.48
2025-01-01,0.799116246750753,2.34428875905859,-0.583046717074928,4.06294262457335,4.33
2025-02-01,0.395973596210387,2.32463615646214,-0.227062915418737,3.89512065946363,4.33
2025-03-01,0.445105697240888,2.48769151268386,-0.865050510040706,4.08981929587873,4.33
2025-04-01,0.694216528895961,2.48939826532331,-1.42250430069046,4.20776942632577,4.33
2025-05-01,0.826328318307668,2.42411982578626,-1.37427731167471,4.24539723755726,4.33
2025-06-01,0.808379831492241,2.42741983524705,-1.44945382764907,4.29792915941124,4.33
2025-07-01,0.737552703233268,2.54846009427612,-1.52429006119666,4.32914969710583,4.33
2025-08-01,0.675194898045624,2.47900367898228,-1.5626813683141,4.17577506025805,4.33
2025-09-01,0.517527577129932,2.55362110440881,-1.52527668147762,3.9992705355444,4.22
2025-10-01,0.526997821845263,2.46972524417122,-1.42764375281065,3.87612102389268,4.09
2025-11-01,0.578933585920442,2.32226211622636,-1.24260557179979,3.80362894759869,3.88
2025-12-01,0.690126206106445,2.26798553970018,-1.14914884390607,3.61678171768195,3.72
2026-01-01,0.699181069313578,2.36229277815283,-1.11681343038442,3.56793730771048,3.64
2026-02-01,0.409820135036742,2.30216349846927,-0.787847386125247,3.41566268220512,3.64
2026-03-01,0.503195904774354,2.46678554784686,-0.864331424432322,3.51806359067688,3.64
2026-04-01,0.557847553638288,2.49581302219921,-0.844116381847434,3.50481817028755,3.64
2026-05-01,0.669103765741791,2.44693830760199,-0.579832120656774,3.42089698769128,3.63
2026-06-01,0.700243408386966,2.2540398578098,-0.294730856876453,3.51440587035741,3.63
2026-07-01,0.850952749170394,2.09784227995278,-0.148454895119599,3.59568735002658,3.63
2026-08-01,1.02096428706231,2.20292577614683,-0.563377953374217,3.90542142039571,3.63
