"real_level","target_level","cycle_level","state_id","shadow_rate","region","eta","maturity_months","maturity","security","approximation","monte_carlo","error_bp","mc_se_bp","npaths"
-1,-1,-1,1,-1.75,"Below the bound",-0.5,12,"1y","Nominal",0.193229058250585,0.19258589211745,0.0643166133135281,0.0612832142971602,200000
0,-1,-1,2,-0.5,"Below the bound",-0.5,12,"1y","Nominal",0.575877756504965,0.575104502156934,0.0773254348031327,0.0733002584223977,200000
1,-1,-1,3,0.75,"Near the bound",-0.5,12,"1y","Nominal",1.37427500671456,1.37361289974603,0.0662106968526421,0.044444508211947,200000
-1,0,-1,4,-0.75,"Below the bound",-0.5,12,"1y","Nominal",0.499537594355884,0.498846656737464,0.0690937618420318,0.0739762159910171,200000
0,0,-1,5,0.5,"Near the bound",-0.5,12,"1y","Nominal",1.22221751988709,1.22150086206022,0.0716657826869138,0.049663192951819,200000
1,0,-1,6,1.75,"Above the bound",-0.5,12,"1y","Nominal",2.27137885368068,2.27112262829079,0.0256225389886122,0.0194706850873679,200000
-1,1,-1,7,0.25,"Near the bound",-0.5,12,"1y","Nominal",1.07723527022957,1.07648077264942,0.0754497580148783,0.0548700918107933,200000
0,1,-1,8,1.5,"Above the bound",-0.5,12,"1y","Nominal",2.0990441410162,2.09874799467724,0.0296146338956582,0.0226690796418944,200000
1,1,-1,9,2.75,"Above the bound",-0.5,12,"1y","Nominal",3.22679460913616,3.22675197726194,0.00426318742241527,0.00693259034967979,200000
-1,-1,0,10,-0.25,"Below the bound",-0.5,12,"1y","Nominal",0.425804678447584,0.424902201029037,0.0902477418546821,0.0758217360612136,200000
0,-1,0,11,1,"Near the bound",-0.5,12,"1y","Nominal",1.17509325779161,1.17425979489814,0.0833462893470527,0.0557426523563838,200000
1,-1,0,12,2.25,"Above the bound",-0.5,12,"1y","Nominal",2.20631262037605,2.20594469355924,0.0367926816810638,0.0247214319003549,200000
-1,0,0,13,0.75,"Near the bound",-0.5,12,"1y","Nominal",1.03076245075646,1.02989106610726,0.0871384649204332,0.0606691918453826,200000
0,0,0,14,2,"Above the bound",-0.5,12,"1y","Nominal",2.03570249755962,2.03526254654679,0.043995101283345,0.0281785756036191,200000
1,0,0,15,3.25,"Above the bound",-0.5,12,"1y","Nominal",3.15366195407531,3.15359913613866,0.00628179366541914,0.00974887074898069,200000
-1,1,0,16,1.75,"Above the bound",-0.5,12,"1y","Nominal",1.86724290068935,1.86671759685718,0.0525303832171087,0.0320287886676471,200000
0,1,0,17,3,"Above the bound",-0.5,12,"1y","Nominal",2.97663417920516,2.97654194753789,0.00922316672662404,0.0113478762818658,200000
1,1,0,18,4.25,"Above the bound",-0.5,12,"1y","Nominal",4.12119623943258,4.12118752590325,0.000871352932652059,0.00321995046155299,200000
-1,-1,1,19,1.25,"Above the bound",-0.5,12,"1y","Nominal",1.00263072187334,1.00164624412089,0.0984477752449475,0.0656520059149746,200000
0,-1,1,20,2.5,"Above the bound",-0.5,12,"1y","Nominal",1.97976088245078,1.97915189804857,0.0608984402211021,0.0347692669200742,200000
1,-1,1,21,3.75,"Above the bound",-0.5,12,"1y","Nominal",3.0828044489259,3.0826872083111,0.0117240614805336,0.0135413756012221,200000
-1,0,1,22,2.25,"Above the bound",-0.5,12,"1y","Nominal",1.81412664539719,1.81343238056151,0.0694264835677361,0.0387654597876103,200000
0,0,1,23,3.5,"Above the bound",-0.5,12,"1y","Nominal",2.90684062626702,2.90668048346,0.0160142807024144,0.015501560087904,200000
1,0,1,24,4.75,"Above the bound",-0.5,12,"1y","Nominal",4.04630173793791,4.04628953107503,0.00122068628805039,0.0049385074721166,200000
-1,1,1,25,3.25,"Above the bound",-0.5,12,"1y","Nominal",2.73160674592997,2.73139221235027,0.0214533579697918,0.0177194355796188,200000
0,1,1,26,4.5,"Above the bound",-0.5,12,"1y","Nominal",3.86799935527104,3.86798408017566,0.00152750953801295,0.00576825927773439,200000
1,1,1,27,5.75,"Above the bound",-0.5,12,"1y","Nominal",5.01746379586909,5.01746276418369,0.000103168540288578,0.00153573951873949,200000
-1,-1,-1,1,-1.75,"Below the bound",-0.5,12,"1y","Real",-1.24475624286866,-1.24528942581635,0.0533182947687783,0.0623279673624835,200000
0,-1,-1,2,-0.5,"Below the bound",-0.5,12,"1y","Real",-0.863166869143491,-0.863857316834737,0.0690447691246376,0.0740067697445445,200000
1,-1,-1,3,0.75,"Near the bound",-0.5,12,"1y","Real",-0.0656922240638079,-0.0663610617006176,0.0668837636809749,0.0448340079666853,200000
-1,0,-1,4,-0.75,"Below the bound",-0.5,12,"1y","Real",-1.90744477488426,-1.9080291513828,0.0584376498540706,0.074734560300521,200000
0,0,-1,5,0.5,"Near the bound",-0.5,12,"1y","Real",-1.18573949740408,-1.18644631105984,0.0706813655761085,0.0500950313833091,200000
1,0,-1,6,1.75,"Above the bound",-0.5,12,"1y","Real",-0.137076041400452,-0.137347171123378,0.0271129722925617,0.0196612040149939,200000
-1,1,-1,7,0.25,"Near the bound",-0.5,12,"1y","Real",-2.29870032698048,-2.29942369205972,0.0723365079244864,0.0553465160316111,200000
0,1,-1,8,1.5,"Above the bound",-0.5,12,"1y","Real",-1.27745935952261,-1.27776833086695,0.0308971344338049,0.0228865221048258,200000
1,1,-1,9,2.75,"Above the bound",-0.5,12,"1y","Real",-0.149885030802354,-0.149933221858095,0.00481910557413312,0.0070095348551921,200000
-1,-1,0,10,-0.25,"Below the bound",-0.5,12,"1y","Real",-0.609191748002748,-0.61007116736698,0.087941936423197,0.0766266181683636,200000
0,-1,0,11,1,"Near the bound",-0.5,12,"1y","Real",0.139052100569294,0.13816993034,0.0882170229293933,0.0562192444384432,200000
1,-1,0,12,2.25,"Above the bound",-0.5,12,"1y","Real",1.16966853546669,1.16926433045341,0.0404205013279757,0.0249520839196644,200000
-1,0,0,13,0.75,"Near the bound",-0.5,12,"1y","Real",-0.973245893557605,-0.974151940445257,0.0906046887651613,0.0611894679362388,200000
0,0,0,14,2,"Above the bound",-0.5,12,"1y","Real",0.0310212584999091,0.0305437152775658,0.0477543222343255,0.0284374247039343,200000
1,0,0,15,3.25,"Above the bound",-0.5,12,"1y","Real",1.14873351825155,1.14865828673337,0.00752315181846708,0.00985142877670528,200000
-1,1,0,16,1.75,"Above the bound",-0.5,12,"1y","Real",-1.10546706068696,-1.10602977550301,0.0562714816054299,0.0323185639122764,200000
0,1,0,17,3,"Above the bound",-0.5,12,"1y","Real",0.00363362403774192,0.00352712583212315,0.0106498205618769,0.0114655157399664,200000
1,1,0,18,4.25,"Above the bound",-0.5,12,"1y","Real",1.14812439974619,1.14811283609668,0.00115636495103821,0.00325781089767441,200000
-1,-1,1,19,1.25,"Above the bound",-0.5,12,"1y","Real",0.370585808582216,0.369498735105174,0.108707347704212,0.066219041750089,200000
0,-1,1,20,2.5,"Above the bound",-0.5,12,"1y","Real",1.34694048762561,1.34626088431017,0.0679603315437483,0.0350745447855687,200000
1,-1,1,21,3.75,"Above the bound",-0.5,12,"1y","Real",2.44964618951359,2.4495046151681,0.0141574345492668,0.0136756651864345,200000
-1,0,1,22,2.25,"Above the bound",-0.5,12,"1y","Real",0.21329125267374,0.212523023812273,0.0768228861466991,0.03910237791525,200000
0,0,1,23,3.5,"Above the bound",-0.5,12,"1y","Real",1.30561822425362,1.30543014745128,0.0188076802342341,0.0156531410295028,200000
1,0,1,24,4.75,"Above the bound",-0.5,12,"1y","Real",2.44496467883905,2.44494630517438,0.00183736646723887,0.00499321823505991,200000
-1,1,1,25,3.25,"Above the bound",-0.5,12,"1y","Real",0.162324728041961,0.162078486243545,0.0246241798415842,0.0178902056666903,200000
0,1,1,26,4.5,"Above the bound",-0.5,12,"1y","Real",1.29858035461156,1.29855765228254,0.00227023290155781,0.00583134730861262,200000
1,1,1,27,5.75,"Above the bound",-0.5,12,"1y","Real",2.44801676153922,2.44801460061171,0.000216092751514907,0.00155487115993477,200000
-1,-1,-1,1,-1.75,"Below the bound",-0.5,24,"2y","Nominal",0.406062274770214,0.407491245444038,-0.142897067382375,0.0783874305793835,200000
0,-1,-1,2,-0.5,"Below the bound",-0.5,24,"2y","Nominal",0.872674985679564,0.873859897288151,-0.118491160858669,0.0747253016662116,200000
1,-1,-1,3,0.75,"Near the bound",-0.5,24,"2y","Nominal",1.64165129446109,1.64223133578535,-0.0580041324256042,0.0474198320439941,200000
-1,0,-1,4,-0.75,"Below the bound",-0.5,24,"2y","Nominal",0.819767639129623,0.821098656964548,-0.133101783492517,0.0757378159926599,200000
0,0,-1,5,0.5,"Near the bound",-0.5,24,"2y","Nominal",1.54680263957291,1.54745634677048,-0.0653707197573405,0.0500882465206969,200000
1,0,-1,6,1.75,"Above the bound",-0.5,24,"2y","Nominal",2.50230568851982,2.5025358894421,-0.0230200922282098,0.0238572980072331,200000
-1,1,-1,7,0.25,"Near the bound",-0.5,24,"2y","Nominal",1.4557256720256,1.45647044316182,-0.0744771136216515,0.0528063996797542,200000
0,1,-1,8,1.5,"Above the bound",-0.5,24,"2y","Nominal",2.39514405744494,2.39540974563102,-0.026568818607986,0.025559916488228,200000
1,1,-1,9,2.75,"Above the bound",-0.5,24,"2y","Nominal",3.42180743798134,3.4218634964258,-0.0056058444463325,0.0101019591467077,200000
-1,-1,0,10,-0.25,"Below the bound",-0.5,24,"2y","Nominal",0.583808515622715,0.584854934414333,-0.104641879161771,0.0825248060766046,200000
0,-1,0,11,1,"Near the bound",-0.5,24,"2y","Nominal",1.26150113015901,1.26220851113534,-0.0707380976326943,0.0646464552637423,200000
1,-1,0,12,2.25,"Above the bound",-0.5,24,"2y","Nominal",2.16745060473017,2.16784250143954,-0.039189670937434,0.036398839452805,200000
-1,0,0,13,0.75,"Near the bound",-0.5,24,"2y","Nominal",1.1730909936306,1.17387188137787,-0.0780887747265036,0.0670631218712372,200000
0,0,0,14,2,"Above the bound",-0.5,24,"2y","Nominal",2.06239557779745,2.06281281263496,-0.041723483750733,0.0383063837870127,200000
1,0,0,15,3.25,"Above the bound",-0.5,24,"2y","Nominal",3.06383953040947,3.0640034129318,-0.016388252232602,0.0176501024439998,200000
-1,1,0,16,1.75,"Above the bound",-0.5,24,"2y","Nominal",1.95860240745041,1.95904493248544,-0.0442525035034391,0.0403849372696166,200000
0,1,0,17,3,"Above the bound",-0.5,24,"2y","Nominal",2.95389909892664,2.95407362942701,-0.0174530500368419,0.0186420255917941,200000
1,1,0,18,4.25,"Above the bound",-0.5,24,"2y","Nominal",3.99384676762665,3.99386911460369,-0.00223469770359586,0.00740808928609964,200000
-1,-1,1,19,1.25,"Above the bound",-0.5,24,"2y","Nominal",0.942202263418076,0.942889713724411,-0.0687450306335102,0.0778546145064368,200000
0,-1,1,20,2.5,"Above the bound",-0.5,24,"2y","Nominal",1.76007303951397,1.76059546808498,-0.052242857100504,0.0533634705462548,200000
1,-1,1,21,3.75,"Above the bound",-0.5,24,"2y","Nominal",2.71956630857409,2.71988125652015,-0.031494794605802,0.0287226746524695,200000
-1,0,1,22,2.25,"Above the bound",-0.5,24,"2y","Nominal",1.65967887339059,1.66021796828148,-0.0539094890891656,0.0554800374498813,200000
0,0,1,23,3.5,"Above the bound",-0.5,24,"2y","Nominal",2.61110651371729,2.61143996192249,-0.0333448205199538,0.0300143152561747,200000
1,0,1,24,4.75,"Above the bound",-0.5,24,"2y","Nominal",3.63237100834272,3.63248066701239,-0.0109658669669166,0.0136340882672564,200000
-1,1,1,25,3.25,"Above the bound",-0.5,24,"2y","Nominal",2.50315434712856,2.50350350067156,-0.034915354300491,0.0314214256065194,200000
0,1,1,26,4.5,"Above the bound",-0.5,24,"2y","Nominal",3.52148965170391,3.52161179506887,-0.012214336496319,0.0142577379249919,200000
1,1,1,27,5.75,"Above the bound",-0.5,24,"2y","Nominal",4.56742410765395,4.567428730208,-0.000462255404709566,0.00569377978248268,200000
-1,-1,-1,1,-1.75,"Below the bound",-0.5,24,"2y","Real",-0.918795563616887,-0.917141860109027,-0.165370350785998,0.0800616622948166,200000
0,-1,-1,2,-0.5,"Below the bound",-0.5,24,"2y","Real",-0.453788288291318,-0.452456850919116,-0.133143737220198,0.0758809280440331,200000
1,-1,-1,3,0.75,"Near the bound",-0.5,24,"2y","Real",0.313896650884947,0.314489145620814,-0.05924947358667,0.0481017620712428,200000
-1,0,-1,4,-0.75,"Below the bound",-0.5,24,"2y","Real",-1.44640602791463,-1.44488331271383,-0.152271520079927,0.0769453713700652,200000
0,0,-1,5,0.5,"Near the bound",-0.5,24,"2y","Real",-0.720704214038138,-0.720006971505613,-0.0697242532525233,0.0508108129879862,200000
1,0,-1,6,1.75,"Above the bound",-0.5,24,"2y","Real",0.234062076945595,0.234277925326839,-0.0215848381244332,0.0242192807046004,200000
-1,1,-1,7,0.25,"Near the bound",-0.5,24,"2y","Real",-1.75152653167717,-1.75070199198624,-0.0824539690932324,0.0535718725314313,200000
0,1,-1,8,1.5,"Above the bound",-0.5,24,"2y","Real",-0.812896314784854,-0.812634858271889,-0.0261456512965386,0.0259473645467779,200000
1,1,-1,9,2.75,"Above the bound",-0.5,24,"2y","Real",0.213461366633058,0.213507571075732,-0.00462044426745023,0.010267538077926,200000
-1,-1,0,10,-0.25,"Below the bound",-0.5,24,"2y","Real",-0.482843818782083,-0.481730231820836,-0.111358696124703,0.0839535096272465,200000
0,-1,0,11,1,"Near the bound",-0.5,24,"2y","Real",0.193290280162034,0.19395539156379,-0.0665111401756346,0.0655678938535226,200000
1,-1,0,12,2.25,"Above the bound",-0.5,24,"2y","Real",1.09820233995471,1.09853485777544,-0.0332517820727851,0.0369186233976997,200000
-1,0,0,13,0.75,"Near the bound",-0.5,24,"2y","Real",-0.834849210624194,-0.834076750496228,-0.0772460127966501,0.0680280810598775,200000
0,0,0,14,2,"Above the bound",-0.5,24,"2y","Real",0.053365770930666,0.0537339752070724,-0.0368204276406429,0.038855038468221,200000
1,0,0,15,3.25,"Above the bound",-0.5,24,"2y","Real",1.05428506481644,1.0544186771965,-0.0133612380059045,0.0179180434087468,200000
-1,1,0,16,1.75,"Above the bound",-0.5,24,"2y","Real",-0.990203513489044,-0.989796944799742,-0.0406568689302111,0.0409646917266617,200000
0,1,0,17,3,"Above the bound",-0.5,24,"2y","Real",0.00453219697335576,0.00467894042766093,-0.0146743454305168,0.0189261203161341,200000
1,1,0,18,4.25,"Above the bound",-0.5,24,"2y","Real",1.04427752535066,1.04428841340482,-0.00108880541627165,0.00752888424269438,200000
-1,-1,1,19,1.25,"Above the bound",-0.5,24,"2y","Real",0.133738987434777,0.134303713265365,-0.0564725830587975,0.0790384105294646,200000
0,-1,1,20,2.5,"Above the bound",-0.5,24,"2y","Real",0.95024793475384,0.950646329547837,-0.0398394793996837,0.0541019800883389,200000
1,-1,1,21,3.75,"Above the bound",-0.5,24,"2y","Real",1.908933320838,1.90917540708799,-0.0242086249991891,0.029129109005177,200000
-1,0,1,22,2.25,"Above the bound",-0.5,24,"2y","Real",-0.0899047062225803,-0.0894760456653581,-0.0428660557222182,0.0562521665542298,200000
0,0,1,23,3.5,"Above the bound",-0.5,24,"2y","Real",0.860673274735237,0.860936872689555,-0.0263597954318073,0.0304409427271743,200000
1,0,1,24,4.75,"Above the bound",-0.5,24,"2y","Real",1.88155583656713,1.88163545072347,-0.00796141563430552,0.0138395461724561,200000
-1,1,1,25,3.25,"Above the bound",-0.5,24,"2y","Real",-0.187075795140474,-0.186792574658168,-0.0283220482305641,0.0318697957477782,200000
0,1,1,26,4.5,"Above the bound",-0.5,24,"2y","Real",0.830854050663185,0.830946679658024,-0.00926289948395276,0.0144737694875188,200000
1,1,1,27,5.75,"Above the bound",-0.5,24,"2y","Real",1.87664787371191,1.87664245576582,0.000541794608799329,0.00578567065822888,200000
-1,-1,-1,1,-1.75,"Below the bound",-0.5,60,"5y","Nominal",0.765613507892919,0.770633709563972,-0.502020167105299,0.0793967270895479,200000
0,-1,-1,2,-0.5,"Below the bound",-0.5,60,"5y","Nominal",1.2168653552924,1.22076193717601,-0.389658188361452,0.0686015872694754,200000
1,-1,-1,3,0.75,"Near the bound",-0.5,60,"5y","Nominal",1.83870023770195,1.84096157849868,-0.226134079673201,0.0496633297809849,200000
-1,0,-1,4,-0.75,"Below the bound",-0.5,60,"5y","Nominal",1.2563447563752,1.26042946059919,-0.408470422398532,0.0666004993664579,200000
0,0,-1,5,0.5,"Near the bound",-0.5,60,"5y","Nominal",1.86917247392915,1.87150507896243,-0.233260503327792,0.0476699540257687,200000
1,0,-1,6,1.75,"Above the bound",-0.5,60,"5y","Nominal",2.60879221328776,2.60980094342145,-0.100873013369185,0.0300545425206308,200000
-1,1,-1,7,0.25,"Near the bound",-0.5,60,"5y","Nominal",1.90287038089119,1.90528387168942,-0.241349079823006,0.0458514928447428,200000
0,1,-1,8,1.5,"Above the bound",-0.5,60,"5y","Nominal",2.64121801215897,2.64223510275403,-0.101709059506261,0.0281463414840819,200000
1,1,-1,9,2.75,"Above the bound",-0.5,60,"5y","Nominal",3.43544484666556,3.43576378600102,-0.0318939335464563,0.0162757600097768,200000
-1,-1,0,10,-0.25,"Below the bound",-0.5,60,"5y","Nominal",0.847728238601636,0.852254489740146,-0.452625113851024,0.0796079359606807,200000
0,-1,0,11,1,"Near the bound",-0.5,60,"5y","Nominal",1.38641784293194,1.38971189703314,-0.329405410120232,0.0657490248405864,200000
1,-1,0,12,2.25,"Above the bound",-0.5,60,"5y","Nominal",2.06540272906215,2.06731043504737,-0.190770598521706,0.04692853669722,200000
-1,0,0,13,0.75,"Near the bound",-0.5,60,"5y","Nominal",1.41196119915852,1.41538934129781,-0.342814213929366,0.063892493695859,200000
0,0,0,14,2,"Above the bound",-0.5,60,"5y","Nominal",2.09198738944244,2.09392054436526,-0.193315492281831,0.0446335421670447,200000
1,0,0,15,3.25,"Above the bound",-0.5,60,"5y","Nominal",2.8514676249773,2.85230623149719,-0.0838606519889318,0.0285169581662523,200000
-1,1,0,16,1.75,"Above the bound",-0.5,60,"5y","Nominal",2.12078253729021,2.1227416149332,-0.195907764299452,0.042503505090902,200000
0,1,0,17,3,"Above the bound",-0.5,60,"5y","Nominal",2.88289643678731,2.88372152684595,-0.0825090058635958,0.0263986142966735,200000
1,1,0,18,4.25,"Above the bound",-0.5,60,"5y","Nominal",3.68319606454878,3.68345018143845,-0.0254116889667699,0.0155957957962772,200000
-1,-1,1,19,1.25,"Above the bound",-0.5,60,"5y","Nominal",1.00237110119672,1.0063937622561,-0.402266105937565,0.0781919872730858,200000
0,-1,1,20,2.5,"Above the bound",-0.5,60,"5y","Nominal",1.60009625532292,1.6029911315021,-0.289487617917517,0.0628910653476229,200000
1,-1,1,21,3.75,"Above the bound",-0.5,60,"5y","Nominal",2.30278947549338,2.30446399704956,-0.167452155618131,0.0449595413790734,200000
-1,0,1,22,2.25,"Above the bound",-0.5,60,"5y","Nominal",1.62110733098509,1.62408520298494,-0.2977871999847,0.0608382041919655,200000
0,0,1,23,3.5,"Above the bound",-0.5,60,"5y","Nominal",2.32820276860186,2.32988379082141,-0.168102221954713,0.0424679939788461,200000
1,0,1,24,4.75,"Above the bound",-0.5,60,"5y","Nominal",3.09702824859941,3.09774317278916,-0.0714924189751276,0.0274332084392041,200000
-1,1,1,25,3.25,"Above the bound",-0.5,60,"5y","Nominal",2.35551362180038,2.35719920211103,-0.168558031064814,0.0401088327355806,200000
0,1,1,26,4.5,"Above the bound",-0.5,60,"5y","Nominal",3.12819166170681,3.12888906090393,-0.0697399197116422,0.0252146484334051,200000
1,1,1,27,5.75,"Above the bound",-0.5,60,"5y","Nominal",3.9316002916374,3.9318101030932,-0.0209811455795794,0.0150943829972518,200000
-1,-1,-1,1,-1.75,"Below the bound",-0.5,60,"5y","Real",-0.49552190074018,-0.490463468403034,-0.505843233714603,0.0806180858793471,200000
0,-1,-1,2,-0.5,"Below the bound",-0.5,60,"5y","Real",-0.0453452917213877,-0.0413898651119976,-0.39554266093901,0.0694576070367307,200000
1,-1,-1,3,0.75,"Near the bound",-0.5,60,"5y","Real",0.575632468730278,0.577931628116562,-0.229915938628378,0.05019906342043,200000
-1,0,-1,4,-0.75,"Below the bound",-0.5,60,"5y","Real",-0.86732272189731,-0.863179127364103,-0.414359453320734,0.0674549185609209,200000
0,0,-1,5,0.5,"Near the bound",-0.5,60,"5y","Real",-0.255358170782636,-0.252989959346153,-0.236821143648319,0.0482037782807083,200000
1,0,-1,6,1.75,"Above the bound",-0.5,60,"5y","Real",0.483752471229964,0.48478450643248,-0.10320352025156,0.0303528072724408,200000
-1,1,-1,7,0.25,"Near the bound",-0.5,60,"5y","Real",-1.08311919891336,-1.08066913727502,-0.245006163833827,0.0463862080903884,200000
0,1,-1,8,1.5,"Above the bound",-0.5,60,"5y","Real",-0.345290792000316,-0.344255682761158,-0.103510923915812,0.0284411265592047,200000
1,1,-1,9,2.75,"Above the bound",-0.5,60,"5y","Real",0.448704121317816,0.449037478815306,-0.0333357497490083,0.0164252290605642,200000
-1,-1,0,10,-0.25,"Below the bound",-0.5,60,"5y","Real",-0.301388837028572,-0.296862031021689,-0.452680600688254,0.0807310550091441,200000
0,-1,0,11,1,"Near the bound",-0.5,60,"5y","Real",0.236249633357414,0.239549229329478,-0.329959597206375,0.0665094970541161,200000
1,-1,0,12,2.25,"Above the bound",-0.5,60,"5y","Real",0.914487944966426,0.916416952095619,-0.192900712919297,0.0474023203375149,200000
-1,0,0,13,0.75,"Near the bound",-0.5,60,"5y","Real",-0.599670833877838,-0.596241079840074,-0.342975403776435,0.0646470384620896,200000
0,0,0,14,2,"Above the bound",-0.5,60,"5y","Real",0.0795986972090273,0.0815436153854002,-0.194491817637293,0.0450997451568466,200000
1,0,0,15,3.25,"Above the bound",-0.5,60,"5y","Real",0.83866338439544,0.839523659417469,-0.0860275022029122,0.0287823030724457,200000
-1,1,0,16,1.75,"Above the bound",-0.5,60,"5y","Real",-0.75307669817333,-0.751113098513547,-0.196359965978332,0.0429646267170804,200000
0,1,0,17,3,"Above the bound",-0.5,60,"5y","Real",0.00861743124210843,0.00945639064812697,-0.0838959406018537,0.0266565863129514,200000
1,1,0,18,4.25,"Above the bound",-0.5,60,"5y","Real",0.80873238840634,0.809001623324199,-0.0269234917858574,0.0157308186254643,200000
-1,-1,1,19,1.25,"Above the bound",-0.5,60,"5y","Real",-0.0347339813189153,-0.0307612568459513,-0.397272447296401,0.0792169175044233,200000
0,-1,1,20,2.5,"Above the bound",-0.5,60,"5y","Real",0.562024561570271,0.564909253442564,-0.288469187229334,0.0635773624810503,200000
1,-1,1,21,3.75,"Above the bound",-0.5,60,"5y","Real",1.264072123764,1.265770039674,-0.169791590999546,0.0453904787528344,200000
-1,0,1,22,2.25,"Above the bound",-0.5,60,"5y","Real",-0.278439224576775,-0.275482575380669,-0.29566491961055,0.0615141370923874,200000
0,0,1,23,3.5,"Above the bound",-0.5,60,"5y","Real",0.428004722793318,0.429697358852521,-0.169263605920306,0.0428877375993454,200000
1,0,1,24,4.75,"Above the bound",-0.5,60,"5y","Real",1.1964802590675,1.19721971256301,-0.0739453495509856,0.027676244753288,200000
-1,1,1,25,3.25,"Above the bound",-0.5,60,"5y","Real",-0.406162589506369,-0.404475546000628,-0.168704350574078,0.0405193345018161,200000
0,1,1,26,4.5,"Above the bound",-0.5,60,"5y","Real",0.366166262619189,0.366879850102655,-0.0713587483465672,0.0254482493437449,200000
1,1,1,27,5.75,"Above the bound",-0.5,60,"5y","Real",1.16942052470314,1.16964661212577,-0.0226087422634302,0.0152191198916935,200000
-1,-1,-1,1,-1.75,"Below the bound",-0.5,120,"10y","Nominal",1.07212209657094,1.08375295185142,-1.1630855280482,0.0765695399824798,200000
0,-1,-1,2,-0.5,"Below the bound",-0.5,120,"10y","Nominal",1.41477182140199,1.42409115931151,-0.931933790952044,0.067333959731938,200000
1,-1,-1,3,0.75,"Near the bound",-0.5,120,"10y","Nominal",1.8523310041399,1.85909047489346,-0.675947075356209,0.0555781362912279,200000
-1,0,-1,4,-0.75,"Below the bound",-0.5,120,"10y","Nominal",1.55021283476681,1.55915484429057,-0.894200952375779,0.0621386840776456,200000
0,0,-1,5,0.5,"Near the bound",-0.5,120,"10y","Nominal",1.99042729982206,1.99667971385116,-0.625241402909604,0.050047506482855,200000
1,0,-1,6,1.75,"Above the bound",-0.5,120,"10y","Nominal",2.50152021216908,2.50562927703342,-0.410906486433893,0.0391663240310142,200000
-1,1,-1,7,0.25,"Near the bound",-0.5,120,"10y","Nominal",2.13610918717604,2.14183486677479,-0.572567959874704,0.0447328273683161,200000
0,1,-1,8,1.5,"Above the bound",-0.5,120,"10y","Nominal",2.65191339104534,2.65548634180609,-0.357295076074893,0.0339262067993541,200000
1,1,-1,9,2.75,"Above the bound",-0.5,120,"10y","Nominal",3.20089595578522,3.20309243060405,-0.21964748188319,0.0258920824102969,200000
-1,-1,0,10,-0.25,"Below the bound",-0.5,120,"10y","Nominal",1.11332501457231,1.12454644108311,-1.1221426510803,0.0763139761181938,200000
0,-1,0,11,1,"Near the bound",-0.5,120,"10y","Nominal",1.49971103353868,1.50856525122219,-0.885421768350825,0.0663277612721034,200000
1,-1,0,12,2.25,"Above the bound",-0.5,120,"10y","Nominal",1.96586044671559,1.97234120917396,-0.64807624583727,0.0547858238867316,200000
-1,0,0,13,0.75,"Near the bound",-0.5,120,"10y","Nominal",1.62819331148117,1.63662930661217,-0.843599513099913,0.0611119498642351,200000
0,0,0,14,2,"Above the bound",-0.5,120,"10y","Nominal",2.10202079685874,2.10796017844195,-0.593938158321095,0.0491324086248003,200000
1,0,0,15,3.25,"Above the bound",-0.5,120,"10y","Nominal",2.62305509917175,2.62702490270113,-0.396980352938359,0.0387690482633237,200000
-1,1,0,16,1.75,"Above the bound",-0.5,120,"10y","Nominal",2.24525823081635,2.25063125710505,-0.537302628870107,0.0436728285914762,200000
0,1,0,17,3,"Above the bound",-0.5,120,"10y","Nominal",2.77295520890951,2.77637359865819,-0.341838974867992,0.0334587141479955,200000
1,1,0,18,4.25,"Above the bound",-0.5,120,"10y","Nominal",3.32498137962087,3.32712313177834,-0.214175215747225,0.025735794428681,200000
-1,-1,1,19,1.25,"Above the bound",-0.5,120,"10y","Nominal",1.19079205752231,1.20159369125351,-1.08016337311967,0.0756748189039062,200000
0,-1,1,20,2.5,"Above the bound",-0.5,120,"10y","Nominal",1.6067132607121,1.61523798536332,-0.852472465122145,0.065407269005105,200000
1,-1,1,21,3.75,"Above the bound",-0.5,120,"10y","Nominal",2.08473206127832,2.09101888621024,-0.62868249319199,0.0542227645487244,200000
-1,0,1,22,2.25,"Above the bound",-0.5,120,"10y","Nominal",1.73293868121381,1.74100526443224,-0.806658321842524,0.0600861715036173,200000
0,0,1,23,3.5,"Above the bound",-0.5,120,"10y","Nominal",2.22031456547624,2.22604384361493,-0.572927813869262,0.0484929199682224,200000
1,0,1,24,4.75,"Above the bound",-0.5,120,"10y","Nominal",2.74603262297725,2.74989954589706,-0.386692291981472,0.0384860488586071,200000
-1,1,1,25,3.25,"Above the bound",-0.5,120,"10y","Nominal",2.36281677352677,2.3679620254593,-0.514525193252746,0.0429362975071419,200000
0,1,1,26,4.5,"Above the bound",-0.5,120,"10y","Nominal",2.89580545329361,2.89911694398444,-0.331149069083025,0.0331408462717849,200000
1,1,1,27,5.75,"Above the bound",-0.5,120,"10y","Nominal",3.44939332686433,3.45149541284361,-0.210208597928396,0.0256176732058797,200000
-1,-1,-1,1,-1.75,"Below the bound",-0.5,120,"10y","Real",-0.243815699538973,-0.232876108159509,-1.09395913794642,0.0750735544582163,200000
0,-1,-1,2,-0.5,"Below the bound",-0.5,120,"10y","Real",0.0989195547371741,0.108002459126184,-0.908290438900991,0.0660281004824007,200000
1,-1,-1,3,0.75,"Near the bound",-0.5,120,"10y","Real",0.536614972968855,0.543477804270838,-0.686283130198295,0.05441119585901,200000
-1,0,-1,4,-0.75,"Below the bound",-0.5,120,"10y","Real",-0.514605645390936,-0.506027358761215,-0.857828662972082,0.0609765119861545,200000
0,0,-1,5,0.5,"Near the bound",-0.5,120,"10y","Real",-0.0743233477937097,-0.0680903935486194,-0.623295424509034,0.0490234605275674,200000
1,0,-1,6,1.75,"Above the bound",-0.5,120,"10y","Real",0.436947585985689,0.441244251831461,-0.429666584577226,0.0382639534833602,200000
-1,1,-1,7,0.25,"Near the bound",-0.5,120,"10y","Real",-0.67775018936244,-0.6721422607983,-0.560792856414005,0.0438506721940011,200000
0,1,-1,8,1.5,"Above the bound",-0.5,120,"10y","Real",-0.161840158355557,-0.158175259072937,-0.366489928262007,0.0331512360289775,200000
1,1,-1,9,2.75,"Above the bound",-0.5,120,"10y","Real",0.387329444034994,0.389711404267584,-0.238196023259024,0.0252301449952672,200000
-1,-1,0,10,-0.25,"Below the bound",-0.5,120,"10y","Real",-0.14650227298646,-0.135913168394027,-1.05891045924334,0.0748383357963533,200000
0,-1,0,11,1,"Near the bound",-0.5,120,"10y","Real",0.239981282014201,0.248644474180173,-0.866319216597211,0.0650107004502846,200000
1,-1,0,12,2.25,"Above the bound",-0.5,120,"10y","Real",0.706322148793746,0.712940613065852,-0.661846427210622,0.0536055349452748,200000
-1,0,0,13,0.75,"Near the bound",-0.5,120,"10y","Real",-0.380506186039641,-0.3723891477761,-0.811703826354127,0.0599404729722995,200000
0,0,0,14,2,"Above the bound",-0.5,120,"10y","Real",0.0934423266241448,0.0993953480451763,-0.595302142103155,0.0480920628604734,200000
1,0,0,15,3.25,"Above the bound",-0.5,120,"10y","Real",0.614701365508281,0.618877977148637,-0.417661164035565,0.0378613144903301,200000
-1,1,0,16,1.75,"Above the bound",-0.5,120,"10y","Real",-0.512434812332387,-0.507147851640761,-0.528696069162582,0.0427709031025619,200000
0,1,0,17,3,"Above the bound",-0.5,120,"10y","Real",0.0154176628506758,0.0189468229907263,-0.352916014005051,0.0326759199161107,200000
1,1,0,18,4.25,"Above the bound",-0.5,120,"10y","Real",0.567654445760589,0.569989750235931,-0.233530447534225,0.0250724797190009,200000
-1,-1,1,19,1.25,"Above the bound",-0.5,120,"10y","Real",-0.0129278915205623,-0.00270325989117479,-1.02246316293875,0.0741963575264248,200000
0,-1,1,20,2.5,"Above the bound",-0.5,120,"10y","Real",0.403133063392646,0.411516917327171,-0.838385393452512,0.0640752049232265,200000
1,-1,1,21,3.75,"Above the bound",-0.5,120,"10y","Real",0.881393720205775,0.887851364879527,-0.645764467375243,0.0530350952106247,200000
-1,0,1,22,2.25,"Above the bound",-0.5,120,"10y","Real",-0.219616817689922,-0.211820127627863,-0.779669006205921,0.0588980076079614,200000
0,0,1,23,3.5,"Above the bound",-0.5,120,"10y","Real",0.267932619448067,0.27370863562391,-0.577601617584339,0.0474430891761879,200000
1,0,1,24,4.75,"Above the bound",-0.5,120,"10y","Real",0.793908156479281,0.797998428575007,-0.40902720957261,0.0375758456999953,200000
-1,1,1,25,3.25,"Above the bound",-0.5,120,"10y","Real",-0.338683596470421,-0.333591492132817,-0.509210433760354,0.0420220161774234,200000
0,1,1,26,4.5,"Above the bound",-0.5,120,"10y","Real",0.194495814365822,0.197934640972045,-0.34388266062228,0.0323544009327749,200000
1,1,1,27,5.75,"Above the bound",-0.5,120,"10y","Real",0.748309400784231,0.750611434601908,-0.23020338176768,0.0249536719874788,200000
-1,-1,-1,1,-1.75,"Below the bound",0.5,12,"1y","Nominal",0.193229058250585,0.19431101844378,-0.10819601931947,0.0195494225996264,2000000
0,-1,-1,2,-0.5,"Below the bound",0.5,12,"1y","Nominal",0.575877756504965,0.577086592906571,-0.120883640160574,0.0233729108492065,2000000
1,-1,-1,3,0.75,"Near the bound",0.5,12,"1y","Nominal",1.37427500671456,1.37488811669829,-0.0613109983733651,0.0142049405686863,2000000
-1,0,-1,4,-0.75,"Below the bound",0.5,12,"1y","Nominal",0.499537594355884,0.500796597720846,-0.125900336496165,0.023585632510826,2000000
0,0,-1,5,0.5,"Near the bound",0.5,12,"1y","Nominal",1.22221751988709,1.22293590647759,-0.0718386590500941,0.0158640292026674,2000000
1,0,-1,6,1.75,"Above the bound",0.5,12,"1y","Nominal",2.27137885368068,2.27158869879565,-0.0209845114973906,0.00625078938997271,2000000
-1,1,-1,7,0.25,"Near the bound",0.5,12,"1y","Nominal",1.07723527022957,1.07806936139169,-0.0834091162121187,0.0175193980876103,2000000
0,1,-1,8,1.5,"Above the bound",0.5,12,"1y","Nominal",2.0990441410162,2.09930935806052,-0.0265217044323585,0.00727223231674647,2000000
1,1,-1,9,2.75,"Above the bound",0.5,12,"1y","Nominal",3.22679460913616,3.226839392612,-0.00447834758356969,0.00223046401129474,2000000
-1,-1,0,10,-0.25,"Below the bound",0.5,12,"1y","Nominal",0.425804678447584,0.426949723819084,-0.114504537150023,0.0241724687564307,2000000
0,-1,0,11,1,"Near the bound",0.5,12,"1y","Nominal",1.17509325779161,1.17579846360341,-0.0705205811799559,0.0177948840850144,2000000
1,-1,0,12,2.25,"Above the bound",0.5,12,"1y","Nominal",2.20631262037605,2.20657944144903,-0.0266821072979262,0.00792071660935364,2000000
-1,0,0,13,0.75,"Near the bound",0.5,12,"1y","Nominal",1.03076245075646,1.03156887196692,-0.080642121045571,0.0193601655544885,2000000
0,0,0,14,2,"Above the bound",0.5,12,"1y","Nominal",2.03570249755962,2.03602061623945,-0.0318118679826451,0.00902492603028523,2000000
1,0,0,15,3.25,"Above the bound",0.5,12,"1y","Nominal",3.15366195407531,3.15373369194738,-0.00717378720658246,0.00312678318791117,2000000
-1,1,0,16,1.75,"Above the bound",0.5,12,"1y","Nominal",1.86724290068935,1.86761936194268,-0.0376461253328797,0.0102533509087276,2000000
0,1,0,17,3,"Above the bound",0.5,12,"1y","Nominal",2.97663417920516,2.97672664863062,-0.00924694254638148,0.00364162570072492,2000000
1,1,0,18,4.25,"Above the bound",0.5,12,"1y","Nominal",4.12119623943258,4.1212094238514,-0.00131844188233643,0.00105008270364853,2000000
-1,-1,1,19,1.25,"Above the bound",0.5,12,"1y","Nominal",1.00263072187334,1.00342801628287,-0.0797294409530469,0.0209368573580393,2000000
0,-1,1,20,2.5,"Above the bound",0.5,12,"1y","Nominal",1.97976088245078,1.98012854851866,-0.0367666067878858,0.0111215361765624,2000000
1,-1,1,21,3.75,"Above the bound",0.5,12,"1y","Nominal",3.0828044489259,3.0829139234092,-0.0109474483294569,0.00433517993020483,2000000
-1,0,1,22,2.25,"Above the bound",0.5,12,"1y","Nominal",1.81412664539719,1.81454436632085,-0.0417720923662657,0.0123962849554225,2000000
0,0,1,23,3.5,"Above the bound",0.5,12,"1y","Nominal",2.90684062626702,2.90697462125087,-0.0133994983845476,0.00496455108291693,2000000
1,0,1,24,4.75,"Above the bound",0.5,12,"1y","Nominal",4.04630173793791,4.04632534822258,-0.00236102846695729,0.00159381053730903,2000000
-1,1,1,25,3.25,"Above the bound",0.5,12,"1y","Nominal",2.73160674592997,2.73176955263957,-0.0162806709602226,0.00567638579618184,2000000
0,1,1,26,4.5,"Above the bound",0.5,12,"1y","Nominal",3.86799935527104,3.86803008046891,-0.00307251978695078,0.00185634383093974,2000000
1,1,1,27,5.75,"Above the bound",0.5,12,"1y","Nominal",5.01746379586909,5.01746778728898,-0.000399141988705054,0.00050878822960661,2000000
-1,-1,-1,1,-1.75,"Below the bound",0.5,12,"1y","Real",-0.435029054227351,-0.434114002145817,-0.0915052081533696,0.0191508130424065,2000000
0,-1,-1,2,-0.5,"Below the bound",0.5,12,"1y","Real",-0.0511052165720422,-0.0500182615115912,-0.108695506045096,0.0231022184786172,2000000
1,-1,-1,3,0.75,"Near the bound",0.5,12,"1y","Real",0.748398002758029,0.749008156729311,-0.0610153971281613,0.0140544127148102,2000000
-1,0,-1,4,-0.75,"Below the bound",0.5,12,"1y","Real",-1.09571346409679,-1.09460716387426,-0.110630022252978,0.023295289138699,2000000
0,0,-1,5,0.5,"Near the bound",0.5,12,"1y","Real",-0.371865487185674,-0.371171541691556,-0.0693945494117609,0.015697480569379,2000000
1,0,-1,6,1.75,"Above the bound",0.5,12,"1y","Real",0.677894266479314,0.67811756993871,-0.0223303459396473,0.00617632635779773,2000000
-1,1,-1,7,0.25,"Near the bound",0.5,12,"1y","Real",-1.48506689727424,-1.48428466389912,-0.0782233375115071,0.0173359737061925,2000000
0,1,-1,8,1.5,"Above the bound",0.5,12,"1y","Real",-0.462576681811972,-0.462301529914941,-0.0275151897031367,0.00718745876924836,2000000
1,1,-1,9,2.75,"Above the bound",0.5,12,"1y","Real",0.665386792605822,0.665437349801952,-0.00505571961302298,0.00219991631401589,2000000
-1,-1,0,10,-0.25,"Below the bound",0.5,12,"1y","Real",-0.60531796739009,-0.604223537414466,-0.109442997562392,0.0238644927296804,2000000
0,-1,0,11,1,"Near the bound",0.5,12,"1y","Real",0.145225468804912,0.145977443317763,-0.0751974512850834,0.0176110275963759,2000000
1,-1,0,12,2.25,"Above the bound",0.5,12,"1y","Real",1.17717328331348,1.17747907790943,-0.0305794595947928,0.00783067498294666,2000000
-1,0,0,13,0.75,"Near the bound",0.5,12,"1y","Real",-0.967338727643287,-0.966504179916967,-0.0834547726319745,0.0191598155463108,2000000
0,0,0,14,2,"Above the bound",0.5,12,"1y","Real",0.0384128146157936,0.0387704096702859,-0.0357595054492316,0.00892405192072776,2000000
1,0,0,15,3.25,"Above the bound",0.5,12,"1y","Real",1.15667290336818,1.15675862139516,-0.00857180269830948,0.00308632869264533,2000000
-1,1,0,16,1.75,"Above the bound",0.5,12,"1y","Real",-1.09820713141125,-1.09779266191806,-0.0414469493189351,0.0101406345610803,2000000
0,1,0,17,3,"Above the bound",0.5,12,"1y","Real",0.011536814316779,0.011645019222733,-0.010820490595405,0.00359531479584161,2000000
1,1,0,18,4.25,"Above the bound",0.5,12,"1y","Real",1.15618613835986,1.15620257161688,-0.00164332570247172,0.00103469368066644,2000000
-1,-1,1,19,1.25,"Above the bound",0.5,12,"1y","Real",-0.43131386355027,-0.430405501225669,-0.090836232460112,0.0207185494064159,2000000
0,-1,1,20,2.5,"Above the bound",0.5,12,"1y","Real",0.546754645858278,0.547201759690665,-0.0447113832387269,0.0110026471123604,2000000
1,-1,1,21,3.75,"Above the bound",0.5,12,"1y","Real",1.65021061502764,1.65034831510384,-0.0137700076204617,0.0042824416038894,2000000
-1,0,1,22,2.25,"Above the bound",0.5,12,"1y","Real",-0.587056828977984,-0.586556679716648,-0.0500149261336125,0.0122652896080253,2000000
0,0,1,23,3.5,"Above the bound",0.5,12,"1y","Real",0.506128661365917,0.506294681738336,-0.0166020372419196,0.00490508417661589,2000000
1,0,1,24,4.75,"Above the bound",0.5,12,"1y","Real",1.64573062811729,1.64576156001438,-0.00309318970876937,0.00157185078002112,2000000
-1,1,1,25,3.25,"Above the bound",0.5,12,"1y","Real",-0.637228803405307,-0.63703010333351,-0.0198700071797231,0.00560945883400893,2000000
0,1,1,26,4.5,"Above the bound",0.5,12,"1y","Real",0.499331789602214,0.4993712780917,-0.00394884894859837,0.00183112955186963,2000000
1,1,1,27,5.75,"Above the bound",0.5,12,"1y","Real",1.64883086452561,1.6488361891744,-0.000532464878610917,0.000500934717665843,2000000
-1,-1,-1,1,-1.75,"Below the bound",0.5,24,"2y","Nominal",0.406062274770214,0.408850381481883,-0.278810671166879,0.0248674747115334,2000000
0,-1,-1,2,-0.5,"Below the bound",0.5,24,"2y","Nominal",0.872674985679564,0.875166969484925,-0.249198380536064,0.0237426007881179,2000000
1,-1,-1,3,0.75,"Near the bound",0.5,24,"2y","Nominal",1.64165129446109,1.64294677635514,-0.129548189404605,0.0151093750566359,2000000
-1,0,-1,4,-0.75,"Below the bound",0.5,24,"2y","Nominal",0.819767639129623,0.822404775162761,-0.26371360331382,0.0240611178909255,2000000
0,0,-1,5,0.5,"Near the bound",0.5,24,"2y","Nominal",1.54680263957291,1.54825818045967,-0.145554088676336,0.0159581074336804,2000000
1,0,-1,6,1.75,"Above the bound",0.5,24,"2y","Nominal",2.50230568851982,2.50279978061678,-0.0494092096962273,0.00763436762993305,2000000
-1,1,-1,7,0.25,"Near the bound",0.5,24,"2y","Nominal",1.4557256720256,1.45735706642725,-0.163139440164639,0.0168212860809094,2000000
0,1,-1,8,1.5,"Above the bound",0.5,24,"2y","Nominal",2.39514405744494,2.39571827346901,-0.057421602407004,0.0081762223254187,2000000
1,1,-1,9,2.75,"Above the bound",0.5,24,"2y","Nominal",3.42180743798134,3.42193667261166,-0.0129234630322994,0.00326032973870035,2000000
-1,-1,0,10,-0.25,"Below the bound",0.5,24,"2y","Nominal",0.583808515622715,0.586377684829125,-0.25691692064097,0.0261977740817467,2000000
0,-1,0,11,1,"Near the bound",0.5,24,"2y","Nominal",1.26150113015901,1.26321596704636,-0.171483688734697,0.0205446711871797,2000000
1,-1,0,12,2.25,"Above the bound",0.5,24,"2y","Nominal",2.16745060473017,2.16821114604762,-0.0760541317454511,0.0115962600567551,2000000
-1,0,0,13,0.75,"Near the bound",0.5,24,"2y","Nominal",1.1730909936306,1.17496765666599,-0.187666303538503,0.0213125624552058,2000000
0,0,0,14,2,"Above the bound",0.5,24,"2y","Nominal",2.06239557779745,2.06324705171524,-0.0851473917787615,0.0122050927354691,2000000
1,0,0,15,3.25,"Above the bound",0.5,24,"2y","Nominal",3.06383953040947,3.06410374039924,-0.0264209989766062,0.00565058110967698,2000000
-1,1,0,16,1.75,"Above the bound",0.5,24,"2y","Nominal",1.95860240745041,1.95955598428242,-0.0953576832014358,0.0128679172342753,2000000
0,1,0,17,3,"Above the bound",0.5,24,"2y","Nominal",2.95389909892664,2.95420088789645,-0.0301788969808481,0.00596837111141759,2000000
1,1,0,18,4.25,"Above the bound",0.5,24,"2y","Nominal",3.99384676762665,3.99391054483566,-0.00637772090059663,0.00239710889591137,2000000
-1,-1,1,19,1.25,"Above the bound",0.5,24,"2y","Nominal",0.942202263418076,0.944220738542229,-0.20184751241531,0.0247074079484673,2000000
0,-1,1,20,2.5,"Above the bound",0.5,24,"2y","Nominal",1.76007303951397,1.76121896495531,-0.114592544133507,0.0169584630473019,2000000
1,-1,1,21,3.75,"Above the bound",0.5,24,"2y","Nominal",2.71956630857409,2.72003103891405,-0.0464730339957864,0.00914930386622809,2000000
-1,0,1,22,2.25,"Above the bound",0.5,24,"2y","Nominal",1.65967887339059,1.66092922813796,-0.125035474737167,0.0176327043013856,2000000
0,0,1,23,3.5,"Above the bound",0.5,24,"2y","Nominal",2.61110651371729,2.6116235130911,-0.0516999373809668,0.00956017188977396,2000000
1,0,1,24,4.75,"Above the bound",0.5,24,"2y","Nominal",3.63237100834272,3.63252346275372,-0.0152454410999425,0.00437049364709838,2000000
-1,1,1,25,3.25,"Above the bound",0.5,24,"2y","Nominal",2.50315434712856,2.5037305323554,-0.0576185226845105,0.0100084110224635,2000000
0,1,1,26,4.5,"Above the bound",0.5,24,"2y","Nominal",3.52148965170391,3.52166072286653,-0.0171071162623271,0.00456971404515807,2000000
1,1,1,27,5.75,"Above the bound",0.5,24,"2y","Nominal",4.56742410765395,4.56745955015889,-0.00354425049371443,0.00184209150903149,2000000
-1,-1,-1,1,-1.75,"Below the bound",0.5,24,"2y","Real",-0.393956133684347,-0.391556118016136,-0.240001566821113,0.0241242037199478,2000000
0,-1,-1,2,-0.5,"Below the bound",0.5,24,"2y","Real",0.0749007707635259,0.0771520634171257,-0.225129265359976,0.0232258135197054,2000000
1,-1,-1,3,0.75,"Near the bound",0.5,24,"2y","Real",0.845669083240058,0.846933903306238,-0.126482006618012,0.0147988935071554,2000000
-1,0,-1,4,-0.75,"Below the bound",0.5,24,"2y","Real",-0.917990987037781,-0.915665552585039,-0.232543445274191,0.0235221245796825,2000000
0,0,-1,5,0.5,"Near the bound",0.5,24,"2y","Real",-0.189111017907422,-0.187734074028153,-0.137694387926945,0.015630769945862,2000000
1,0,-1,6,1.75,"Above the bound",0.5,24,"2y","Real",0.76742050306474,0.767929761240785,-0.050925817604508,0.00746518514102796,2000000
-1,1,-1,7,0.25,"Near the bound",0.5,24,"2y","Real",-1.22012772270736,-1.21863035827283,-0.149736443452886,0.0164761022511764,2000000
0,1,-1,8,1.5,"Above the bound",0.5,24,"2y","Real",-0.279616676879098,-0.279044067890608,-0.0572608988490431,0.00799636772033667,2000000
1,1,-1,9,2.75,"Above the bound",0.5,24,"2y","Real",0.747479792760074,0.747621348736377,-0.0141555976303165,0.00318000250516023,2000000
-1,-1,0,10,-0.25,"Below the bound",0.5,24,"2y","Real",-0.474222769698089,-0.471789440380552,-0.243332931753731,0.0255607475022457,2000000
0,-1,0,11,1,"Near the bound",0.5,24,"2y","Real",0.205645942721268,0.207407754544632,-0.17618118233643,0.0201270660079908,2000000
1,-1,0,12,2.25,"Above the bound",0.5,24,"2y","Real",1.11306283458417,1.11390747455426,-0.0844639970087435,0.0113545293641035,2000000
-1,0,0,13,0.75,"Near the bound",0.5,24,"2y","Real",-0.822725434759609,-0.82085549436318,-0.186994039642918,0.020876765900142,2000000
0,0,0,14,2,"Above the bound",0.5,24,"2y","Real",0.0681119350374499,0.0690292743319669,-0.0917339294516983,0.0119511291855393,2000000
1,0,0,15,3.25,"Above the bound",0.5,24,"2y","Real",1.07031009092812,1.07061864429997,-0.0308553371847653,0.00552237743487806,2000000
-1,1,0,16,1.75,"Above the bound",0.5,24,"2y","Real",-0.975583761913848,-0.974586770075188,-0.09969918386602,0.0126008395771497,2000000
0,1,0,17,3,"Above the bound",0.5,24,"2y","Real",0.0205134527052388,0.0208545691999457,-0.0341116494706917,0.00583316601165684,2000000
1,1,0,18,4.25,"Above the bound",0.5,24,"2y","Real",1.06075741992432,1.0608375340809,-0.00801141565822672,0.00233693086167343,2000000
-1,-1,1,19,1.25,"Above the bound",0.5,24,"2y","Real",-0.373823923962303,-0.3716474940871,-0.217642987520317,0.0241742568004134,2000000
0,-1,1,20,2.5,"Above the bound",0.5,24,"2y","Real",0.445975343093128,0.447302064827161,-0.132672173403259,0.0166182575584124,2000000
1,-1,1,21,3.75,"Above the bound",0.5,24,"2y","Real",1.40663803685551,1.40721445595788,-0.0576419102368719,0.00895697683148582,2000000
-1,0,1,22,2.25,"Above the bound",0.5,24,"2y","Real",-0.594344844015597,-0.592937964239098,-0.1406879776499,0.0172782703023625,2000000
0,0,1,23,3.5,"Above the bound",0.5,24,"2y","Real",0.35830563817423,0.358927883990903,-0.0622245816673361,0.00935912556444247,2000000
1,0,1,24,4.75,"Above the bound",0.5,24,"2y","Real",1.38013343859927,1.38033239606165,-0.0198957462378857,0.00427024217809122,2000000
-1,1,1,25,3.25,"Above the bound",0.5,24,"2y","Real",-0.689523340237034,-0.688850013494031,-0.0673326743003244,0.0097979877320753,2000000
0,1,1,26,4.5,"Above the bound",0.5,24,"2y","Real",0.329406051883938,0.329622189884063,-0.0216138000125154,0.00446477092690119,2000000
1,1,1,27,5.75,"Above the bound",0.5,24,"2y","Real",1.37555181753212,1.37560204967381,-0.00502321416944174,0.00179541339603183,2000000
-1,-1,-1,1,-1.75,"Below the bound",0.5,60,"5y","Nominal",0.765613507892919,0.7727268936516,-0.711338575868092,0.0253947813119337,2000000
0,-1,-1,2,-0.5,"Below the bound",0.5,60,"5y","Nominal",1.2168653552924,1.22258841118438,-0.572305589198474,0.0219711741282689,2000000
1,-1,-1,3,0.75,"Near the bound",0.5,60,"5y","Nominal",1.83870023770195,1.84228576963176,-0.358553192981215,0.0159527908331393,2000000
-1,0,-1,4,-0.75,"Below the bound",0.5,60,"5y","Nominal",1.2563447563752,1.26217208824651,-0.582733187130535,0.0213299825762105,2000000
0,0,-1,5,0.5,"Near the bound",0.5,60,"5y","Nominal",1.86917247392915,1.87277981297146,-0.360733904230792,0.0153138709002562,2000000
1,0,-1,6,1.75,"Above the bound",0.5,60,"5y","Nominal",2.60879221328776,2.61061595315767,-0.182373986991147,0.00969237061570338,2000000
-1,1,-1,7,0.25,"Near the bound",0.5,60,"5y","Nominal",1.90287038089119,1.90650938946499,-0.363900857380006,0.0147296138397848,2000000
0,1,-1,8,1.5,"Above the bound",0.5,60,"5y","Nominal",2.64121801215897,2.64300009136459,-0.178207920562246,0.00908017055450722,2000000
1,1,-1,9,2.75,"Above the bound",0.5,60,"5y","Nominal",3.43544484666556,3.43621341255706,-0.0768565891504647,0.00528434356335458,2000000
-1,-1,0,10,-0.25,"Below the bound",0.5,60,"5y","Nominal",0.847728238601636,0.854400395651692,-0.66721570500563,0.0254644528089621,2000000
0,-1,0,11,1,"Near the bound",0.5,60,"5y","Nominal",1.38641784293194,1.3914115371267,-0.499369419476237,0.0210675429162237,2000000
1,-1,0,12,2.25,"Above the bound",0.5,60,"5y","Nominal",2.06540272906215,2.06848656720138,-0.308383813922708,0.0150786429033666,2000000
-1,0,0,13,0.75,"Near the bound",0.5,60,"5y","Nominal",1.41196119915852,1.41704104436044,-0.507984520192362,0.0204727417174625,2000000
0,0,0,14,2,"Above the bound",0.5,60,"5y","Nominal",2.09198738944244,2.09503836783925,-0.305097839680801,0.014345039659856,2000000
1,0,0,15,3.25,"Above the bound",0.5,60,"5y","Nominal",2.8514676249773,2.85305091300602,-0.158328802871965,0.00919961472298933,2000000
-1,1,0,16,1.75,"Above the bound",0.5,60,"5y","Nominal",2.12078253729021,2.12380695012818,-0.302441283797483,0.013663440798798,2000000
0,1,0,17,3,"Above the bound",0.5,60,"5y","Nominal",2.88289643678731,2.88440842524174,-0.151198845442613,0.00852118089968973,2000000
1,1,0,18,4.25,"Above the bound",0.5,60,"5y","Nominal",3.68319606454878,3.68387938533893,-0.0683320790147324,0.00506717471028816,2000000
-1,-1,1,19,1.25,"Above the bound",0.5,60,"5y","Nominal",1.00237110119672,1.00845247367678,-0.608137248005547,0.0250124358918692,2000000
0,-1,1,20,2.5,"Above the bound",0.5,60,"5y","Nominal",1.60009625532292,1.60452806422608,-0.44318089031552,0.020159781048372,2000000
1,-1,1,21,3.75,"Above the bound",0.5,60,"5y","Nominal",2.30278947549338,2.30554529044057,-0.275581494719157,0.0144493521804286,2000000
-1,0,1,22,2.25,"Above the bound",0.5,60,"5y","Nominal",1.62110733098509,1.62557344576799,-0.446611478289705,0.0195042169369402,2000000
0,0,1,23,3.5,"Above the bound",0.5,60,"5y","Nominal",2.32820276860186,2.33089376029733,-0.269099169546738,0.0136531013831876,2000000
1,0,1,24,4.75,"Above the bound",0.5,60,"5y","Nominal",3.09702824859941,3.09845985962508,-0.143161102567158,0.00885154575561337,2000000
-1,1,1,25,3.25,"Above the bound",0.5,60,"5y","Nominal",2.35551362180038,2.3581426421986,-0.2629020398218,0.0128984753174921,2000000
0,1,1,26,4.5,"Above the bound",0.5,60,"5y","Nominal",3.12819166170681,3.12953855499437,-0.134689328755666,0.00814167474671749,2000000
1,1,1,27,5.75,"Above the bound",0.5,60,"5y","Nominal",3.9316002916374,3.93222824416609,-0.062795252868586,0.00490700929958504,2000000
-1,-1,-1,1,-1.75,"Below the bound",0.5,60,"5y","Real",-0.255765628828403,-0.249373699486906,-0.639192934149738,0.0240712893953099,2000000
0,-1,-1,2,-0.5,"Below the bound",0.5,60,"5y","Real",0.198575425185187,0.203928907077921,-0.535348189273355,0.0210002282954344,2000000
1,-1,-1,3,0.75,"Near the bound",0.5,60,"5y","Real",0.822905281995085,0.826451996124249,-0.354671412916407,0.0152835070813614,2000000
-1,0,-1,4,-0.75,"Below the bound",0.5,60,"5y","Real",-0.62303598726427,-0.61772118061863,-0.53148066456401,0.0203820976820068,2000000
0,0,-1,5,0.5,"Near the bound",0.5,60,"5y","Real",-0.00779163355161718,-0.00432675686002924,-0.346487669158794,0.0146703296684177,2000000
1,0,-1,6,1.75,"Above the bound",0.5,60,"5y","Real",0.733413112710129,0.73527515705614,-0.186204434601056,0.00927891229983292,2000000
-1,1,-1,7,0.25,"Near the bound",0.5,60,"5y","Real",-0.835295418726421,-0.831899862091746,-0.339555663467495,0.0141098545342865,2000000
0,1,-1,8,1.5,"Above the bound",0.5,60,"5y","Real",-0.0954359164863851,-0.0936701926490145,-0.176572383737063,0.00868974532610757,2000000
1,1,-1,9,2.75,"Above the bound",0.5,60,"5y","Real",0.699614949620726,0.700425612855464,-0.0810663234737552,0.00504884749939817,2000000
-1,-1,0,10,-0.25,"Below the bound",0.5,60,"5y","Real",-0.285528815207245,-0.279306220841488,-0.622259436575723,0.02422286967104,2000000
0,-1,0,11,1,"Near the bound",0.5,60,"5y","Real",0.256208192785261,0.261107899863253,-0.489970707799187,0.0201605214106397,2000000
1,-1,0,12,2.25,"Above the bound",0.5,60,"5y","Real",0.937534632606551,0.940718314093348,-0.318368148679671,0.0144480514722548,2000000
-1,0,0,13,0.75,"Near the bound",0.5,60,"5y","Real",-0.57933236010249,-0.574477571087949,-0.485478901454162,0.0195935108980489,2000000
0,0,0,14,2,"Above the bound",0.5,60,"5y","Real",0.102961617882337,0.106028391349853,-0.306677346751556,0.0137426312172914,2000000
1,0,0,15,3.25,"Above the bound",0.5,60,"5y","Real",0.863894005463966,0.865568400448464,-0.167439498449817,0.0088077847426077,2000000
-1,1,0,16,1.75,"Above the bound",0.5,60,"5y","Real",-0.72943278407838,-0.726472247276509,-0.296053680187103,0.0130875284340036,2000000
0,1,0,17,3,"Above the bound",0.5,60,"5y","Real",0.0340534199424422,0.0356107143095308,-0.155729436708862,0.00815379862202887,2000000
1,1,0,18,4.25,"Above the bound",0.5,60,"5y","Real",0.835106272050134,0.835847299415502,-0.0741027365367963,0.00484190269720877,2000000
-1,-1,1,19,1.25,"Above the bound",0.5,60,"5y","Real",-0.242757234350542,-0.236831358082147,-0.592587626839527,0.0238413353445301,2000000
0,-1,1,20,2.5,"Above the bound",0.5,60,"5y","Real",0.357900609831875,0.362417720454778,-0.451711062290283,0.0193000951771713,2000000
1,-1,1,21,3.75,"Above the bound",0.5,60,"5y","Real",1.06279229314142,1.0657232321213,-0.293093897988261,0.013848046386028,2000000
-1,0,1,22,2.25,"Above the bound",0.5,60,"5y","Real",-0.482160544663799,-0.477720897444316,-0.443964721948337,0.0186749347314832,2000000
0,0,1,23,3.5,"Above the bound",0.5,60,"5y","Real",0.227054471664787,0.229846182098807,-0.279171043401999,0.0130815213252222,2000000
1,0,1,24,4.75,"Above the bound",0.5,60,"5y","Real",0.997233013406021,0.998783872487244,-0.155085908122321,0.00847602839966704,2000000
-1,1,1,25,3.25,"Above the bound",0.5,60,"5y","Real",-0.606816670868556,-0.604155427750019,-0.266124311853733,0.0123550713093634,2000000
0,1,1,26,4.5,"Above the bound",0.5,60,"5y","Real",0.167128831654572,0.168552794384688,-0.142396273011552,0.00779140341450202,2000000
1,1,1,27,5.75,"Above the bound",0.5,60,"5y","Real",0.971241223682094,0.971935452943085,-0.0694229260991053,0.00468963521318309,2000000
-1,-1,-1,1,-1.75,"Below the bound",0.5,120,"10y","Nominal",1.07212209657094,1.0851323475841,-1.3010251013162,0.0245566401304345,2000000
0,-1,-1,2,-0.5,"Below the bound",0.5,120,"10y","Nominal",1.41477182140199,1.42531225739102,-1.05404359890304,0.0216146846072158,2000000
1,-1,-1,3,0.75,"Near the bound",0.5,120,"10y","Nominal",1.8523310041399,1.86002533027942,-0.769432613952215,0.0178681914214188,2000000
-1,0,-1,4,-0.75,"Below the bound",0.5,120,"10y","Nominal",1.55021283476681,1.5603319557563,-1.01191209894878,0.0199669488732571,2000000
0,0,-1,5,0.5,"Near the bound",0.5,120,"10y","Nominal",1.99042729982206,1.99757119368499,-0.714389386292602,0.0161135917127924,2000000
1,0,-1,6,1.75,"Above the bound",0.5,120,"10y","Nominal",2.50152021216908,2.50624738775036,-0.472717558127878,0.0126339764409305,2000000
-1,1,-1,7,0.25,"Near the bound",0.5,120,"10y","Nominal",2.13610918717604,2.14268881360211,-0.657962642606691,0.0144243993072846,2000000
0,1,-1,8,1.5,"Above the bound",0.5,120,"10y","Nominal",2.65191339104534,2.65606566681775,-0.415227577240884,0.0109675635416238,2000000
1,1,-1,9,2.75,"Above the bound",0.5,120,"10y","Nominal",3.20089595578522,3.20347818252217,-0.258222673695174,0.00838914517424325,2000000
-1,-1,0,10,-0.25,"Below the bound",0.5,120,"10y","Nominal",1.11332501457231,1.12594396587923,-1.2618951306923,0.0244713324130958,2000000
0,-1,0,11,1,"Near the bound",0.5,120,"10y","Nominal",1.49971103353868,1.50971759661071,-1.00065630720281,0.0212944693903921,2000000
1,-1,0,12,2.25,"Above the bound",0.5,120,"10y","Nominal",1.96586044671559,1.97319522987824,-0.733478316265268,0.0176137613651292,2000000
-1,0,0,13,0.75,"Near the bound",0.5,120,"10y","Nominal",1.62819331148117,1.63775547754272,-0.956216606154925,0.0196397975097766,2000000
0,0,0,14,2,"Above the bound",0.5,120,"10y","Nominal",2.10202079685874,2.10876598769662,-0.674519083788105,0.0158205752250948,2000000
1,0,0,15,3.25,"Above the bound",0.5,120,"10y","Nominal",2.62305509917175,2.62760531720982,-0.455021803807387,0.0125040007163732,2000000
-1,1,0,16,1.75,"Above the bound",0.5,120,"10y","Nominal",2.24525823081635,2.25139792428085,-0.613969346450105,0.0140859328166589,2000000
0,1,0,17,3,"Above the bound",0.5,120,"10y","Nominal",2.77295520890951,2.77691082062838,-0.395561171886971,0.0108156034765593,2000000
1,1,0,18,4.25,"Above the bound",0.5,120,"10y","Nominal",3.32498137962087,3.32749753327915,-0.251615365828206,0.00833728418239165,2000000
-1,-1,1,19,1.25,"Above the bound",0.5,120,"10y","Nominal",1.19079205752231,1.20294155795986,-1.21495004375467,0.0242666806342494,2000000
0,-1,1,20,2.5,"Above the bound",0.5,120,"10y","Nominal",1.6067132607121,1.61630148335421,-0.958822264211134,0.0210011665919795,2000000
1,-1,1,21,3.75,"Above the bound",0.5,120,"10y","Nominal",2.08473206127832,2.09182141844377,-0.708935716544978,0.0174314238231593,2000000
-1,0,1,22,2.25,"Above the bound",0.5,120,"10y","Nominal",1.73293868121381,1.74204208878592,-0.910340757210526,0.0193137665225335,2000000
0,0,1,23,3.5,"Above the bound",0.5,120,"10y","Nominal",2.22031456547624,2.22679089646595,-0.647633098971268,0.0156141327277063,2000000
1,0,1,24,4.75,"Above the bound",0.5,120,"10y","Nominal",2.74603262297725,2.75046443748667,-0.443181450942465,0.0124105219097748,2000000
-1,1,1,25,3.25,"Above the bound",0.5,120,"10y","Nominal",2.36281677352677,2.36866214863355,-0.584537510677752,0.0138489991482477,2000000
0,1,1,26,4.5,"Above the bound",0.5,120,"10y","Nominal",2.89580545329361,2.8996337637337,-0.382831044009002,0.0107112316731579,2000000
1,1,1,27,5.75,"Above the bound",0.5,120,"10y","Nominal",3.44939332686433,3.45186344377741,-0.247011691308385,0.00829801460038446,2000000
-1,-1,-1,1,-1.75,"Below the bound",0.5,120,"10y","Real",-0.111467803822966,-0.0999224747126719,-1.15453291102937,0.022254993757792,2000000
0,-1,-1,2,-0.5,"Below the bound",0.5,120,"10y","Real",0.234331174415075,0.244116270608375,-0.978509619329984,0.0197766441163125,2000000
1,-1,-1,3,0.75,"Near the bound",0.5,120,"10y","Real",0.674579262287421,0.682121491994255,-0.754222970683383,0.0164082138720645,2000000
-1,0,-1,4,-0.75,"Below the bound",0.5,120,"10y","Real",-0.378207711279629,-0.369056792487765,-0.915091879186364,0.0182875690022087,2000000
0,0,-1,5,0.5,"Near the bound",0.5,120,"10y","Real",0.0644944111858676,0.0713038796048784,-0.680946841901078,0.0148069826288696,2000000
1,0,-1,6,1.75,"Above the bound",0.5,120,"10y","Real",0.577471048114827,0.582245211357535,-0.477416324270774,0.0116136185128545,2000000
-1,1,-1,7,0.25,"Near the bound",0.5,120,"10y","Real",-0.538191809925842,-0.532096631601925,-0.60951783239166,0.0132607880443684,2000000
0,1,-1,8,1.5,"Above the bound",0.5,120,"10y","Real",-0.0207065320825461,-0.0166273186670516,-0.40792134154945,0.0100776148533567,2000000
1,1,-1,9,2.75,"Above the bound",0.5,120,"10y","Real",0.529439004655549,0.532131006168509,-0.269200151295967,0.00770270047922851,2000000
-1,-1,0,10,-0.25,"Below the bound",0.5,120,"10y","Real",-0.126302864131806,-0.114930294226721,-1.13725699050849,0.022247590285827,2000000
0,-1,0,11,1,"Near the bound",0.5,120,"10y","Real",0.263211304331542,0.272676759130718,-0.946545479917632,0.0195038596674867,2000000
1,-1,0,12,2.25,"Above the bound",0.5,120,"10y","Real",0.731972662250235,0.739271738192896,-0.72990759426611,0.0161763372270012,2000000
-1,0,0,13,0.75,"Near the bound",0.5,120,"10y","Real",-0.356283012601825,-0.347467345636976,-0.88156669648487,0.0180132684732291,2000000
0,0,0,14,2,"Above the bound",0.5,120,"10y","Real",0.11995744170619,0.126496878723383,-0.653943701719345,0.0145380207073877,2000000
1,0,0,15,3.25,"Above the bound",0.5,120,"10y","Real",0.642808775014426,0.64745514705009,-0.464637203566443,0.0114946836118939,2000000
-1,1,0,16,1.75,"Above the bound",0.5,120,"10y","Real",-0.485167324662742,-0.479370069197325,-0.579725546541737,0.0129481226228371,2000000
0,1,0,17,3,"Above the bound",0.5,120,"10y","Real",0.0441406879405618,0.0480780036229032,-0.393731568234137,0.0099371495459602,2000000
1,1,0,18,4.25,"Above the bound",0.5,120,"10y","Real",0.597294201857878,0.599936817191107,-0.264261533322951,0.00765549081801317,2000000
-1,-1,1,19,1.25,"Above the bound",0.5,120,"10y","Real",-0.104870482316559,-0.093735697768306,-1.1134784548253,0.0220999116000895,2000000
0,-1,1,20,2.5,"Above the bound",0.5,120,"10y","Real",0.31412131092929,0.323320874101937,-0.919956317264653,0.0192411013834149,2000000
1,-1,1,21,3.75,"Above the bound",0.5,120,"10y","Real",0.794680260818458,0.801807045689994,-0.712678487153562,0.0160105474772834,2000000
-1,0,1,22,2.25,"Above the bound",0.5,120,"10y","Real",-0.307624172060347,-0.29910264740975,-0.852152465059702,0.0177198967107479,2000000
0,0,1,23,3.5,"Above the bound",0.5,120,"10y","Real",0.18209031233561,0.188440270937565,-0.634995860195489,0.0143488103136836,2000000
1,0,1,24,4.75,"Above the bound",0.5,120,"10y","Real",0.709575589560666,0.714134688503192,-0.45590989425256,0.0114095990235132,2000000
-1,1,1,25,3.25,"Above the bound",0.5,120,"10y","Real",-0.423766065916455,-0.418176523008934,-0.558954290752095,0.0127291436419293,2000000
0,1,1,26,4.5,"Above the bound",0.5,120,"10y","Real",0.110780971243966,0.114624264124966,-0.384329288099965,0.00984134611569214,2000000
1,1,1,27,5.75,"Above the bound",0.5,120,"10y","Real",0.665471231854841,0.668078974988092,-0.260774313325107,0.00761988714161431,2000000
-1,-1,-1,1,-1.75,"Below the bound",1.5,12,"1y","Nominal",0.193229058250585,0.194270278657107,-0.104122040652171,0.0614533670594195,200000
0,-1,-1,2,-0.5,"Below the bound",1.5,12,"1y","Nominal",0.575877756504965,0.576979934135735,-0.11021776307697,0.0734888385097725,200000
1,-1,-1,3,0.75,"Near the bound",1.5,12,"1y","Nominal",1.37427500671456,1.37473931373404,-0.0464307019483634,0.0444944992928604,200000
-1,0,-1,4,-0.75,"Below the bound",1.5,12,"1y","Nominal",0.499537594355884,0.500693292553982,-0.115569819809769,0.0741686377727023,200000
0,0,-1,5,0.5,"Near the bound",1.5,12,"1y","Nominal",1.22221751988709,1.22280105186491,-0.0583531977820906,0.0497411326314525,200000
1,0,-1,6,1.75,"Above the bound",1.5,12,"1y","Nominal",2.27137885368068,2.27136835772868,0.00104959519964254,0.0193090710812984,200000
-1,1,-1,7,0.25,"Near the bound",1.5,12,"1y","Nominal",1.07723527022957,1.07794905877177,-0.0713788542201055,0.0549707427498816,200000
0,1,-1,8,1.5,"Above the bound",1.5,12,"1y","Nominal",2.0990441410162,2.09908464224942,-0.00405012332231891,0.0225334905136442,200000
1,1,-1,9,2.75,"Above the bound",1.5,12,"1y","Nominal",3.22679460913616,3.22672886839023,0.00657407459341286,0.00677283377571972,200000
-1,-1,0,10,-0.25,"Below the bound",1.5,12,"1y","Nominal",0.425804678447584,0.426871752156329,-0.10670737087452,0.0760185676677487,200000
0,-1,0,11,1,"Near the bound",1.5,12,"1y","Nominal",1.17509325779161,1.17571525905287,-0.0622001261259664,0.0558844178875549,200000
1,-1,0,12,2.25,"Above the bound",1.5,12,"1y","Nominal",2.20631262037605,2.20642243245826,-0.0109812082209615,0.0246130749499595,200000
-1,0,0,13,0.75,"Near the bound",1.5,12,"1y","Nominal",1.03076245075646,1.03147995400543,-0.071750324896569,0.0608277343331266,200000
0,0,0,14,2,"Above the bound",1.5,12,"1y","Nominal",2.03570249755962,2.0358754637724,-0.0172966212776515,0.0281077143642396,200000
1,0,0,15,3.25,"Above the bound",1.5,12,"1y","Nominal",3.15366195407531,3.15359559489905,0.00663591762641857,0.00956649138044322,200000
-1,1,0,16,1.75,"Above the bound",1.5,12,"1y","Nominal",1.86724290068935,1.86748681389434,-0.0243913204988733,0.0319970913576989,200000
0,1,0,17,3,"Above the bound",1.5,12,"1y","Nominal",2.97663417920516,2.97656604228832,0.006813691683627,0.0111577764813576,200000
1,1,0,18,4.25,"Above the bound",1.5,12,"1y","Nominal",4.12119623943258,4.12116630112692,0.00299383056558966,0.00312809595386471,200000
-1,-1,1,19,1.25,"Above the bound",1.5,12,"1y","Nominal",1.00263072187334,1.00337977898145,-0.0749057108110573,0.065822833139944,200000
0,-1,1,20,2.5,"Above the bound",1.5,12,"1y","Nominal",1.97976088245078,1.98007679919591,-0.0315916745128986,0.0347748426244043,200000
1,-1,1,21,3.75,"Above the bound",1.5,12,"1y","Nominal",3.0828044489259,3.08277622412085,0.00282248050553768,0.0133656490799098,200000
-1,0,1,22,2.25,"Above the bound",1.5,12,"1y","Nominal",1.81412664539719,1.81451063772166,-0.0383992324472615,0.038810713307934,200000
0,0,1,23,3.5,"Above the bound",1.5,12,"1y","Nominal",2.90684062626702,2.90682949997769,0.00111262893343067,0.0153252069117273,200000
1,0,1,24,4.75,"Above the bound",1.5,12,"1y","Nominal",4.04630173793791,4.04626569624216,0.00360416957505549,0.00482979791046112,200000
-1,1,1,25,3.25,"Above the bound",1.5,12,"1y","Nominal",2.73160674592997,2.73162572132222,-0.00189753922521518,0.017553019339374,200000
0,1,1,26,4.5,"Above the bound",1.5,12,"1y","Nominal",3.86799935527104,3.86795404235109,0.00453129199504687,0.00563883230705515,200000
1,1,1,27,5.75,"Above the bound",1.5,12,"1y","Nominal",5.01746379586909,5.01744308537592,0.00207104931728708,0.00145739159725467,200000
-1,-1,-1,1,-1.75,"Below the bound",1.5,12,"1y","Real",0.36577160010345,0.366419381098677,-0.0647780995227387,0.0579902961692686,200000
0,-1,-1,2,-0.5,"Below the bound",1.5,12,"1y","Real",0.752029901688895,0.75284314493857,-0.0813243249675355,0.0711259076738346,200000
1,-1,-1,3,0.75,"Near the bound",1.5,12,"1y","Real",1.55356169526936,1.5540468688767,-0.0485173607344569,0.0431902714276805,200000
-1,0,-1,4,-0.75,"Below the bound",1.5,12,"1y","Real",-0.292908687619832,-0.29212526644713,-0.0783421172701915,0.0716348672547673,200000
0,0,-1,5,0.5,"Near the bound",1.5,12,"1y","Real",0.43308198872222,0.433629444834374,-0.0547456112153843,0.048295015956403,200000
1,0,-1,6,1.75,"Above the bound",1.5,12,"1y","Real",1.48393804004857,1.48398197983517,-0.00439397866023317,0.0186779304523785,200000
-1,1,-1,7,0.25,"Near the bound",1.5,12,"1y","Real",-0.680360001878506,-0.679755742304055,-0.0604259574450539,0.0533752111251691,200000
0,1,-1,8,1.5,"Above the bound",1.5,12,"1y","Real",0.343379461588156,0.343466308511631,-0.0086846923475381,0.0218116594184514,200000
1,1,-1,9,2.75,"Above the bound",1.5,12,"1y","Real",1.47173208170349,1.47168900875884,0.00430729446454503,0.00652092149637443,200000
-1,-1,0,10,-0.25,"Below the bound",1.5,12,"1y","Real",-0.610370721087943,-0.609383960695626,-0.0986760392317487,0.0733281233758764,200000
0,-1,0,11,1,"Near the bound",1.5,12,"1y","Real",0.142472302730019,0.143261145417278,-0.0788842687259372,0.0542849280741599,200000
1,-1,0,12,2.25,"Above the bound",1.5,12,"1y","Real",1.17575149684976,1.17598875721951,-0.0237260369747583,0.0238448472369343,200000
-1,0,0,13,0.75,"Near the bound",1.5,12,"1y","Real",-0.970358096039479,-0.969522093216936,-0.0836002822543258,0.0590822266394823,200000
0,0,0,14,2,"Above the bound",1.5,12,"1y","Real",0.0368778364211663,0.0371814253500338,-0.0303588928867449,0.0272437852300541,200000
1,0,0,15,3.25,"Above the bound",1.5,12,"1y","Real",1.15568575417429,1.15566729748574,0.00184566885468307,0.00922982745675824,200000
-1,1,0,16,1.75,"Above the bound",1.5,12,"1y","Real",-1.09987373644605,-1.09950141976362,-0.0372316682434537,0.0310284198169889,200000
0,1,0,17,3,"Above the bound",1.5,12,"1y","Real",0.0105134702853041,0.0104996969870268,0.00137732982773003,0.0107710182924329,200000
1,1,0,18,4.25,"Above the bound",1.5,12,"1y","Real",1.15532134266301,1.15530330870062,0.00180339623883086,0.00300492854438668,200000
-1,-1,1,19,1.25,"Above the bound",1.5,12,"1y","Real",-1.24214006999327,-1.24103556792312,-0.110450207014834,0.0639187063497474,200000
0,-1,1,20,2.5,"Above the bound",1.5,12,"1y","Real",-0.262357730219564,-0.261797213229056,-0.0560516990507853,0.033751450075489,200000
1,-1,1,21,3.75,"Above the bound",1.5,12,"1y","Real",0.841848506231167,0.84190998471963,-0.00614784884630515,0.0129224787932074,200000
-1,0,1,22,2.25,"Above the bound",1.5,12,"1y","Real",-1.39633144494022,-1.39569217994774,-0.0639264992480237,0.0376801163501544,200000
0,0,1,23,3.5,"Above the bound",1.5,12,"1y","Real",-0.3022874358323,-0.302196835177069,-0.00906006552314764,0.0148240836660603,200000
1,0,1,24,4.75,"Above the bound",1.5,12,"1y","Real",0.837570043085021,0.837558553976912,0.00114891081088864,0.00465083232703068,200000
-1,1,1,25,3.25,"Above the bound",1.5,12,"1y","Real",-1.44570886916309,-1.44557588499776,-0.0132984165327699,0.0169872048816997,200000
0,1,1,26,4.5,"Above the bound",1.5,12,"1y","Real",-0.30884330971764,-0.308859142822356,0.00158331047161453,0.00543242755951882,200000
1,1,1,27,5.75,"Above the bound",1.5,12,"1y","Real",0.84071843320149,0.840702835846878,0.00155973546117627,0.00139729401361481,200000
-1,-1,-1,1,-1.75,"Below the bound",1.5,24,"2y","Nominal",0.406062274770214,0.408449277096651,-0.238700232643679,0.0782909105124062,200000
0,-1,-1,2,-0.5,"Below the bound",1.5,24,"2y","Nominal",0.872674985679564,0.874854033110768,-0.217904743120367,0.074669415993386,200000
1,-1,-1,3,0.75,"Near the bound",1.5,24,"2y","Nominal",1.64165129446109,1.64281087853119,-0.115958407009598,0.0474843330557697,200000
-1,0,-1,4,-0.75,"Below the bound",1.5,24,"2y","Nominal",0.819767639129623,0.822080251777096,-0.231261264747318,0.075680995691905,200000
0,0,-1,5,0.5,"Near the bound",1.5,24,"2y","Nominal",1.54680263957291,1.54812162334185,-0.131898376894335,0.0501483637182831,200000
1,0,-1,6,1.75,"Above the bound",1.5,24,"2y","Nominal",2.50230568851982,2.50269790472514,-0.039221620532226,0.0239243356495141,200000
-1,1,-1,7,0.25,"Near the bound",1.5,24,"2y","Nominal",1.4557256720256,1.45722143994531,-0.149576791970651,0.0528551865866353,200000
0,1,-1,8,1.5,"Above the bound",1.5,24,"2y","Nominal",2.39514405744494,2.39561369774647,-0.046964030152985,0.0256212523360715,200000
1,1,-1,9,2.75,"Above the bound",1.5,24,"2y","Nominal",3.42180743798134,3.4218978145247,-0.00903765433633019,0.0101632245574883,200000
-1,-1,0,10,-0.25,"Below the bound",1.5,24,"2y","Nominal",0.583808515622715,0.58596036774263,-0.215185211991475,0.082418221795782,200000
0,-1,0,11,1,"Near the bound",1.5,24,"2y","Nominal",1.26150113015901,1.26300217687603,-0.15010467170169,0.0646314404657954,200000
1,-1,0,12,2.25,"Above the bound",1.5,24,"2y","Nominal",2.16745060473017,2.16811821208579,-0.0667607355624433,0.0364658295391495,200000
-1,0,0,13,0.75,"Near the bound",1.5,24,"2y","Nominal",1.1730909936306,1.17473389498974,-0.164290135913503,0.0670406185068957,200000
0,0,0,14,2,"Above the bound",1.5,24,"2y","Nominal",2.06239557779745,2.0631517150608,-0.0756137263347334,0.0383759440947202,200000
1,0,0,15,3.25,"Above the bound",1.5,24,"2y","Nominal",3.06383953040947,3.06404675474549,-0.0207224336016054,0.0177484828101035,200000
-1,1,0,16,1.75,"Above the bound",1.5,24,"2y","Nominal",1.95860240745041,1.95945678638566,-0.0854378935254418,0.0404547216246907,200000
0,1,0,17,3,"Above the bound",1.5,24,"2y","Nominal",2.95389909892664,2.95413049169519,-0.0231392768548666,0.0187302101136262,200000
1,1,0,18,4.25,"Above the bound",1.5,24,"2y","Nominal",3.99384676762665,3.9938982309056,-0.00514632789458958,0.00746369436307059,200000
-1,-1,1,19,1.25,"Above the bound",1.5,24,"2y","Nominal",0.942202263418076,0.943856769759827,-0.165450634175113,0.0777599225694642,200000
0,-1,1,20,2.5,"Above the bound",1.5,24,"2y","Nominal",1.76007303951397,1.76107444563035,-0.1001406116375,0.0533965874327573,200000
1,-1,1,21,3.75,"Above the bound",1.5,24,"2y","Nominal",2.71956630857409,2.71997620531851,-0.0409896744418159,0.0288076564729777,200000
-1,0,1,22,2.25,"Above the bound",1.5,24,"2y","Nominal",1.65967887339059,1.66078778226862,-0.110890887803161,0.0555112865827924,200000
0,0,1,23,3.5,"Above the bound",1.5,24,"2y","Nominal",2.61110651371729,2.61156058709361,-0.0454073376319641,0.0300866273855868,200000
1,0,1,24,4.75,"Above the bound",1.5,24,"2y","Nominal",3.63237100834272,3.63250913790126,-0.0138129558539202,0.0137450576661371,200000
-1,1,1,25,3.25,"Above the bound",1.5,24,"2y","Nominal",2.50315434712856,2.50366217784654,-0.0507830717984881,0.0314852967784312,200000
0,1,1,26,4.5,"Above the bound",1.5,24,"2y","Nominal",3.52148965170391,3.52163658870264,-0.0146936998733249,0.0143685706993327,200000
1,1,1,27,5.75,"Above the bound",1.5,24,"2y","Nominal",4.56742410765395,4.56744985925931,-0.0025751605356561,0.00570918181089657,200000
-1,-1,-1,1,-1.75,"Below the bound",1.5,24,"2y","Real",0.11355792546604,0.115112182379794,-0.155425691375408,0.0721973692144657,200000
0,-1,-1,2,-0.5,"Below the bound",1.5,24,"2y","Real",0.586264459036217,0.587935359740051,-0.167090070383413,0.0703975413252433,200000
1,-1,-1,3,0.75,"Near the bound",1.5,24,"2y","Real",1.36011614481302,1.36125718331409,-0.114103850107461,0.0449195809715287,200000
-1,0,-1,4,-0.75,"Below the bound",1.5,24,"2y","Real",-0.406901316943086,-0.405276849820611,-0.162446712247488,0.0712283903393333,200000
0,0,-1,5,0.5,"Near the bound",1.5,24,"2y","Real",0.32515680744114,0.326336521485876,-0.117971404473571,0.0474421595192375,200000
1,0,-1,6,1.75,"Above the bound",1.5,24,"2y","Real",1.28345355840173,1.28391464092678,-0.0461082525047063,0.0225401085456796,200000
-1,1,-1,7,0.25,"Near the bound",1.5,24,"2y","Real",-0.706054284519698,-0.704837980354619,-0.121630416507879,0.049999411074295,200000
0,1,-1,8,1.5,"Above the bound",1.5,24,"2y","Real",0.236337590244505,0.23683479353061,-0.049720328610528,0.0241476767588084,200000
1,1,-1,9,2.75,"Above the bound",1.5,24,"2y","Real",1.26417284810494,1.26430569933419,-0.0132851229252884,0.0095173726152144,200000
-1,-1,0,10,-0.25,"Below the bound",1.5,24,"2y","Real",-0.482927091396249,-0.48096998009878,-0.195711129746884,0.0771596438021357,200000
0,-1,0,11,1,"Near the bound",1.5,24,"2y","Real",0.200676234498349,0.20239593543872,-0.171970094037116,0.0611765497979836,200000
1,-1,0,12,2.25,"Above the bound",1.5,24,"2y","Real",1.11059795843148,1.11152943522132,-0.0931476789839847,0.0344763861070275,200000
-1,0,0,13,0.75,"Near the bound",1.5,24,"2y","Real",-0.827927029677176,-0.826199333609619,-0.172769606755696,0.0634340340219005,200000
0,0,0,14,2,"Above the bound",1.5,24,"2y","Real",0.0655327283620808,0.0665087234430313,-0.0975995080950462,0.0362838773767327,200000
1,0,0,15,3.25,"Above the bound",1.5,24,"2y","Real",1.06900974625765,1.06935070956884,-0.034096331118949,0.016702875525446,200000
-1,1,0,16,1.75,"Above the bound",1.5,24,"2y","Real",-0.978289381120805,-0.977269968924166,-0.101941219663937,0.0382527661866248,200000
0,1,0,17,3,"Above the bound",1.5,24,"2y","Real",0.0191693376549687,0.0195237651183435,-0.0354427463374822,0.0176270448519578,200000
1,1,0,18,4.25,"Above the bound",1.5,24,"2y","Real",1.05991194371582,1.06001186240229,-0.00999186864660828,0.00698433991530279,200000
-1,-1,1,19,1.25,"Above the bound",1.5,24,"2y","Real",-0.898712206141536,-0.896509363234936,-0.220284290660033,0.0733503550938655,200000
0,-1,1,20,2.5,"Above the bound",1.5,24,"2y","Real",-0.0756226193497368,-0.0740779408647113,-0.15446784850255,0.0505873114231132,200000
1,-1,1,21,3.75,"Above the bound",1.5,24,"2y","Real",0.887017382090872,0.887748710691168,-0.0731328600295789,0.0272288429152103,200000
-1,0,1,22,2.25,"Above the bound",1.5,24,"2y","Real",-1.11611035259077,-1.11451648070741,-0.159387188335658,0.0525829472279566,200000
0,0,1,23,3.5,"Above the bound",1.5,24,"2y","Real",-0.16138736916893,-0.160625728100032,-0.0761641068898505,0.028435661283632,200000
1,0,1,24,4.75,"Above the bound",1.5,24,"2y","Real",0.861385669849262,0.861655621800066,-0.0269951950803593,0.0129304020318642,200000
-1,1,1,25,3.25,"Above the bound",1.5,24,"2y","Real",-1.20929625611575,-1.2084989066078,-0.0797349507948075,0.0297563924337605,200000
0,1,1,26,4.5,"Above the bound",1.5,24,"2y","Real",-0.189367317677462,-0.189090803914168,-0.0276513763294406,0.0135150093785189,200000
1,1,1,27,5.75,"Above the bound",1.5,24,"2y","Real",0.85713039057017,0.857198472598818,-0.00680820286477202,0.00534149761279582,200000
-1,-1,-1,1,-1.75,"Below the bound",1.5,60,"5y","Nominal",0.765613507892919,0.771832282600571,-0.621877470765198,0.0800298050005887,200000
0,-1,-1,2,-0.5,"Below the bound",1.5,60,"5y","Nominal",1.2168653552924,1.2218830339434,-0.501767865100455,0.0692379671454015,200000
1,-1,-1,3,0.75,"Near the bound",1.5,60,"5y","Nominal",1.83870023770195,1.84183251756785,-0.313227986590214,0.0503202000738452,200000
-1,0,-1,4,-0.75,"Below the bound",1.5,60,"5y","Nominal",1.2563447563752,1.26149617961444,-0.515142323923534,0.0672252568841075,200000
0,0,-1,5,0.5,"Near the bound",1.5,60,"5y","Nominal",1.86917247392915,1.87236603459319,-0.319356066403809,0.0483099745562109,200000
1,0,-1,6,1.75,"Above the bound",1.5,60,"5y","Nominal",2.60879221328776,2.61037835194503,-0.158613865727153,0.0306460349450102,200000
-1,1,-1,7,0.25,"Near the bound",1.5,60,"5y","Nominal",1.90287038089119,1.90613185464868,-0.326147375749009,0.0464724413823424,200000
0,1,-1,8,1.5,"Above the bound",1.5,60,"5y","Nominal",2.64121801215897,2.64278516530875,-0.156715314978273,0.0287128256558107,200000
1,1,-1,9,2.75,"Above the bound",1.5,60,"5y","Nominal",3.43544484666556,3.43613135229335,-0.0686505627794709,0.0167463353438883,200000
-1,-1,0,10,-0.25,"Below the bound",1.5,60,"5y","Nominal",0.847728238601636,0.853506553466144,-0.57783148645083,0.0802331123667476,200000
0,-1,0,11,1,"Near the bound",1.5,60,"5y","Nominal",1.38641784293194,1.39075516774031,-0.433732480837246,0.0664072118932695,200000
1,-1,0,12,2.25,"Above the bound",1.5,60,"5y","Nominal",2.06540272906215,2.06805831582725,-0.265558676509681,0.047591217689858,200000
-1,0,0,13,0.75,"Near the bound",1.5,60,"5y","Nominal",1.41196119915852,1.41641148883151,-0.445028967299366,0.0645362649763029,200000
0,0,0,14,2,"Above the bound",1.5,60,"5y","Nominal",2.09198738944244,2.09464931686027,-0.266192741782811,0.0452839091876455,200000
1,0,0,15,3.25,"Above the bound",1.5,60,"5y","Nominal",2.8514676249773,2.85283597849681,-0.136835351950948,0.0291099706836756,200000
-1,1,0,16,1.75,"Above the bound",1.5,60,"5y","Nominal",2.12078253729021,2.12345255560908,-0.267001831887459,0.0431406890304289,200000
0,1,0,17,3,"Above the bound",1.5,60,"5y","Nominal",2.88289643678731,2.88421128949514,-0.131485270782594,0.0269694030117427,200000
1,1,0,18,4.25,"Above the bound",1.5,60,"5y","Nominal",3.68319606454878,3.68381282774333,-0.0616763194547509,0.0160639798838424,200000
-1,-1,1,19,1.25,"Above the bound",1.5,60,"5y","Nominal",1.00237110119672,1.00759005434092,-0.521895314419552,0.0788203234227624,200000
0,-1,1,20,2.5,"Above the bound",1.5,60,"5y","Nominal",1.60009625532292,1.60390680497801,-0.381054965508532,0.0635742612494549,200000
1,-1,1,21,3.75,"Above the bound",1.5,60,"5y","Nominal",2.30278947549338,2.30513980386789,-0.235032837451143,0.0456238968890026,200000
-1,0,1,22,2.25,"Above the bound",1.5,60,"5y","Nominal",1.62110733098509,1.62498931114243,-0.38819801573371,0.061512805454966,200000
0,0,1,23,3.5,"Above the bound",1.5,60,"5y","Nominal",2.32820276860186,2.33052512686028,-0.232235825841709,0.0431195931076421,200000
1,0,1,24,4.75,"Above the bound",1.5,60,"5y","Nominal",3.09702824859941,3.09826738526837,-0.123913666896147,0.0280159874073852,200000
-1,1,1,25,3.25,"Above the bound",1.5,60,"5y","Nominal",2.35551362180038,2.35780804976875,-0.229442796836787,0.0407474345436437,200000
0,1,1,26,4.5,"Above the bound",1.5,60,"5y","Nominal",3.12819166170681,3.12936521258302,-0.117355087620652,0.0257797452860801,200000
1,1,1,27,5.75,"Above the bound",1.5,60,"5y","Nominal",3.9316002916374,3.93216736436162,-0.0567072724216189,0.0155590220285764,200000
-1,-1,-1,1,-1.75,"Below the bound",1.5,60,"5y","Real",-0.0434973042901779,-0.0384421089054154,-0.505519538476246,0.0711250318211777,200000
0,-1,-1,2,-0.5,"Below the bound",1.5,60,"5y","Real",0.415008194718211,0.419461401581848,-0.445320686363682,0.0626147697236253,200000
1,-1,-1,3,0.75,"Near the bound",1.5,60,"5y","Real",1.04269014788634,1.04584815425771,-0.315800637136943,0.0457432639410394,200000
-1,0,-1,4,-0.75,"Below the bound",1.5,60,"5y","Real",-0.406237200004781,-0.401939620263943,-0.42975797408385,0.0607432669485371,200000
0,0,-1,5,0.5,"Near the bound",1.5,60,"5y","Real",0.21228695630585,0.215295740234566,-0.300878392871559,0.0438895629168477,200000
1,0,-1,6,1.75,"Above the bound",1.5,60,"5y","Real",0.955585806816744,0.957297298293317,-0.171149147657335,0.0278247770833584,200000
-1,1,-1,7,0.25,"Near the bound",1.5,60,"5y","Real",-0.614959585913035,-0.612090296248842,-0.286928966419253,0.0421958339738499,200000
0,1,-1,8,1.5,"Above the bound",1.5,60,"5y","Real",0.126931011653995,0.128514002698235,-0.158299104424051,0.0260342917830699,200000
1,1,-1,9,2.75,"Above the bound",1.5,60,"5y","Real",0.923037830550086,0.923823007679404,-0.0785177129318249,0.0151474462616142,200000
-1,-1,0,10,-0.25,"Below the bound",1.5,60,"5y","Real",-0.29715674075947,-0.291983778943749,-0.517296181572113,0.07183287613278,200000
0,-1,0,11,1,"Near the bound",1.5,60,"5y","Real",0.248678804839557,0.253026818416576,-0.434801357701914,0.060223359960155,200000
1,-1,0,12,2.25,"Above the bound",1.5,60,"5y","Real",0.933093372873126,0.93605694391556,-0.296357104243428,0.0432993675841507,200000
-1,0,0,13,0.75,"Near the bound",1.5,60,"5y","Real",-0.586481833700695,-0.582284284608391,-0.419754909230363,0.0585216839707956,200000
0,0,0,14,2,"Above the bound",1.5,60,"5y","Real",0.0988365911820963,0.101639889893492,-0.280329871139573,0.0411666503146285,200000
1,0,0,15,3.25,"Above the bound",1.5,60,"5y","Real",0.86163667915894,0.863231803363598,-0.159512420465757,0.0264513681459542,200000
-1,1,0,16,1.75,"Above the bound",1.5,60,"5y","Real",-0.733276817356981,-0.730625046486979,-0.265177087000246,0.0391867618636099,200000
0,1,0,17,3,"Above the bound",1.5,60,"5y","Real",0.0320014612692245,0.0334534721156403,-0.145201084641577,0.0244651732175669,200000
1,1,0,18,4.25,"Above the bound",1.5,60,"5y","Real",0.833992208320376,0.834735682591845,-0.0743474271469258,0.0145415518334342,200000
-1,-1,1,19,1.25,"Above the bound",1.5,60,"5y","Real",-0.47826843475572,-0.473046675295934,-0.522175945978637,0.0708847566093003,200000
0,-1,1,20,2.5,"Above the bound",1.5,60,"5y","Real",0.126288710719928,0.130467494321632,-0.417878360170393,0.0577290279829929,200000
1,-1,1,21,3.75,"Above the bound",1.5,60,"5y","Real",0.834024515145279,0.83682441731079,-0.279990216551107,0.0415484858496077,200000
-1,0,1,22,2.25,"Above the bound",1.5,60,"5y","Real",-0.713369812124376,-0.709340086957335,-0.40297251670407,0.0558547181942435,200000
0,0,1,23,3.5,"Above the bound",1.5,60,"5y","Real",-0.00138372683729535,0.00124273713441105,-0.26264639717064,0.0392310445495466,200000
1,0,1,24,4.75,"Above the bound",1.5,60,"5y","Real",0.77049782037099,0.772013126665093,-0.151530629410335,0.0254791409861777,200000
-1,1,1,25,3.25,"Above the bound",1.5,60,"5y","Real",-0.834958699604295,-0.832495071443691,-0.246362816060408,0.0370353704941113,200000
0,1,1,26,4.5,"Above the bound",1.5,60,"5y","Real",-0.059396546683596,-0.0580288508095317,-0.136769587406435,0.0234040746059721,200000
1,1,1,27,5.75,"Above the bound",1.5,60,"5y","Real",0.745573975287501,0.746281742812147,-0.0707767524646408,0.0140940028483354,200000
-1,-1,-1,1,-1.75,"Below the bound",1.5,120,"10y","Nominal",1.07212209657094,1.08490891272858,-1.27868161576421,0.0777133754989089,200000
0,-1,-1,2,-0.5,"Below the bound",1.5,120,"10y","Nominal",1.41477182140199,1.42515704987131,-1.03852284693204,0.0684128164262994,200000
1,-1,-1,3,0.75,"Near the bound",1.5,120,"10y","Nominal",1.8523310041399,1.85998038949753,-0.764938535763204,0.0565932492970283,200000
-1,0,-1,4,-0.75,"Below the bound",1.5,120,"10y","Nominal",1.55021283476681,1.56020183618984,-0.998900142302772,0.0631912499136586,200000
0,0,-1,5,0.5,"Near the bound",1.5,120,"10y","Nominal",1.99042729982206,1.99754975166534,-0.712245184327598,0.0510316451502924,200000
1,0,-1,6,1.75,"Above the bound",1.5,120,"10y","Nominal",2.50152021216908,2.50628633708761,-0.47661249185289,0.0400341165555553,200000
-1,1,-1,7,0.25,"Near the bound",1.5,120,"10y","Nominal",2.13610918717604,2.14268544780805,-0.6576260632007,0.0456759506325689,200000
0,1,-1,8,1.5,"Above the bound",1.5,120,"10y","Nominal",2.65191339104534,2.65611024346978,-0.41968524244389,0.0347429406383562,200000
1,1,-1,9,2.75,"Above the bound",1.5,120,"10y","Nominal",3.20089595578522,3.20354918890814,-0.265323312292187,0.0265524727770545,200000
-1,-1,0,10,-0.25,"Below the bound",1.5,120,"10y","Nominal",1.11332501457231,1.12571932871957,-1.23943141472629,0.0774368019809421,200000
0,-1,0,11,1,"Near the bound",1.5,120,"10y","Nominal",1.49971103353868,1.50958659319176,-0.987555965307818,0.067408308667892,200000
1,-1,0,12,2.25,"Above the bound",1.5,120,"10y","Nominal",1.96586044671559,1.97316148441238,-0.730103769679258,0.0557938611826251,200000
-1,0,0,13,0.75,"Near the bound",1.5,120,"10y","Nominal",1.62819331148117,1.63764851083789,-0.945519935671912,0.0621643730147474,200000
0,0,0,14,2,"Above the bound",1.5,120,"10y","Nominal",2.10202079685874,2.10875570356647,-0.673490670773091,0.0501119014136196,200000
1,0,0,15,3.25,"Above the bound",1.5,120,"10y","Nominal",2.62305509917175,2.62765535172704,-0.46002525552935,0.0396210333613388,200000
-1,1,0,16,1.75,"Above the bound",1.5,120,"10y","Nominal",2.24525823081635,2.25140512352931,-0.614689271296109,0.0446134400755358,200000
0,1,0,17,3,"Above the bound",1.5,120,"10y","Nominal",2.77295520890951,2.77696387273574,-0.400866382622977,0.034258987550153,200000
1,1,0,18,4.25,"Above the bound",1.5,120,"10y","Nominal",3.32498137962087,3.32757643085128,-0.259505123041226,0.0263874178786772,200000
-1,-1,1,19,1.25,"Above the bound",1.5,120,"10y","Nominal",1.19079205752231,1.20273191968473,-1.19398621624167,0.0767978339055597,200000
0,-1,1,20,2.5,"Above the bound",1.5,120,"10y","Nominal",1.6067132607121,1.61618640829948,-0.947314758738127,0.0664886399144146,200000
1,-1,1,21,3.75,"Above the bound",1.5,120,"10y","Nominal",2.08473206127832,2.09179862589091,-0.706656461259003,0.0552167939191765,200000
-1,0,1,22,2.25,"Above the bound",1.5,120,"10y","Nominal",1.73293868121381,1.7419564120325,-0.901773081868518,0.0611416846258658,200000
0,0,1,23,3.5,"Above the bound",1.5,120,"10y","Nominal",2.22031456547624,2.22679017095195,-0.647560547571269,0.049457596624175,200000
1,0,1,24,4.75,"Above the bound",1.5,120,"10y","Nominal",2.74603262297725,2.75052592945621,-0.449330647896451,0.0393251871743417,200000
-1,1,1,25,3.25,"Above the bound",1.5,120,"10y","Nominal",2.36281677352677,2.36867839736402,-0.586162383724753,0.0438625702908663,200000
0,1,1,26,4.5,"Above the bound",1.5,120,"10y","Nominal",2.89580545329361,2.89969879577098,-0.389334247737017,0.0339281562871339,200000
1,1,1,27,5.75,"Above the bound",1.5,120,"10y","Nominal",3.44939332686433,3.45194548894494,-0.255216208061393,0.0262634118462459,200000
-1,-1,-1,1,-1.75,"Below the bound",1.5,120,"10y","Real",-0.0106668003632283,0.000189529516873584,-1.08563298801018,0.0657591951452939,200000
0,-1,-1,2,-0.5,"Below the bound",1.5,120,"10y","Real",0.338195901836706,0.347549774391889,-0.935387255518288,0.0587891563279016,200000
1,-1,-1,3,0.75,"Near the bound",1.5,120,"10y","Real",0.780996659349718,0.788409962575865,-0.741330322614753,0.0489687065729109,200000
-1,0,-1,4,-0.75,"Below the bound",1.5,120,"10y","Real",-0.273356669424592,-0.264696257166504,-0.866041225808756,0.0543475152689921,200000
0,0,-1,5,0.5,"Near the bound",1.5,120,"10y","Real",0.171765277909175,0.178405081789354,-0.663980388017929,0.0441666846192408,200000
1,0,-1,6,1.75,"Above the bound",1.5,120,"10y","Real",0.686447617987695,0.691232841895219,-0.478522390752367,0.0347278353832024,200000
-1,1,-1,7,0.25,"Near the bound",1.5,120,"10y","Real",-0.430180322745513,-0.42429422094505,-0.588610180046317,0.0395195823040863,200000
0,1,-1,8,1.5,"Above the bound",1.5,120,"10y","Real",0.0888802019341947,0.0929429296862034,-0.406272775200865,0.030090078996497,200000
1,1,-1,9,2.75,"Above the bound",1.5,120,"10y","Real",0.640001673019834,0.642756617353437,-0.275494433360313,0.0230105889466574,200000
-1,-1,0,10,-0.25,"Below the bound",1.5,120,"10y","Real",-0.137650347533422,-0.126833168577463,-1.08171789559586,0.0658538929732045,200000
0,-1,0,11,1,"Near the bound",1.5,120,"10y","Real",0.254894434392612,0.26409497556181,-0.920054116919783,0.0580429531671821,200000
1,-1,0,12,2.25,"Above the bound",1.5,120,"10y","Real",0.726076283450454,0.733329602747573,-0.725331929711881,0.0483095746538069,200000
-1,0,0,13,0.75,"Near the bound",1.5,120,"10y","Real",-0.363606731420279,-0.355110460332252,-0.849627108802692,0.053604994218978,200000
0,0,0,14,2,"Above the bound",1.5,120,"10y","Real",0.114925664531964,0.121389921797539,-0.646425726557487,0.0433971498272419,200000
1,0,0,15,3.25,"Above the bound",1.5,120,"10y","Real",0.6393692922643,0.644063380838354,-0.46940885740544,0.0343864991280974,200000
-1,1,0,16,1.75,"Above the bound",1.5,120,"10y","Real",-0.489446729249366,-0.483752508238764,-0.569422101060252,0.0386186227885919,200000
0,1,0,17,3,"Above the bound",1.5,120,"10y","Real",0.0413168207741776,0.0452770382865075,-0.396021751232985,0.0296825694087112,200000
1,1,0,18,4.25,"Above the bound",1.5,120,"10y","Real",0.595387065698896,0.598107496638018,-0.272043093912189,0.0228754572582311,200000
-1,-1,1,19,1.25,"Above the bound",1.5,120,"10y","Real",-0.228359965368826,-0.217618410722748,-1.07415546460777,0.065505755460783,200000
0,-1,1,20,2.5,"Above the bound",1.5,120,"10y","Real",0.193562666209665,0.202601848319944,-0.903918211027901,0.0573033407527458,200000
1,-1,1,21,3.75,"Above the bound",1.5,120,"10y","Real",0.676419909174872,0.683546343415634,-0.712643424076165,0.047836248669328,200000
-1,0,1,22,2.25,"Above the bound",1.5,120,"10y","Real",-0.427178418687042,-0.418855504323029,-0.832291436401317,0.0527748683901204,200000
0,0,1,23,3.5,"Above the bound",1.5,120,"10y","Real",0.0647011129668836,0.0710256160424631,-0.632450307557954,0.0428525149541089,200000
1,0,1,24,4.75,"Above the bound",1.5,120,"10y","Real",0.593696130385782,0.598326196911,-0.463006652521825,0.0341439605330579,200000
-1,1,1,25,3.25,"Above the bound",1.5,120,"10y","Real",-0.54039542761876,-0.534853069016168,-0.554235860259233,0.0379837161605752,200000
0,1,1,26,4.5,"Above the bound",1.5,120,"10y","Real",-0.00448076413415991,-0.000588719554750009,-0.38920445794099,0.0294075250570298,200000
1,1,1,27,5.75,"Above the bound",1.5,120,"10y","Real",0.55108617066918,0.553778195979374,-0.26920253101943,0.0227740008602499,200000
