"real_level","target_level","cycle_level","state_id","shadow_rate","region","eta","maturity_months","maturity","security","approximation","monte_carlo","error_bp","mc_se_bp","npaths","wu_xia_yield","wu_xia_error_bp","implementation_difference_bp"
-1,-1,-1,1,-1.75,"Below the bound",0.5,12,"1y","Nominal",0.193229058250585,0.19431101844378,-0.10819601931947,0.0195494225996264,2000000,0.193229058250585,-0.10819601931947,0
0,-1,-1,2,-0.5,"Below the bound",0.5,12,"1y","Nominal",0.575877756504965,0.577086592906571,-0.120883640160574,0.0233729108492065,2000000,0.575877756504965,-0.120883640160574,0
1,-1,-1,3,0.75,"Near the bound",0.5,12,"1y","Nominal",1.37427500671456,1.37488811669829,-0.0613109983733651,0.0142049405686863,2000000,1.37427500671456,-0.0613109983733651,0
-1,0,-1,4,-0.75,"Below the bound",0.5,12,"1y","Nominal",0.499537594355884,0.500796597720846,-0.125900336496165,0.023585632510826,2000000,0.499537594355884,-0.125900336496165,0
0,0,-1,5,0.5,"Near the bound",0.5,12,"1y","Nominal",1.22221751988709,1.22293590647759,-0.0718386590500941,0.0158640292026674,2000000,1.22221751988709,-0.0718386590500941,0
1,0,-1,6,1.75,"Above the bound",0.5,12,"1y","Nominal",2.27137885368068,2.27158869879565,-0.0209845114973906,0.00625078938997271,2000000,2.27137885368068,-0.0209845114973906,0
-1,1,-1,7,0.25,"Near the bound",0.5,12,"1y","Nominal",1.07723527022957,1.07806936139169,-0.0834091162121187,0.0175193980876103,2000000,1.07723527022957,-0.0834091162121187,0
0,1,-1,8,1.5,"Above the bound",0.5,12,"1y","Nominal",2.0990441410162,2.09930935806052,-0.0265217044323585,0.00727223231674647,2000000,2.0990441410162,-0.0265217044323585,0
1,1,-1,9,2.75,"Above the bound",0.5,12,"1y","Nominal",3.22679460913616,3.226839392612,-0.00447834758356969,0.00223046401129474,2000000,3.22679460913616,-0.00447834758356969,0
-1,-1,0,10,-0.25,"Below the bound",0.5,12,"1y","Nominal",0.425804678447584,0.426949723819084,-0.114504537150023,0.0241724687564307,2000000,0.425804678447584,-0.114504537150023,0
0,-1,0,11,1,"Near the bound",0.5,12,"1y","Nominal",1.17509325779161,1.17579846360341,-0.0705205811799559,0.0177948840850144,2000000,1.17509325779161,-0.0705205811799559,0
1,-1,0,12,2.25,"Above the bound",0.5,12,"1y","Nominal",2.20631262037605,2.20657944144903,-0.0266821072979262,0.00792071660935364,2000000,2.20631262037605,-0.0266821072979262,0
-1,0,0,13,0.75,"Near the bound",0.5,12,"1y","Nominal",1.03076245075646,1.03156887196692,-0.080642121045571,0.0193601655544885,2000000,1.03076245075646,-0.080642121045571,0
0,0,0,14,2,"Above the bound",0.5,12,"1y","Nominal",2.03570249755962,2.03602061623945,-0.0318118679826451,0.00902492603028523,2000000,2.03570249755962,-0.0318118679826451,0
1,0,0,15,3.25,"Above the bound",0.5,12,"1y","Nominal",3.15366195407531,3.15373369194738,-0.00717378720658246,0.00312678318791117,2000000,3.15366195407531,-0.00717378720658246,0
-1,1,0,16,1.75,"Above the bound",0.5,12,"1y","Nominal",1.86724290068935,1.86761936194268,-0.0376461253328797,0.0102533509087276,2000000,1.86724290068935,-0.0376461253328797,0
0,1,0,17,3,"Above the bound",0.5,12,"1y","Nominal",2.97663417920516,2.97672664863062,-0.00924694254638148,0.00364162570072492,2000000,2.97663417920516,-0.00924694254638148,0
1,1,0,18,4.25,"Above the bound",0.5,12,"1y","Nominal",4.12119623943258,4.1212094238514,-0.00131844188233643,0.00105008270364853,2000000,4.12119623943258,-0.00131844188233643,0
-1,-1,1,19,1.25,"Above the bound",0.5,12,"1y","Nominal",1.00263072187334,1.00342801628287,-0.0797294409530469,0.0209368573580393,2000000,1.00263072187334,-0.0797294409530469,0
0,-1,1,20,2.5,"Above the bound",0.5,12,"1y","Nominal",1.97976088245078,1.98012854851866,-0.0367666067878858,0.0111215361765624,2000000,1.97976088245078,-0.0367666067878858,0
1,-1,1,21,3.75,"Above the bound",0.5,12,"1y","Nominal",3.0828044489259,3.0829139234092,-0.0109474483294569,0.00433517993020483,2000000,3.0828044489259,-0.0109474483294569,0
-1,0,1,22,2.25,"Above the bound",0.5,12,"1y","Nominal",1.81412664539719,1.81454436632085,-0.0417720923662657,0.0123962849554225,2000000,1.81412664539719,-0.0417720923662657,0
0,0,1,23,3.5,"Above the bound",0.5,12,"1y","Nominal",2.90684062626702,2.90697462125087,-0.0133994983845476,0.00496455108291693,2000000,2.90684062626702,-0.0133994983845476,0
1,0,1,24,4.75,"Above the bound",0.5,12,"1y","Nominal",4.04630173793791,4.04632534822258,-0.00236102846695729,0.00159381053730903,2000000,4.04630173793791,-0.00236102846695729,0
-1,1,1,25,3.25,"Above the bound",0.5,12,"1y","Nominal",2.73160674592997,2.73176955263957,-0.0162806709602226,0.00567638579618184,2000000,2.73160674592997,-0.0162806709602226,0
0,1,1,26,4.5,"Above the bound",0.5,12,"1y","Nominal",3.86799935527104,3.86803008046891,-0.00307251978695078,0.00185634383093974,2000000,3.86799935527104,-0.00307251978695078,0
1,1,1,27,5.75,"Above the bound",0.5,12,"1y","Nominal",5.01746379586909,5.01746778728898,-0.000399141988705054,0.00050878822960661,2000000,5.01746379586909,-0.000399141988705054,0
-1,-1,-1,1,-1.75,"Below the bound",0.5,24,"2y","Nominal",0.406062274770214,0.408850381481883,-0.278810671166879,0.0248674747115334,2000000,0.406062274770214,-0.278810671166879,0
0,-1,-1,2,-0.5,"Below the bound",0.5,24,"2y","Nominal",0.872674985679564,0.875166969484925,-0.249198380536064,0.0237426007881179,2000000,0.872674985679564,-0.249198380536064,0
1,-1,-1,3,0.75,"Near the bound",0.5,24,"2y","Nominal",1.64165129446109,1.64294677635514,-0.129548189404605,0.0151093750566359,2000000,1.64165129446109,-0.129548189404605,0
-1,0,-1,4,-0.75,"Below the bound",0.5,24,"2y","Nominal",0.819767639129623,0.822404775162761,-0.26371360331382,0.0240611178909255,2000000,0.819767639129623,-0.26371360331382,0
0,0,-1,5,0.5,"Near the bound",0.5,24,"2y","Nominal",1.54680263957291,1.54825818045967,-0.145554088676336,0.0159581074336804,2000000,1.54680263957291,-0.145554088676336,0
1,0,-1,6,1.75,"Above the bound",0.5,24,"2y","Nominal",2.50230568851982,2.50279978061678,-0.0494092096962273,0.00763436762993305,2000000,2.50230568851982,-0.0494092096962273,0
-1,1,-1,7,0.25,"Near the bound",0.5,24,"2y","Nominal",1.4557256720256,1.45735706642725,-0.163139440164639,0.0168212860809094,2000000,1.4557256720256,-0.163139440164639,0
0,1,-1,8,1.5,"Above the bound",0.5,24,"2y","Nominal",2.39514405744494,2.39571827346901,-0.057421602407004,0.0081762223254187,2000000,2.39514405744494,-0.057421602407004,0
1,1,-1,9,2.75,"Above the bound",0.5,24,"2y","Nominal",3.42180743798134,3.42193667261166,-0.0129234630322994,0.00326032973870035,2000000,3.42180743798134,-0.0129234630322994,0
-1,-1,0,10,-0.25,"Below the bound",0.5,24,"2y","Nominal",0.583808515622715,0.586377684829125,-0.25691692064097,0.0261977740817467,2000000,0.583808515622715,-0.25691692064097,0
0,-1,0,11,1,"Near the bound",0.5,24,"2y","Nominal",1.26150113015901,1.26321596704636,-0.171483688734697,0.0205446711871797,2000000,1.26150113015901,-0.171483688734697,0
1,-1,0,12,2.25,"Above the bound",0.5,24,"2y","Nominal",2.16745060473017,2.16821114604762,-0.0760541317454511,0.0115962600567551,2000000,2.16745060473017,-0.0760541317454511,0
-1,0,0,13,0.75,"Near the bound",0.5,24,"2y","Nominal",1.1730909936306,1.17496765666599,-0.187666303538503,0.0213125624552058,2000000,1.1730909936306,-0.187666303538503,0
0,0,0,14,2,"Above the bound",0.5,24,"2y","Nominal",2.06239557779745,2.06324705171524,-0.0851473917787615,0.0122050927354691,2000000,2.06239557779745,-0.0851473917787615,0
1,0,0,15,3.25,"Above the bound",0.5,24,"2y","Nominal",3.06383953040947,3.06410374039924,-0.0264209989766062,0.00565058110967698,2000000,3.06383953040947,-0.0264209989766062,0
-1,1,0,16,1.75,"Above the bound",0.5,24,"2y","Nominal",1.95860240745041,1.95955598428242,-0.0953576832014358,0.0128679172342753,2000000,1.95860240745041,-0.0953576832014358,0
0,1,0,17,3,"Above the bound",0.5,24,"2y","Nominal",2.95389909892664,2.95420088789645,-0.0301788969808481,0.00596837111141759,2000000,2.95389909892664,-0.0301788969808481,0
1,1,0,18,4.25,"Above the bound",0.5,24,"2y","Nominal",3.99384676762665,3.99391054483566,-0.00637772090059663,0.00239710889591137,2000000,3.99384676762665,-0.00637772090059663,0
-1,-1,1,19,1.25,"Above the bound",0.5,24,"2y","Nominal",0.942202263418076,0.944220738542229,-0.20184751241531,0.0247074079484673,2000000,0.942202263418076,-0.20184751241531,0
0,-1,1,20,2.5,"Above the bound",0.5,24,"2y","Nominal",1.76007303951397,1.76121896495531,-0.114592544133507,0.0169584630473019,2000000,1.76007303951397,-0.114592544133507,0
1,-1,1,21,3.75,"Above the bound",0.5,24,"2y","Nominal",2.71956630857409,2.72003103891405,-0.0464730339957864,0.00914930386622809,2000000,2.71956630857409,-0.0464730339957864,0
-1,0,1,22,2.25,"Above the bound",0.5,24,"2y","Nominal",1.65967887339059,1.66092922813796,-0.125035474737167,0.0176327043013856,2000000,1.65967887339059,-0.125035474737167,0
0,0,1,23,3.5,"Above the bound",0.5,24,"2y","Nominal",2.61110651371729,2.6116235130911,-0.0516999373809668,0.00956017188977396,2000000,2.61110651371729,-0.0516999373809668,0
1,0,1,24,4.75,"Above the bound",0.5,24,"2y","Nominal",3.63237100834272,3.63252346275372,-0.0152454410999425,0.00437049364709838,2000000,3.63237100834272,-0.0152454410999425,0
-1,1,1,25,3.25,"Above the bound",0.5,24,"2y","Nominal",2.50315434712856,2.5037305323554,-0.0576185226845105,0.0100084110224635,2000000,2.50315434712856,-0.0576185226845105,0
0,1,1,26,4.5,"Above the bound",0.5,24,"2y","Nominal",3.52148965170391,3.52166072286653,-0.0171071162623271,0.00456971404515807,2000000,3.52148965170391,-0.0171071162623271,0
1,1,1,27,5.75,"Above the bound",0.5,24,"2y","Nominal",4.56742410765395,4.56745955015889,-0.00354425049371443,0.00184209150903149,2000000,4.56742410765395,-0.00354425049362561,-8.88178419700125e-14
-1,-1,-1,1,-1.75,"Below the bound",0.5,60,"5y","Nominal",0.765613507892919,0.7727268936516,-0.711338575868092,0.0253947813119337,2000000,0.765613507892919,-0.711338575868092,0
0,-1,-1,2,-0.5,"Below the bound",0.5,60,"5y","Nominal",1.2168653552924,1.22258841118438,-0.572305589198474,0.0219711741282689,2000000,1.2168653552924,-0.572305589198474,0
1,-1,-1,3,0.75,"Near the bound",0.5,60,"5y","Nominal",1.83870023770195,1.84228576963176,-0.358553192981215,0.0159527908331393,2000000,1.83870023770195,-0.358553192981215,0
-1,0,-1,4,-0.75,"Below the bound",0.5,60,"5y","Nominal",1.2563447563752,1.26217208824651,-0.582733187130535,0.0213299825762105,2000000,1.2563447563752,-0.582733187130535,0
0,0,-1,5,0.5,"Near the bound",0.5,60,"5y","Nominal",1.86917247392915,1.87277981297146,-0.360733904230792,0.0153138709002562,2000000,1.86917247392915,-0.360733904230792,0
1,0,-1,6,1.75,"Above the bound",0.5,60,"5y","Nominal",2.60879221328776,2.61061595315767,-0.182373986991147,0.00969237061570338,2000000,2.60879221328776,-0.182373986991147,0
-1,1,-1,7,0.25,"Near the bound",0.5,60,"5y","Nominal",1.90287038089119,1.90650938946499,-0.363900857380006,0.0147296138397848,2000000,1.90287038089119,-0.363900857380006,0
0,1,-1,8,1.5,"Above the bound",0.5,60,"5y","Nominal",2.64121801215897,2.64300009136459,-0.178207920562246,0.00908017055450722,2000000,2.64121801215897,-0.178207920562246,0
1,1,-1,9,2.75,"Above the bound",0.5,60,"5y","Nominal",3.43544484666556,3.43621341255706,-0.0768565891504647,0.00528434356335458,2000000,3.43544484666556,-0.0768565891504647,0
-1,-1,0,10,-0.25,"Below the bound",0.5,60,"5y","Nominal",0.847728238601636,0.854400395651692,-0.66721570500563,0.0254644528089621,2000000,0.847728238601636,-0.66721570500563,0
0,-1,0,11,1,"Near the bound",0.5,60,"5y","Nominal",1.38641784293194,1.3914115371267,-0.499369419476237,0.0210675429162237,2000000,1.38641784293194,-0.499369419476237,0
1,-1,0,12,2.25,"Above the bound",0.5,60,"5y","Nominal",2.06540272906215,2.06848656720138,-0.308383813922708,0.0150786429033666,2000000,2.06540272906215,-0.308383813922708,0
-1,0,0,13,0.75,"Near the bound",0.5,60,"5y","Nominal",1.41196119915852,1.41704104436044,-0.507984520192362,0.0204727417174625,2000000,1.41196119915852,-0.507984520192362,0
0,0,0,14,2,"Above the bound",0.5,60,"5y","Nominal",2.09198738944244,2.09503836783925,-0.305097839680801,0.014345039659856,2000000,2.09198738944244,-0.305097839680801,0
1,0,0,15,3.25,"Above the bound",0.5,60,"5y","Nominal",2.8514676249773,2.85305091300602,-0.158328802871965,0.00919961472298933,2000000,2.8514676249773,-0.158328802871965,0
-1,1,0,16,1.75,"Above the bound",0.5,60,"5y","Nominal",2.12078253729021,2.12380695012818,-0.302441283797483,0.013663440798798,2000000,2.12078253729021,-0.302441283797483,0
0,1,0,17,3,"Above the bound",0.5,60,"5y","Nominal",2.88289643678731,2.88440842524174,-0.151198845442613,0.00852118089968973,2000000,2.88289643678731,-0.151198845442613,0
1,1,0,18,4.25,"Above the bound",0.5,60,"5y","Nominal",3.68319606454878,3.68387938533893,-0.0683320790147324,0.00506717471028816,2000000,3.68319606454878,-0.0683320790147324,0
-1,-1,1,19,1.25,"Above the bound",0.5,60,"5y","Nominal",1.00237110119672,1.00845247367678,-0.608137248005547,0.0250124358918692,2000000,1.00237110119672,-0.608137248005547,0
0,-1,1,20,2.5,"Above the bound",0.5,60,"5y","Nominal",1.60009625532292,1.60452806422608,-0.44318089031552,0.020159781048372,2000000,1.60009625532292,-0.44318089031552,0
1,-1,1,21,3.75,"Above the bound",0.5,60,"5y","Nominal",2.30278947549338,2.30554529044057,-0.275581494719157,0.0144493521804286,2000000,2.30278947549338,-0.275581494719157,0
-1,0,1,22,2.25,"Above the bound",0.5,60,"5y","Nominal",1.62110733098509,1.62557344576799,-0.446611478289705,0.0195042169369402,2000000,1.62110733098509,-0.446611478289705,0
0,0,1,23,3.5,"Above the bound",0.5,60,"5y","Nominal",2.32820276860186,2.33089376029733,-0.269099169546738,0.0136531013831876,2000000,2.32820276860186,-0.269099169546738,0
1,0,1,24,4.75,"Above the bound",0.5,60,"5y","Nominal",3.09702824859941,3.09845985962508,-0.143161102567158,0.00885154575561337,2000000,3.09702824859941,-0.143161102567158,0
-1,1,1,25,3.25,"Above the bound",0.5,60,"5y","Nominal",2.35551362180038,2.3581426421986,-0.2629020398218,0.0128984753174921,2000000,2.35551362180038,-0.2629020398218,0
0,1,1,26,4.5,"Above the bound",0.5,60,"5y","Nominal",3.12819166170681,3.12953855499437,-0.134689328755666,0.00814167474671749,2000000,3.12819166170681,-0.134689328755666,0
1,1,1,27,5.75,"Above the bound",0.5,60,"5y","Nominal",3.9316002916374,3.93222824416609,-0.062795252868586,0.00490700929958504,2000000,3.9316002916374,-0.0627952528685416,-4.44089209850063e-14
-1,-1,-1,1,-1.75,"Below the bound",0.5,120,"10y","Nominal",1.07212209657094,1.0851323475841,-1.3010251013162,0.0245566401304345,2000000,1.07212209657094,-1.3010251013162,0
0,-1,-1,2,-0.5,"Below the bound",0.5,120,"10y","Nominal",1.41477182140199,1.42531225739102,-1.05404359890304,0.0216146846072158,2000000,1.41477182140199,-1.05404359890304,0
1,-1,-1,3,0.75,"Near the bound",0.5,120,"10y","Nominal",1.8523310041399,1.86002533027942,-0.769432613952215,0.0178681914214188,2000000,1.8523310041399,-0.769432613952215,0
-1,0,-1,4,-0.75,"Below the bound",0.5,120,"10y","Nominal",1.55021283476681,1.5603319557563,-1.01191209894878,0.0199669488732571,2000000,1.55021283476681,-1.01191209894878,0
0,0,-1,5,0.5,"Near the bound",0.5,120,"10y","Nominal",1.99042729982206,1.99757119368499,-0.714389386292602,0.0161135917127924,2000000,1.99042729982206,-0.714389386292602,0
1,0,-1,6,1.75,"Above the bound",0.5,120,"10y","Nominal",2.50152021216908,2.50624738775036,-0.472717558127878,0.0126339764409305,2000000,2.50152021216908,-0.472717558127878,0
-1,1,-1,7,0.25,"Near the bound",0.5,120,"10y","Nominal",2.13610918717604,2.14268881360211,-0.657962642606691,0.0144243993072846,2000000,2.13610918717604,-0.657962642606691,0
0,1,-1,8,1.5,"Above the bound",0.5,120,"10y","Nominal",2.65191339104534,2.65606566681775,-0.415227577240884,0.0109675635416238,2000000,2.65191339104534,-0.415227577240884,0
1,1,-1,9,2.75,"Above the bound",0.5,120,"10y","Nominal",3.20089595578522,3.20347818252217,-0.258222673695174,0.00838914517424325,2000000,3.20089595578522,-0.258222673695174,0
-1,-1,0,10,-0.25,"Below the bound",0.5,120,"10y","Nominal",1.11332501457231,1.12594396587923,-1.2618951306923,0.0244713324130958,2000000,1.11332501457231,-1.2618951306923,0
0,-1,0,11,1,"Near the bound",0.5,120,"10y","Nominal",1.49971103353868,1.50971759661071,-1.00065630720281,0.0212944693903921,2000000,1.49971103353868,-1.00065630720281,0
1,-1,0,12,2.25,"Above the bound",0.5,120,"10y","Nominal",1.96586044671559,1.97319522987824,-0.733478316265268,0.0176137613651292,2000000,1.96586044671559,-0.733478316265268,0
-1,0,0,13,0.75,"Near the bound",0.5,120,"10y","Nominal",1.62819331148117,1.63775547754272,-0.956216606154925,0.0196397975097766,2000000,1.62819331148117,-0.956216606154925,0
0,0,0,14,2,"Above the bound",0.5,120,"10y","Nominal",2.10202079685874,2.10876598769662,-0.674519083788105,0.0158205752250948,2000000,2.10202079685874,-0.674519083788105,0
1,0,0,15,3.25,"Above the bound",0.5,120,"10y","Nominal",2.62305509917175,2.62760531720982,-0.455021803807387,0.0125040007163732,2000000,2.62305509917175,-0.455021803807387,0
-1,1,0,16,1.75,"Above the bound",0.5,120,"10y","Nominal",2.24525823081635,2.25139792428085,-0.613969346450105,0.0140859328166589,2000000,2.24525823081635,-0.613969346450105,0
0,1,0,17,3,"Above the bound",0.5,120,"10y","Nominal",2.77295520890951,2.77691082062838,-0.395561171886971,0.0108156034765593,2000000,2.77295520890951,-0.395561171886971,0
1,1,0,18,4.25,"Above the bound",0.5,120,"10y","Nominal",3.32498137962087,3.32749753327915,-0.251615365828206,0.00833728418239165,2000000,3.32498137962087,-0.251615365828206,0
-1,-1,1,19,1.25,"Above the bound",0.5,120,"10y","Nominal",1.19079205752231,1.20294155795986,-1.21495004375467,0.0242666806342494,2000000,1.19079205752231,-1.21495004375467,0
0,-1,1,20,2.5,"Above the bound",0.5,120,"10y","Nominal",1.6067132607121,1.61630148335421,-0.958822264211134,0.0210011665919795,2000000,1.6067132607121,-0.958822264211134,0
1,-1,1,21,3.75,"Above the bound",0.5,120,"10y","Nominal",2.08473206127832,2.09182141844377,-0.708935716544978,0.0174314238231593,2000000,2.08473206127832,-0.708935716544978,0
-1,0,1,22,2.25,"Above the bound",0.5,120,"10y","Nominal",1.73293868121381,1.74204208878592,-0.910340757210526,0.0193137665225335,2000000,1.73293868121381,-0.910340757210526,0
0,0,1,23,3.5,"Above the bound",0.5,120,"10y","Nominal",2.22031456547624,2.22679089646595,-0.647633098971268,0.0156141327277063,2000000,2.22031456547624,-0.647633098971268,0
1,0,1,24,4.75,"Above the bound",0.5,120,"10y","Nominal",2.74603262297725,2.75046443748667,-0.443181450942465,0.0124105219097748,2000000,2.74603262297725,-0.443181450942465,0
-1,1,1,25,3.25,"Above the bound",0.5,120,"10y","Nominal",2.36281677352677,2.36866214863355,-0.584537510677752,0.0138489991482477,2000000,2.36281677352677,-0.584537510677752,0
0,1,1,26,4.5,"Above the bound",0.5,120,"10y","Nominal",2.89580545329361,2.8996337637337,-0.382831044009002,0.0107112316731579,2000000,2.89580545329361,-0.382831044008958,-4.44089209850063e-14
1,1,1,27,5.75,"Above the bound",0.5,120,"10y","Nominal",3.44939332686433,3.45186344377741,-0.247011691308385,0.00829801460038446,2000000,3.44939332686433,-0.247011691308296,-8.88178419700125e-14
